{"n_front_dense_FE": 2, "n_front_dense_PE": 2, "n_front_dense_RxDec": 2, "state_width": 4, "n_epochs": 100, "n_additional_epochs": 10, "CFO_coef": 1, "SNR": 1, "J_list": [2.771970272064209, 2.766525983810425, 2.749673366546631, 2.7247226238250732, 2.6368777751922607, 2.7084922790527344, 2.694612979888916, 2.5216422080993652, 2.6187853813171387, 2.4879486560821533, 2.382607936859131, 2.3818955421447754, 2.3056747913360596, 2.3784923553466797, 2.174755334854126, 2.0289974212646484, 2.068877696990967, 2.079599380493164, 1.7747905254364014, 2.367223024368286, 1.89652419090271, 1.532505989074707, 1.4779516458511353, 1.507857322692871, 1.5462110042572021, 1.3376483917236328, 1.4626474380493164, 2.437941074371338, 1.2803369760513306, 1.3454010486602783, 1.038098692893982, 1.4713367223739624, 1.3888530731201172, 1.1811368465423584, 1.21046781539917, 1.3157689571380615, 1.73678719997406, 0.9836624264717102, 1.0219895839691162, 0.9586344957351685, 1.009212851524353, 0.9007192850112915, 0.9804622530937195, 1.4324430227279663, 0.9223731160163879, 0.8724483251571655, 0.8794748187065125, 0.8634225130081177, 0.6661919355392456, 1.1533607244491577, 0.7283326387405396, 0.8637258410453796, 0.7662960290908813, 1.0534895658493042, 1.0346441268920898, 2.6000661849975586, 0.6617433428764343, 1.0208269357681274, 0.6132100820541382, 0.9241265058517456, 1.2273924350738525, 0.7278530597686768, 0.8481384515762329, 0.6701361536979675, 1.0472862720489502, 0.723782479763031, 0.5734156370162964, 0.6150394678115845, 0.4292564392089844, 0.8089221715927124, 0.42413514852523804, 0.5051630139350891, 0.36925238370895386, 0.35345757007598877, 0.5069142580032349, 0.23025159537792206, 0.2450019121170044, 0.36208516359329224, 0.5507944822311401, 0.24221721291542053, 0.2985503077507019, 0.23417942225933075, 0.3706923723220825, 0.155898779630661, 0.45056819915771484, 0.2342206984758377, 0.296562135219574, 0.43098586797714233, 0.26022687554359436, 0.1335887610912323, 0.3636642396450043, 0.23397085070610046, 0.21678218245506287, 1.5230660438537598, 0.4009847044944763, 0.4985494613647461, 0.48104286193847656, 0.5333610773086548, 1.5924307107925415, 0.5124881863594055, 0.35090941190719604, 0.17706942558288574, 0.27587956190109253, 0.160617396235466, 0.15336290001869202, 0.12336983531713486, 0.13217760622501373, 0.13294589519500732, 0.1399625539779663, 0.16408967971801758], "time_taken": 680.3225228786469, "bit_accuracy": 0.8487500000000001}