{"n_front_dense_FE": 2, "n_front_dense_PE": 2, "n_front_dense_RxDec": 2, "state_width": 8, "n_epochs": 100, "n_additional_epochs": 10, "CFO_coef": 1, "SNR": 5, "J_list": [2.7725791931152344, 2.8028080463409424, 2.7666726112365723, 2.7875711917877197, 2.7658724784851074, 2.7764720916748047, 2.7460849285125732, 2.705712080001831, 2.6598968505859375, 2.620177745819092, 2.602145195007324, 2.3500638008117676, 2.392113208770752, 2.296750545501709, 2.2424280643463135, 2.118997573852539, 1.9256112575531006, 1.806438684463501, 1.703169584274292, 2.2287399768829346, 2.5224697589874268, 1.6549232006072998, 1.7081197500228882, 1.9261289834976196, 1.5676273107528687, 1.4012479782104492, 1.541786789894104, 1.689077377319336, 1.4527299404144287, 1.3247768878936768, 1.5580260753631592, 1.9513823986053467, 1.4465992450714111, 1.1594501733779907, 1.5690081119537354, 1.2700345516204834, 1.1324760913848877, 1.9112224578857422, 1.108431100845337, 1.3187787532806396, 1.2525298595428467, 1.0186330080032349, 1.8925361633300781, 1.1210553646087646, 0.9143688082695007, 0.8989419937133789, 0.8897781372070312, 0.7226201891899109, 0.7728358507156372, 0.7031480073928833, 0.6918584704399109, 0.6138244867324829, 0.5731454491615295, 0.7880827188491821, 0.7750004529953003, 0.5564127564430237, 0.3348172605037689, 0.3799739480018616, 0.30808225274086, 0.2903004288673401, 0.24139586091041565, 0.3197660744190216, 0.201384037733078, 0.18820884823799133, 0.2033197581768036, 0.2521497309207916, 0.1918836086988449, 0.4112073481082916, 2.2952098846435547, 1.7083475589752197, 1.1428897380828857, 1.185201644897461, 1.7091739177703857, 0.5171716213226318, 0.688672661781311, 2.359987735748291, 1.2461612224578857, 1.251784086227417, 2.47416353225708, 0.9439164996147156, 1.4104044437408447, 0.8758203387260437, 1.2042948007583618, 1.9679161310195923, 0.8194721341133118, 1.0159943103790283, 1.1959149837493896, 2.5889947414398193, 1.1380723714828491, 1.4561283588409424, 1.3057925701141357, 1.1591362953186035, 1.6789642572402954, 1.0465493202209473, 0.98370361328125, 1.3039522171020508, 1.4628982543945312, 0.8548957109451294, 0.9703056216239929, 0.8409655690193176, 1.2978284358978271, 0.7583835124969482, 0.6850737929344177, 0.7586485743522644, 0.7344017028808594, 0.5591384172439575, 0.5705139636993408, 0.6241891980171204, 0.6151859164237976, 0.4954288899898529], "time_taken": 787.9557430744171, "bit_accuracy": 0.8490624999999999}