{"n_front_dense_FE": 2, "n_front_dense_PE": 2, "n_front_dense_RxDec": 2, "state_width": 8, "n_epochs": 100, "n_additional_epochs": 10, "CFO_coef": 1, "SNR": 4, "J_list": [2.772731304168701, 2.7738640308380127, 2.7800827026367188, 2.7718558311462402, 2.763533592224121, 2.7517411708831787, 2.760197401046753, 2.662637233734131, 2.5704939365386963, 2.5108699798583984, 2.375176191329956, 2.9144277572631836, 2.4499237537384033, 2.2395057678222656, 2.7915687561035156, 2.499317169189453, 2.665236711502075, 2.4090747833251953, 2.1908533573150635, 2.2212412357330322, 2.0574514865875244, 2.237947702407837, 1.8535797595977783, 2.16695237159729, 1.8822386264801025, 1.7994654178619385, 1.8647842407226562, 1.8043721914291382, 1.7330058813095093, 2.1236495971679688, 1.5539634227752686, 1.5680185556411743, 1.4831581115722656, 1.3200562000274658, 1.5803431272506714, 1.28401780128479, 1.3149116039276123, 1.2166547775268555, 1.2369744777679443, 1.345457673072815, 1.1618244647979736, 1.5064841508865356, 1.1011078357696533, 1.2750452756881714, 1.162846565246582, 0.9990361928939819, 0.7695748209953308, 0.8164687156677246, 0.8675740957260132, 0.7960016131401062, 1.6268775463104248, 0.9671854972839355, 0.6842001676559448, 0.7779646515846252, 0.9353215098381042, 0.6962233781814575, 0.8538432121276855, 1.0737428665161133, 1.1719831228256226, 1.0262424945831299, 1.227935552597046, 0.9179693460464478, 0.4345431327819824, 1.841009497642517, 0.4920872151851654, 0.502902626991272, 1.2371294498443604, 0.47419261932373047, 1.1392825841903687, 0.6520648002624512, 0.4496045708656311, 0.5179668664932251, 0.4723709523677826, 1.11515212059021, 0.44897404313087463, 0.3896644711494446, 0.4600488543510437, 0.469698429107666, 0.35098797082901, 1.5506623983383179, 0.5296642184257507, 0.9471146464347839, 0.5811201930046082, 0.32397252321243286, 0.9601882696151733, 0.6343516111373901, 0.5278257131576538, 0.4985119700431824, 0.36196446418762207, 0.3961102366447449, 0.3843817710876465, 0.22986650466918945, 0.23056645691394806, 0.4637881815433502, 0.3022603988647461, 0.166754812002182, 0.22919268906116486, 0.3109820485115051, 0.186020165681839, 0.19013503193855286, 0.31074243783950806, 0.11655537784099579, 0.1296057403087616, 0.4361329674720764, 0.09078148752450943, 1.015960693359375, 0.2351676970720291, 0.13626842200756073, 0.22142863273620605, 0.27631762623786926], "time_taken": 750.2157490253448, "bit_accuracy": 0.9528125}