{"n_front_dense_FE": 2, "n_front_dense_PE": 2, "n_front_dense_RxDec": 2, "state_width": 0, "n_epochs": 100, "n_additional_epochs": 10, "CFO_coef": 1, "SNR": 10, "J_list": [2.7725894451141357, 2.7727227210998535, 2.7722041606903076, 2.772709369659424, 2.7766776084899902, 2.774061918258667, 2.7723841667175293, 2.7726733684539795, 2.773937463760376, 2.7737345695495605, 2.7718653678894043, 2.771712064743042, 2.7752346992492676, 2.7725138664245605, 2.7730190753936768, 2.77331280708313, 2.7724411487579346, 2.7732629776000977, 2.7717862129211426, 2.772972822189331, 2.7745420932769775, 2.773873805999756, 2.772193431854248, 2.774789333343506, 2.7746453285217285, 2.773747682571411, 2.772397041320801, 2.773298740386963, 2.7753026485443115, 2.7726240158081055, 2.7724130153656006, 2.773059844970703, 2.7731857299804688, 2.7726190090179443, 2.7725422382354736, 2.7728075981140137, 2.7724385261535645, 2.77264404296875, 2.773534059524536, 2.7721259593963623, 2.7724642753601074, 2.773432970046997, 2.7746989727020264, 2.7740542888641357, 2.7739474773406982, 2.773374557495117, 2.7728302478790283, 2.7718429565429688, 2.7738375663757324, 2.771740436553955, 2.772663116455078, 2.77237868309021, 2.772996425628662, 2.7727279663085938, 2.773451328277588, 2.7721612453460693, 2.773359775543213, 2.772496461868286, 2.7729973793029785, 2.7717463970184326, 2.775381088256836, 2.7711262702941895, 2.771592378616333, 2.7752583026885986, 2.7712275981903076, 2.7721691131591797, 2.7703027725219727, 2.774182081222534, 2.7731242179870605, 2.771432399749756, 2.7720417976379395, 2.772923231124878, 2.7735729217529297, 2.7711715698242188, 2.7766661643981934, 2.769047260284424, 2.774545669555664, 2.7746520042419434, 2.7728145122528076, 2.7709298133850098, 2.7752299308776855, 2.7762742042541504, 2.7708325386047363, 2.774552583694458, 2.772490978240967, 2.774887800216675, 2.7684712409973145, 2.7751967906951904, 2.7707788944244385, 2.771261692047119, 2.7755990028381348, 2.774515151977539, 2.773092269897461, 2.7748398780822754, 2.7756965160369873, 2.7752127647399902, 2.7716212272644043, 2.775972366333008, 2.774712562561035, 2.7763850688934326, 2.7728590965270996, 2.7745118141174316, 2.7734012603759766, 2.7746853828430176, 2.774733781814575, 2.7739362716674805, 2.7720396518707275, 2.775529623031616, 2.769102096557617, 2.7709555625915527], "time_taken": 648.832132101059, "bit_accuracy": 0.058750000000000004}