{"n_front_dense_FE": 2, "n_front_dense_PE": 2, "n_front_dense_RxDec": 2, "state_width": 5, "n_epochs": 100, "n_additional_epochs": 10, "CFO_coef": 1, "SNR": 3, "J_list": [2.7731997966766357, 2.7847237586975098, 2.7773563861846924, 2.772322654724121, 2.758801221847534, 2.7500717639923096, 2.756077289581299, 2.7733960151672363, 2.69938588142395, 2.5763838291168213, 2.560767412185669, 2.3721282482147217, 2.327571153640747, 2.6707568168640137, 2.220792531967163, 2.3613476753234863, 2.7340149879455566, 2.43955135345459, 2.4568800926208496, 2.4843857288360596, 2.607292890548706, 2.2740588188171387, 2.2405569553375244, 2.492452621459961, 2.0621225833892822, 1.9782406091690063, 1.8140952587127686, 1.7604341506958008, 1.596731424331665, 1.5431867837905884, 1.4261150360107422, 1.3070003986358643, 1.2971159219741821, 2.540681838989258, 1.4070680141448975, 1.433809518814087, 1.4633967876434326, 1.2791391611099243, 1.4602715969085693, 0.985884964466095, 1.0021133422851562, 1.2652614116668701, 2.74299955368042, 1.1265379190444946, 1.0339161157608032, 1.4025819301605225, 0.77932208776474, 1.1744601726531982, 0.9491195678710938, 1.6460338830947876, 0.8837885856628418, 1.1902145147323608, 1.37137770652771, 0.6440178155899048, 0.5945889353752136, 0.6235066056251526, 0.6933892965316772, 0.7481539249420166, 0.5757042765617371, 0.5690059661865234, 0.44633373618125916, 0.39750906825065613, 0.2874618172645569, 0.4358395040035248, 0.27517369389533997, 0.8641694784164429, 0.23206496238708496, 0.1765320748090744, 0.1667703092098236, 0.3703683018684387, 0.16284891963005066, 0.1657421737909317, 0.25152134895324707, 0.09361384809017181, 0.17617258429527283, 0.05854455381631851, 0.6209582686424255, 0.14722898602485657, 0.10954364389181137, 0.123713418841362, 0.17677848041057587, 0.23116998374462128, 1.7216380834579468, 0.33992961049079895, 1.4464828968048096, 0.38227608799934387, 0.3721722662448883, 0.5578161478042603, 1.4099568128585815, 0.5562542676925659, 0.7040187120437622, 0.5808770060539246, 0.4036193788051605, 0.38876667618751526, 0.6375488042831421, 0.5316882133483887, 0.36149975657463074, 0.28866252303123474, 0.6229814291000366, 0.852242112159729, 0.29953497648239136, 0.16824683547019958, 0.23605374991893768, 0.18738293647766113, 0.23301167786121368, 0.17346926033496857, 0.17507629096508026, 0.09956307709217072, 0.20487460494041443, 0.7811025381088257], "time_taken": 1030.3796095848083, "bit_accuracy": 0.9237499999999998}