{"n_front_dense_FE": 2, "n_front_dense_PE": 2, "n_front_dense_RxDec": 2, "state_width": 3, "n_epochs": 100, "n_additional_epochs": 10, "CFO_coef": 1, "SNR": 5, "J_list": [2.7727138996124268, 2.7941131591796875, 2.785221815109253, 2.7839443683624268, 2.767549514770508, 2.7623348236083984, 2.745181083679199, 2.704254627227783, 2.6379752159118652, 2.7119357585906982, 2.541452407836914, 2.3912994861602783, 2.408989429473877, 2.239154815673828, 2.2339706420898438, 2.3576595783233643, 2.2003066539764404, 2.1032402515411377, 2.940915822982788, 2.7561562061309814, 2.2783894538879395, 2.156158447265625, 2.5224215984344482, 2.4411511421203613, 2.1960577964782715, 2.081688165664673, 2.0943124294281006, 1.9984067678451538, 2.058974027633667, 1.910082221031189, 1.8375093936920166, 2.2022128105163574, 1.6951786279678345, 1.610446572303772, 1.696255087852478, 1.5646415948867798, 1.4350112676620483, 1.3725931644439697, 2.2657108306884766, 1.2578843832015991, 1.3838484287261963, 1.1660270690917969, 1.0833019018173218, 1.086165189743042, 0.9442111849784851, 1.2084537744522095, 0.935032844543457, 0.8940441012382507, 0.9989566802978516, 0.7859808206558228, 0.7378052473068237, 0.8156363368034363, 0.9956140518188477, 0.7017683982849121, 0.7767096757888794, 1.0946305990219116, 0.9090642929077148, 0.8260654211044312, 1.4320343732833862, 0.6757673025131226, 0.686143696308136, 0.7137893438339233, 0.8227513432502747, 1.6320111751556396, 0.8635811805725098, 1.0476738214492798, 1.4839410781860352, 0.8318381309509277, 0.7186306715011597, 0.7411202192306519, 1.0902583599090576, 0.9035927653312683, 0.805774986743927, 0.7151420712471008, 0.8867260217666626, 0.6716246604919434, 0.5647498965263367, 0.725744366645813, 1.5367778539657593, 0.6510506868362427, 0.796028196811676, 0.7883654832839966, 0.5916221141815186, 0.6236838102340698, 1.7622413635253906, 0.611989438533783, 0.6993666887283325, 0.5515715479850769, 0.5214276313781738, 0.6228615045547485, 1.456312656402588, 0.6644762754440308, 0.6631895303726196, 0.5383222699165344, 0.5716073513031006, 0.5060002207756042, 0.46847063302993774, 0.488412082195282, 0.9705527424812317, 0.4887613356113434, 0.5260356068611145, 0.38589221239089966, 0.3038773536682129, 0.30469855666160583, 0.3465392291545868, 0.28154245018959045, 1.0315382480621338, 0.2968311309814453, 0.28296875953674316, 0.2709207236766815], "time_taken": 1065.969861984253, "bit_accuracy": 0.859375}