{"n_front_dense_FE": 2, "n_front_dense_PE": 2, "n_front_dense_RxDec": 2, "state_width": 8, "n_epochs": 100, "n_additional_epochs": 10, "CFO_coef": 1, "SNR": 10, "J_list": [2.772233009338379, 2.786921501159668, 2.7656397819519043, 2.800909996032715, 2.7627079486846924, 2.7663450241088867, 2.7585177421569824, 2.7691702842712402, 2.7457141876220703, 2.7428646087646484, 2.6862070560455322, 2.6204299926757812, 2.6155846118927, 2.5756893157958984, 2.428508758544922, 2.3941903114318848, 2.363008975982666, 2.3241801261901855, 2.2305099964141846, 2.252375364303589, 1.9510822296142578, 2.1276724338531494, 2.449596881866455, 1.847914457321167, 1.7635234594345093, 1.6660665273666382, 1.6324708461761475, 1.4731972217559814, 1.3545464277267456, 1.6618626117706299, 1.4472240209579468, 1.3015692234039307, 1.6951481103897095, 1.1085140705108643, 1.502916932106018, 1.1347429752349854, 1.612439751625061, 1.0134910345077515, 1.1025457382202148, 1.175144910812378, 1.1741936206817627, 0.9722623825073242, 1.1118366718292236, 1.1044418811798096, 0.8671964406967163, 1.185762643814087, 1.3482898473739624, 0.8299430012702942, 0.8074920773506165, 0.8827848434448242, 0.8087655901908875, 0.7736754417419434, 0.6181045770645142, 0.7257422208786011, 0.5746133923530579, 0.517652153968811, 1.1967138051986694, 0.5012987852096558, 0.4348691999912262, 1.2588965892791748, 1.301291823387146, 0.522136926651001, 0.46925991773605347, 0.4476974606513977, 0.6267797350883484, 0.3987136483192444, 0.30964159965515137, 0.6799740791320801, 0.48101258277893066, 0.3874485492706299, 0.39805859327316284, 0.7722069621086121, 1.2017199993133545, 0.4904690384864807, 0.5371837019920349, 0.9164973497390747, 0.32668787240982056, 0.5604875683784485, 0.7123333215713501, 0.4054064154624939, 2.592434883117676, 1.1119887828826904, 1.1509497165679932, 0.6302458643913269, 1.101456642150879, 0.7194708585739136, 0.6704670190811157, 0.5947127342224121, 0.5271117091178894, 0.7613552808761597, 0.7394332885742188, 1.2944176197052002, 0.5768416523933411, 1.4843263626098633, 0.6178809404373169, 0.6876496076583862, 0.5337096452713013, 0.6058119535446167, 0.45194634795188904, 1.0202895402908325, 0.5167104005813599, 0.28578025102615356, 0.2778518795967102, 0.3919279873371124, 0.40204089879989624, 0.26769381761550903, 0.20341181755065918, 0.21085524559020996, 0.1914682388305664, 0.1858855038881302], "time_taken": 834.2483417987823, "bit_accuracy": 0.9390625}