{"n_front_dense_FE": 2, "n_front_dense_PE": 2, "n_front_dense_RxDec": 2, "state_width": 1, "n_epochs": 100, "n_additional_epochs": 10, "CFO_coef": 1, "SNR": 6, "J_list": [2.7728004455566406, 2.775560140609741, 2.8063251972198486, 2.7746779918670654, 2.7723233699798584, 2.757932186126709, 2.758659601211548, 2.7320926189422607, 2.699995756149292, 2.7491214275360107, 2.6273694038391113, 2.719825029373169, 2.600996494293213, 2.506850242614746, 2.3927407264709473, 2.401515007019043, 2.3802859783172607, 2.410520076751709, 2.3022847175598145, 2.313786745071411, 2.1737899780273438, 2.197840929031372, 2.1971025466918945, 2.0670785903930664, 2.2674367427825928, 2.074227809906006, 2.0126078128814697, 2.0038700103759766, 1.9200656414031982, 1.9812572002410889, 1.8659827709197998, 1.9603325128555298, 1.9697259664535522, 1.8294410705566406, 1.8498976230621338, 1.8078620433807373, 1.820257544517517, 1.6935104131698608, 1.6258045434951782, 1.712612509727478, 2.10917067527771, 2.0520179271698, 1.78106689453125, 1.8070099353790283, 1.7840499877929688, 1.8032341003417969, 1.9158893823623657, 1.7780765295028687, 1.7618751525878906, 1.679525375366211, 1.7068359851837158, 1.6659246683120728, 1.6738351583480835, 1.9404230117797852, 1.6296533346176147, 1.5789000988006592, 1.8882591724395752, 1.6864254474639893, 1.5760447978973389, 1.504875898361206, 1.5253818035125732, 1.509570598602295, 1.6005586385726929, 1.5102204084396362, 1.5382599830627441, 1.6287250518798828, 1.4726767539978027, 1.446056604385376, 1.3821197748184204, 1.7011401653289795, 1.5232003927230835, 1.3967440128326416, 1.489142894744873, 1.4933667182922363, 1.6031455993652344, 1.4821979999542236, 1.421387791633606, 1.3388235569000244, 1.4433708190917969, 1.307127833366394, 1.3439439535140991, 1.2767404317855835, 1.7535209655761719, 1.2786128520965576, 1.2907459735870361, 1.4205557107925415, 1.365971326828003, 1.3392057418823242, 1.3072644472122192, 1.250870943069458, 1.6282647848129272, 1.9334533214569092, 1.3492904901504517, 1.188603162765503, 1.3985235691070557, 1.3790967464447021, 1.29108464717865, 1.748345136642456, 1.3809497356414795, 1.8765636682510376, 1.2560651302337646, 1.1850452423095703, 1.2574212551116943, 1.0766589641571045, 1.110008716583252, 1.0128368139266968, 1.0319818258285522, 1.356338620185852, 0.9587804675102234, 1.3350551128387451], "time_taken": 654.5760245323181, "bit_accuracy": 0.5753125}