{"n_front_dense_FE": 2, "n_front_dense_PE": 2, "n_front_dense_RxDec": 2, "state_width": 7, "n_epochs": 100, "n_additional_epochs": 10, "CFO_coef": 1, "SNR": 1, "J_list": [2.7725510597229004, 2.771003246307373, 2.7969987392425537, 2.772279977798462, 2.7706363201141357, 2.760164737701416, 2.75221848487854, 2.732609272003174, 2.6562790870666504, 2.6150407791137695, 2.8123080730438232, 2.6553077697753906, 2.686084508895874, 2.4160943031311035, 2.3531336784362793, 2.1385209560394287, 1.904049277305603, 1.7978951930999756, 1.9944744110107422, 1.9243850708007812, 1.676698088645935, 1.5647138357162476, 1.441892147064209, 1.2070438861846924, 1.4424655437469482, 1.368505835533142, 1.265202522277832, 1.0840412378311157, 1.4738080501556396, 1.2710707187652588, 1.3875465393066406, 1.1315009593963623, 1.566378116607666, 1.1230095624923706, 1.0706051588058472, 0.9223767518997192, 1.384495735168457, 0.8783159255981445, 0.8715448379516602, 1.1928943395614624, 0.7632233500480652, 0.5924302339553833, 1.991483449935913, 3.5475716590881348, 0.9934388995170593, 1.0488777160644531, 1.1014724969863892, 1.0367300510406494, 0.9126364588737488, 0.855736255645752, 0.9440721273422241, 1.0047228336334229, 1.6973018646240234, 0.74419766664505, 0.8003934025764465, 0.7084512114524841, 0.7580456733703613, 0.8222272992134094, 0.6266738176345825, 0.7857974767684937, 0.5711808204650879, 0.533155083656311, 0.4764799177646637, 0.39175334572792053, 0.3633202612400055, 0.5211988091468811, 0.3767562806606293, 0.3047265112400055, 0.30982479453086853, 0.2323686182498932, 0.28374141454696655, 0.18241719901561737, 0.46194982528686523, 0.2555757761001587, 0.13920912146568298, 0.16030505299568176, 0.14012758433818817, 0.14177671074867249, 0.12452354282140732, 0.6118844151496887, 0.10783712565898895, 0.3442858159542084, 0.30723926424980164, 1.0638922452926636, 0.6091550588607788, 0.4688589572906494, 0.3235336244106293, 0.30078405141830444, 0.8262730836868286, 0.9317867159843445, 0.443574994802475, 0.37237781286239624, 0.646931529045105, 0.42874956130981445, 0.645596981048584, 0.34715548157691956, 0.44333022832870483, 0.32543787360191345, 0.4491347372531891, 2.7429592609405518, 0.4139316976070404, 0.615949273109436, 1.6874936819076538, 0.16758780181407928, 0.14258475601673126, 1.4855600595474243, 0.4926546514034271, 0.2536916732788086, 0.24090611934661865, 0.1999349594116211], "time_taken": 867.5721719264984, "bit_accuracy": 0.9359375}