{"n_front_dense_FE": 2, "n_front_dense_PE": 2, "n_front_dense_RxDec": 2, "state_width": 4, "n_epochs": 100, "n_additional_epochs": 10, "CFO_coef": 1, "SNR": 4, "J_list": [2.7723820209503174, 2.7712771892547607, 2.78143572807312, 2.771028518676758, 2.762484550476074, 2.7634150981903076, 2.7360987663269043, 2.733536720275879, 2.845327615737915, 2.7552719116210938, 2.726454257965088, 2.693925380706787, 2.642246723175049, 2.573390483856201, 2.4972457885742188, 2.4311420917510986, 2.3187031745910645, 2.784808874130249, 2.517526865005493, 2.250361919403076, 2.286722421646118, 2.668034315109253, 2.211343765258789, 2.2659690380096436, 2.1769938468933105, 2.137298107147217, 2.1963601112365723, 2.001591444015503, 1.9461555480957031, 1.828992486000061, 2.0608761310577393, 1.6705951690673828, 1.9886096715927124, 2.0557491779327393, 1.5258760452270508, 2.735154390335083, 1.340155839920044, 1.510425329208374, 1.735232949256897, 1.2817078828811646, 1.5326980352401733, 1.2969343662261963, 1.126341700553894, 1.1187986135482788, 0.9821081161499023, 1.1830804347991943, 1.0627368688583374, 1.0799071788787842, 0.8804659843444824, 0.883632481098175, 0.8542606234550476, 0.8736860156059265, 0.9156689643859863, 0.6579709053039551, 0.6122020483016968, 1.1795787811279297, 0.5596123933792114, 0.5652549266815186, 0.48237866163253784, 0.5757309794425964, 0.7381852269172668, 0.47252482175827026, 1.325212001800537, 0.4614109992980957, 0.4538397789001465, 0.5135495662689209, 0.3521599769592285, 0.2781856656074524, 0.2871997356414795, 0.4820505976676941, 0.4741904139518738, 0.24169345200061798, 0.2898554801940918, 0.8549938201904297, 0.283672034740448, 0.5808272957801819, 0.4611474573612213, 2.1258864402770996, 0.504552960395813, 0.47295767068862915, 0.7680085897445679, 0.6254183053970337, 0.5573444366455078, 0.6104796528816223, 0.4153881072998047, 0.5580781698226929, 0.5190156698226929, 0.7012189626693726, 0.340017169713974, 0.38366031646728516, 0.5422096252441406, 0.2508549690246582, 0.2086099088191986, 0.2810482680797577, 0.4515851140022278, 0.4518486559391022, 0.18830734491348267, 0.6364170908927917, 0.2928023934364319, 0.5188719034194946, 0.16180725395679474, 0.24328693747520447, 0.14194563031196594, 0.08278389275074005, 0.09328751266002655, 0.0657944306731224, 2.6942858695983887, 0.04888473078608513, 0.0674286037683487, 0.11890847980976105], "time_taken": 700.0261862277985, "bit_accuracy": 0.9225000000000001}