{"n_front_dense_FE": 2, "n_front_dense_PE": 2, "n_front_dense_RxDec": 2, "state_width": 2, "n_epochs": 100, "n_additional_epochs": 10, "CFO_coef": 1, "SNR": 10, "J_list": [2.772700071334839, 2.786804676055908, 2.7780025005340576, 2.7755966186523438, 2.772740125656128, 2.7798988819122314, 2.7721753120422363, 2.7645437717437744, 2.709738254547119, 2.805988073348999, 2.7420647144317627, 2.691929578781128, 2.7165493965148926, 2.607515335083008, 2.5034594535827637, 2.7497901916503906, 2.277897596359253, 2.228715419769287, 2.0326709747314453, 2.0889713764190674, 1.7681381702423096, 1.8663409948349, 1.8712120056152344, 2.492177963256836, 1.5625951290130615, 1.7325153350830078, 1.6449695825576782, 1.6968961954116821, 1.4809523820877075, 1.6688553094863892, 1.3864070177078247, 1.530510425567627, 1.6233294010162354, 1.7693455219268799, 1.457918405532837, 1.326760172843933, 1.218719244003296, 1.6675255298614502, 1.263362169265747, 1.262310266494751, 1.1018669605255127, 1.2553600072860718, 1.0382121801376343, 1.1483323574066162, 0.9192513227462769, 0.9194620251655579, 0.8352518081665039, 0.7833037972450256, 1.3644483089447021, 0.6536542177200317, 1.4342098236083984, 0.9519138336181641, 1.0310165882110596, 0.811248779296875, 0.5365043878555298, 0.9395502209663391, 1.6955934762954712, 1.0095205307006836, 0.9140121340751648, 0.7156304717063904, 0.6015926003456116, 0.8159952163696289, 0.6054887771606445, 0.7238460779190063, 1.5096403360366821, 2.1028451919555664, 0.8068332672119141, 0.7458613514900208, 0.7386059165000916, 0.5165966749191284, 0.7023258209228516, 0.6602815985679626, 0.6265655755996704, 0.5545097589492798, 0.6290952563285828, 0.4776829779148102, 0.4758145213127136, 0.5213080048561096, 1.3150465488433838, 0.4742652475833893, 0.49289780855178833, 0.48992496728897095, 0.5029206275939941, 0.9101152420043945, 0.3353723883628845, 0.5449835062026978, 0.39248913526535034, 0.44741663336753845, 0.4009246230125427, 1.2804577350616455, 0.3546600937843323, 0.3776496648788452, 0.4290817379951477, 0.46570998430252075, 1.5911283493041992, 0.3958493173122406, 0.5084505677223206, 0.3924656808376312, 0.622681736946106, 0.5948182344436646, 0.4414327144622803, 0.27678680419921875, 0.17141881585121155, 0.219931960105896, 0.500577449798584, 0.14599618315696716, 0.15634271502494812, 0.1699247509241104, 0.120780348777771, 0.19637875258922577], "time_taken": 681.3463754653931, "bit_accuracy": 0.86875}