{"n_front_dense_FE": 2, "n_front_dense_PE": 2, "n_front_dense_RxDec": 2, "state_width": 2, "n_epochs": 100, "n_additional_epochs": 10, "CFO_coef": 1, "SNR": 3, "J_list": [2.772785186767578, 2.7707841396331787, 2.7789313793182373, 2.7787792682647705, 2.773987293243408, 2.763540744781494, 2.779284715652466, 2.7449607849121094, 2.7164218425750732, 2.6657631397247314, 2.5901572704315186, 2.5185086727142334, 2.3292922973632812, 2.1884500980377197, 2.1321754455566406, 1.9503390789031982, 1.8231662511825562, 1.7352215051651, 1.6393063068389893, 1.4237223863601685, 1.8619029521942139, 1.6820688247680664, 1.5141675472259521, 1.2425932884216309, 1.334834098815918, 4.574355125427246, 1.9654203653335571, 2.5841057300567627, 3.061213970184326, 2.0115325450897217, 2.1801490783691406, 1.8289940357208252, 1.7846345901489258, 1.6844638586044312, 1.8531215190887451, 1.690352201461792, 1.6391404867172241, 1.7136437892913818, 1.612990140914917, 1.662204384803772, 2.193026065826416, 1.5118118524551392, 1.588302493095398, 1.4547042846679688, 1.3329845666885376, 1.2960542440414429, 1.281806468963623, 1.3962243795394897, 1.232940912246704, 1.0972378253936768, 1.0082811117172241, 1.3971840143203735, 0.9614679217338562, 1.0110985040664673, 0.8483803868293762, 0.8437336087226868, 0.9008427858352661, 1.4434664249420166, 1.2331328392028809, 0.9111909866333008, 0.942416787147522, 0.9136514663696289, 0.8090537786483765, 0.8293228149414062, 0.8925708532333374, 0.8173357844352722, 0.747499406337738, 1.0569556951522827, 0.6301692724227905, 0.7653363347053528, 2.4309401512145996, 0.6731359958648682, 1.5484442710876465, 0.7673595547676086, 0.8066662549972534, 0.8250654339790344, 0.8604377508163452, 0.8885151147842407, 0.8645533323287964, 0.9373503923416138, 0.6694648861885071, 1.4456236362457275, 0.563103199005127, 0.6686881184577942, 1.22312331199646, 0.6270542144775391, 0.6423397064208984, 0.5450876355171204, 0.5564469695091248, 0.7252792119979858, 0.5684133172035217, 1.455800175666809, 0.4697619378566742, 0.6886686086654663, 0.6552920341491699, 0.4947769045829773, 0.44187211990356445, 0.6447163820266724, 0.5893073081970215, 0.4465436041355133, 0.4815083146095276, 0.3667256832122803, 0.3558632731437683, 0.5471101999282837, 0.3438737392425537, 0.414803683757782, 0.3425982892513275, 0.29530754685401917, 0.27091461420059204, 0.24484166502952576], "time_taken": 661.5655524730682, "bit_accuracy": 0.9396875000000001}