{"n_front_dense_FE": 2, "n_front_dense_PE": 2, "n_front_dense_RxDec": 2, "state_width": 7, "n_epochs": 100, "n_additional_epochs": 10, "CFO_coef": 1, "SNR": 2, "J_list": [2.7726218700408936, 2.789660930633545, 2.774803638458252, 2.791830062866211, 2.7744202613830566, 2.762432336807251, 2.7554519176483154, 2.722531318664551, 2.6581249237060547, 2.7693610191345215, 2.6024951934814453, 2.483680009841919, 2.52445912361145, 2.472015380859375, 2.3598427772521973, 2.4038660526275635, 2.0788798332214355, 2.48773455619812, 2.0866806507110596, 2.084974527359009, 2.1384177207946777, 1.8657585382461548, 1.732767105102539, 1.5946645736694336, 1.4611389636993408, 1.2787673473358154, 1.8723303079605103, 1.0341664552688599, 0.8767121434211731, 0.9660772085189819, 0.9155887365341187, 1.1684383153915405, 1.1268662214279175, 0.7619078755378723, 1.79448664188385, 1.0021660327911377, 1.0247540473937988, 0.8269532918930054, 0.8514337539672852, 0.8964509963989258, 0.8305341601371765, 0.6656298637390137, 0.6395629644393921, 0.49706777930259705, 0.46905517578125, 0.44646939635276794, 0.9749005436897278, 0.4070449471473694, 0.39131662249565125, 0.4520411491394043, 0.653184175491333, 0.3949595093727112, 0.5083317160606384, 0.24716134369373322, 1.683584213256836, 0.30350667238235474, 0.34679168462753296, 0.5843881368637085, 0.30626195669174194, 0.4219648241996765, 1.1204900741577148, 0.4011051058769226, 0.569013774394989, 0.3583948314189911, 0.4093216061592102, 0.25661835074424744, 0.2142266482114792, 2.348771333694458, 0.306796133518219, 0.440436452627182, 0.612364649772644, 0.5402914881706238, 0.48042240738868713, 0.4705900549888611, 0.5182188749313354, 0.8494766354560852, 0.25900521874427795, 0.3364369869232178, 0.5958513021469116, 1.30227792263031, 0.25699177384376526, 0.26357585191726685, 0.44107675552368164, 1.1806977987289429, 0.4055773615837097, 0.31161707639694214, 1.1632252931594849, 0.401989609003067, 0.2945975363254547, 0.3596533238887787, 0.3124235272407532, 0.4068163335323334, 0.18376119434833527, 0.16027751564979553, 0.34523439407348633, 0.17804959416389465, 0.1959584653377533, 0.21035151183605194, 0.2628721296787262, 0.12011142075061798, 0.11932311952114105, 0.13515038788318634, 0.16205301880836487, 0.09542699158191681, 0.1876608431339264, 0.08888835459947586, 0.08551305532455444, 0.1171337366104126, 0.09168136864900589, 0.08569139987230301], "time_taken": 880.1069457530975, "bit_accuracy": 0.9290625}