{"n_front_dense_FE": 2, "n_front_dense_PE": 2, "n_front_dense_RxDec": 2, "state_width": 7, "n_epochs": 100, "n_additional_epochs": 10, "CFO_coef": 1, "SNR": 6, "J_list": [2.7726924419403076, 2.774257183074951, 2.7785484790802, 2.777228832244873, 2.7672650814056396, 2.784014940261841, 2.7663276195526123, 2.7452449798583984, 2.776271104812622, 2.7289748191833496, 2.7197282314300537, 2.626471519470215, 2.463866710662842, 2.629056453704834, 2.60734224319458, 2.821244716644287, 2.3813793659210205, 2.400608539581299, 2.340054988861084, 2.330667018890381, 2.2651143074035645, 2.258793354034424, 2.072899341583252, 2.0300543308258057, 1.9198119640350342, 1.7917457818984985, 1.8899643421173096, 1.839306116104126, 1.6159824132919312, 2.5758514404296875, 1.6747236251831055, 2.657148838043213, 1.3967363834381104, 1.695310354232788, 1.3102996349334717, 1.438381552696228, 1.717437982559204, 1.3121589422225952, 1.240540862083435, 1.3638496398925781, 0.9896939992904663, 1.094057321548462, 1.0076863765716553, 0.828432559967041, 0.7486826777458191, 0.6210409998893738, 0.6964171528816223, 0.5822531580924988, 0.41939449310302734, 0.5539878606796265, 0.423860639333725, 0.38973698019981384, 0.5632604360580444, 0.7696062922477722, 0.582528293132782, 0.9099298715591431, 0.689366340637207, 0.6296762228012085, 0.41830092668533325, 0.735744833946228, 0.48208150267601013, 0.7049447298049927, 1.1550565958023071, 0.3655795454978943, 1.2984731197357178, 0.6937897801399231, 0.6229602098464966, 1.0503579378128052, 2.7070446014404297, 0.993155837059021, 1.575880765914917, 1.5547335147857666, 1.1552011966705322, 0.8727605938911438, 0.8511093854904175, 1.2133948802947998, 1.1324541568756104, 0.7238589525222778, 0.6601245403289795, 1.5353128910064697, 0.7366110682487488, 0.6725319027900696, 0.6339452862739563, 0.5792348980903625, 0.8464978933334351, 0.4952523112297058, 0.45610255002975464, 0.5732778906822205, 0.329779714345932, 0.38545721769332886, 0.4751395285129547, 0.3673263192176819, 0.33189278841018677, 0.24849209189414978, 0.5602469444274902, 0.24783988296985626, 0.4229269027709961, 0.23060135543346405, 0.20154233276844025, 0.2697981297969818, 0.2203240841627121, 0.17428043484687805, 0.15503962337970734, 0.5528771281242371, 0.12973645329475403, 0.12400466203689575, 0.10003843158483505, 0.12110264599323273, 0.08731991797685623, 0.10369688272476196], "time_taken": 906.1941602230072, "bit_accuracy": 0.8984375}