{"n_front_dense_FE": 2, "n_front_dense_PE": 2, "n_front_dense_RxDec": 2, "state_width": 1, "n_epochs": 100, "n_additional_epochs": 10, "CFO_coef": 1, "SNR": 5, "J_list": [2.7726752758026123, 2.7862095832824707, 2.8133225440979004, 2.7786612510681152, 2.7749860286712646, 2.7848429679870605, 2.7705228328704834, 2.7689976692199707, 2.7643003463745117, 2.764784812927246, 2.750056505203247, 2.7544398307800293, 2.708087205886841, 2.67409086227417, 2.623173236846924, 2.537479877471924, 2.4975950717926025, 2.584559679031372, 2.5096468925476074, 2.40803861618042, 2.320486545562744, 4.5577778816223145, 2.265317916870117, 2.431297779083252, 2.818587303161621, 2.419985294342041, 2.3794524669647217, 2.4660167694091797, 2.355109691619873, 2.352964162826538, 2.297983407974243, 2.4697015285491943, 2.223620891571045, 2.297420024871826, 2.33451771736145, 2.2038609981536865, 2.1823012828826904, 2.1272120475769043, 2.070981740951538, 2.3542566299438477, 2.167966604232788, 2.1144626140594482, 2.0782630443573, 2.1906676292419434, 2.058181047439575, 2.0652682781219482, 1.9859113693237305, 1.9759423732757568, 1.9281905889511108, 1.9988148212432861, 2.1081414222717285, 1.8904759883880615, 1.8862855434417725, 1.8573620319366455, 2.031986951828003, 1.753330945968628, 1.7998262643814087, 1.6810474395751953, 1.6607818603515625, 1.717455267906189, 1.7909619808197021, 1.5645761489868164, 1.6046745777130127, 1.4921292066574097, 1.7857048511505127, 1.5000168085098267, 1.4300856590270996, 1.3892500400543213, 1.585338830947876, 1.3637397289276123, 1.380130410194397, 1.4170507192611694, 1.3124644756317139, 1.3407071828842163, 1.5524159669876099, 1.2475488185882568, 1.6053733825683594, 1.2915939092636108, 1.2741247415542603, 1.4665995836257935, 1.2392804622650146, 1.5259385108947754, 1.2907003164291382, 1.234351396560669, 1.500377893447876, 1.4130531549453735, 1.7719523906707764, 1.511540412902832, 1.655564546585083, 3.0276710987091064, 3.8813838958740234, 2.0655810832977295, 2.0801477432250977, 1.8489654064178467, 1.5996284484863281, 1.4668093919754028, 1.6525779962539673, 1.8338966369628906, 1.626010537147522, 1.5370792150497437, 1.6301276683807373, 2.503795623779297, 1.6117664575576782, 1.5079758167266846, 1.4652427434921265, 1.417855978012085, 1.4080007076263428, 1.4115961790084839, 1.5789871215820312, 1.3325473070144653], "time_taken": 652.7842168807983, "bit_accuracy": 0.41875}