{"n_front_dense_FE": 2, "n_front_dense_PE": 2, "n_front_dense_RxDec": 2, "state_width": 0, "n_epochs": 100, "n_additional_epochs": 10, "CFO_coef": 1, "SNR": 1, "J_list": [2.7725894451141357, 2.7730045318603516, 2.7720108032226562, 2.7738609313964844, 2.7718071937561035, 2.7720932960510254, 2.7728710174560547, 2.769989490509033, 2.772895336151123, 2.7714731693267822, 2.7735016345977783, 2.7733218669891357, 2.7745256423950195, 2.772552967071533, 2.774404525756836, 2.775421142578125, 2.7736997604370117, 2.773616313934326, 2.7729499340057373, 2.7758188247680664, 2.7749621868133545, 2.771810531616211, 2.772007465362549, 2.771543502807617, 2.7740681171417236, 2.7728843688964844, 2.7744739055633545, 2.7707667350769043, 2.774463415145874, 2.77445650100708, 2.7738070487976074, 2.7735633850097656, 2.773824691772461, 2.7726218700408936, 2.773019313812256, 2.7707862854003906, 2.7712607383728027, 2.773000478744507, 2.7724838256835938, 2.7708683013916016, 2.7707488536834717, 2.771768093109131, 2.7752485275268555, 2.7722880840301514, 2.7746975421905518, 2.7750542163848877, 2.769753932952881, 2.773643970489502, 2.769982099533081, 2.7705187797546387, 2.776310920715332, 2.7734856605529785, 2.7733876705169678, 2.771472215652466, 2.7747175693511963, 2.7748847007751465, 2.771347761154175, 2.7719600200653076, 2.7719380855560303, 2.7703728675842285, 2.7715930938720703, 2.77170991897583, 2.777473211288452, 2.7746329307556152, 2.7743563652038574, 2.7708466053009033, 2.77803373336792, 2.777657985687256, 2.7713301181793213, 2.7745254039764404, 2.7707221508026123, 2.7743706703186035, 2.774284839630127, 2.7755026817321777, 2.7720980644226074, 2.770479440689087, 2.7752974033355713, 2.7745532989501953, 2.774221658706665, 2.7720348834991455, 2.7719578742980957, 2.7707042694091797, 2.7745232582092285, 2.7744109630584717, 2.771589994430542, 2.773651361465454, 2.7707111835479736, 2.7703185081481934, 2.7771496772766113, 2.7734038829803467, 2.773411273956299, 2.776400089263916, 2.7720932960510254, 2.772871732711792, 2.7719428539276123, 2.7722134590148926, 2.7773513793945312, 2.774754285812378, 2.7744548320770264, 2.774096727371216, 2.772319793701172, 2.7699379920959473, 2.772636890411377, 2.7751829624176025, 2.7756094932556152, 2.7721657752990723, 2.776716947555542, 2.7727229595184326, 2.7724499702453613, 2.7741940021514893], "time_taken": 560.7345795631409, "bit_accuracy": 0.06000000000000001}