{"n_front_dense_FE": 2, "n_front_dense_PE": 2, "n_front_dense_RxDec": 2, "state_width": 3, "n_epochs": 100, "n_additional_epochs": 10, "CFO_coef": 1, "SNR": 1, "J_list": [2.772589921951294, 2.7741470336914062, 2.806236982345581, 2.769953966140747, 2.774360179901123, 2.7778420448303223, 2.7657313346862793, 2.752188205718994, 2.768282413482666, 2.734529495239258, 2.6639456748962402, 2.6255218982696533, 2.588109254837036, 2.4345991611480713, 2.499645948410034, 2.2886619567871094, 2.2272887229919434, 2.297975540161133, 2.3812499046325684, 2.408027410507202, 2.2769312858581543, 2.231876850128174, 2.1381237506866455, 2.22127103805542, 2.3158276081085205, 2.035076141357422, 2.0463573932647705, 1.812742829322815, 1.7279049158096313, 1.5043123960494995, 1.4596025943756104, 1.2337297201156616, 1.2604639530181885, 1.2609342336654663, 1.2067358493804932, 1.3284685611724854, 2.415811061859131, 1.5463838577270508, 3.5489776134490967, 1.8504936695098877, 1.6065374612808228, 1.9814739227294922, 1.554639220237732, 1.7611652612686157, 1.550274133682251, 1.471819281578064, 1.567936658859253, 1.5518033504486084, 1.276192545890808, 1.2505611181259155, 1.4724723100662231, 1.6824010610580444, 1.5233243703842163, 1.391120433807373, 1.3450062274932861, 1.5844447612762451, 1.2640551328659058, 1.5272376537322998, 1.1273057460784912, 1.1757663488388062, 1.2550569772720337, 1.0663877725601196, 1.161295771598816, 1.1481410264968872, 1.0715000629425049, 0.9847536087036133, 1.112200140953064, 1.0006554126739502, 0.9432603716850281, 0.8678457140922546, 0.8144584894180298, 0.8405011296272278, 0.7737981081008911, 0.7179412245750427, 0.6508201956748962, 0.6433266401290894, 0.5975407361984253, 0.6069468259811401, 0.7776361703872681, 0.5463406443595886, 0.6424920558929443, 0.5738548040390015, 0.4224535822868347, 0.5198474526405334, 0.5382933616638184, 0.5550568699836731, 0.5403023958206177, 0.4000292718410492, 0.4060346186161041, 0.35063380002975464, 0.34950679540634155, 4.412530899047852, 1.0578590631484985, 1.717233657836914, 1.2034857273101807, 0.8068434000015259, 1.2441116571426392, 1.1119425296783447, 0.8531157374382019, 0.8164345026016235, 0.9217483401298523, 0.7122899293899536, 0.5398224592208862, 0.5801537036895752, 0.47499197721481323, 0.5760279893875122, 0.689021110534668, 0.7038291096687317, 0.4166181683540344, 0.4693046510219574], "time_taken": 928.6970202922821, "bit_accuracy": 0.8684375}