{"n_front_dense_FE": 2, "n_front_dense_PE": 2, "n_front_dense_RxDec": 2, "state_width": 0, "n_epochs": 100, "n_additional_epochs": 10, "CFO_coef": 1, "SNR": 3, "J_list": [2.7725894451141357, 2.773576259613037, 2.7733795642852783, 2.7730255126953125, 2.772616147994995, 2.771984577178955, 2.773282289505005, 2.7716917991638184, 2.773998498916626, 2.772710084915161, 2.772728443145752, 2.7709388732910156, 2.771716594696045, 2.7717251777648926, 2.7704734802246094, 2.770383834838867, 2.7713818550109863, 2.771913766860962, 2.7734718322753906, 2.7710044384002686, 2.77772855758667, 2.7714107036590576, 2.773693084716797, 2.7759528160095215, 2.7734081745147705, 2.775310516357422, 2.7726659774780273, 2.7720909118652344, 2.7793796062469482, 2.7777111530303955, 2.7736048698425293, 2.7733139991760254, 2.7743515968322754, 2.773606777191162, 2.774442195892334, 2.7741730213165283, 2.7724833488464355, 2.7765703201293945, 2.771055221557617, 2.772667646408081, 2.771728038787842, 2.77312970161438, 2.7736918926239014, 2.771888256072998, 2.773883104324341, 2.771721601486206, 2.771782398223877, 2.774440288543701, 2.7738986015319824, 2.772853374481201, 2.7745323181152344, 2.775311231613159, 2.7717196941375732, 2.7708518505096436, 2.7720329761505127, 2.7748379707336426, 2.7723591327667236, 2.7723441123962402, 2.773711681365967, 2.77087664604187, 2.7700698375701904, 2.7722153663635254, 2.772738456726074, 2.773782253265381, 2.775447368621826, 2.770254135131836, 2.7715702056884766, 2.7734436988830566, 2.771035671234131, 2.77272367477417, 2.7720861434936523, 2.770038604736328, 2.7751736640930176, 2.771982192993164, 2.7720093727111816, 2.7771379947662354, 2.774750232696533, 2.778228282928467, 2.774050235748291, 2.7693746089935303, 2.7763988971710205, 2.772536516189575, 2.7747814655303955, 2.77339768409729, 2.772440195083618, 2.7697956562042236, 2.772376537322998, 2.771205186843872, 2.7734642028808594, 2.7723300457000732, 2.77466082572937, 2.7742557525634766, 2.777076482772827, 2.774329423904419, 2.7733123302459717, 2.770665407180786, 2.771474838256836, 2.7731759548187256, 2.7695679664611816, 2.77300763130188, 2.7737419605255127, 2.7745108604431152, 2.772350549697876, 2.775352716445923, 2.774108648300171, 2.773937940597534, 2.7710413932800293, 2.7722461223602295, 2.7728514671325684, 2.770012378692627], "time_taken": 589.1783404350281, "bit_accuracy": 0.06562500000000002}