{"n_front_dense_FE": 2, "n_front_dense_PE": 2, "n_front_dense_RxDec": 2, "state_width": 7, "n_epochs": 100, "n_additional_epochs": 10, "CFO_coef": 1, "SNR": 4, "J_list": [2.772197961807251, 2.782465934753418, 2.7714028358459473, 2.7723238468170166, 2.7689151763916016, 2.7155661582946777, 2.753127336502075, 2.683434247970581, 2.516592264175415, 2.572261095046997, 2.627803325653076, 2.365035057067871, 2.181366443634033, 2.273852825164795, 2.2346816062927246, 1.9767754077911377, 2.314885377883911, 1.8692140579223633, 1.7054084539413452, 1.7370388507843018, 1.8921953439712524, 1.2688794136047363, 2.024806499481201, 1.02213454246521, 1.1234487295150757, 1.3342334032058716, 1.0100228786468506, 0.7838004231452942, 0.7074657678604126, 0.7498213052749634, 0.6320075988769531, 0.6288039088249207, 2.2679193019866943, 0.49847474694252014, 0.4907592833042145, 0.5257264971733093, 0.6232646107673645, 0.5456393361091614, 1.7367995977401733, 1.8251816034317017, 1.479265570640564, 1.4627854824066162, 0.7863136529922485, 0.8305044174194336, 1.7650083303451538, 0.7335647940635681, 0.9487909078598022, 1.0841748714447021, 0.647581934928894, 0.6208673119544983, 0.6141074299812317, 0.5529723167419434, 0.9158177375793457, 0.7415467500686646, 0.6087154150009155, 0.5519143342971802, 0.7222121953964233, 0.35174015164375305, 0.5277983546257019, 0.49748462438583374, 0.2793130874633789, 0.28826823830604553, 0.2798457741737366, 0.27019351720809937, 0.227009579539299, 0.39923498034477234, 0.21889200806617737, 0.19420962035655975, 0.19493243098258972, 0.1274641752243042, 0.14562395215034485, 0.14052459597587585, 0.18133191764354706, 0.12643547356128693, 0.30892103910446167, 0.15195105969905853, 0.1949566900730133, 0.22321155667304993, 0.4027668833732605, 0.9408796429634094, 0.12020820379257202, 0.1681669056415558, 0.24042478203773499, 0.16932281851768494, 0.5526847243309021, 0.20211759209632874, 0.12858577072620392, 0.1986260861158371, 0.35972338914871216, 0.19197332859039307, 0.15963104367256165, 0.3151910901069641, 0.13217690587043762, 0.43702927231788635, 0.22068409621715546, 0.23106703162193298, 0.17357823252677917, 0.2644498646259308, 0.14191468060016632, 0.1753796637058258, 0.10016302764415741, 0.08094173669815063, 0.057222880423069, 0.14510758221149445, 0.055297769606113434, 0.12453241646289825, 0.05339012295007706, 0.12244613468647003, 0.09641947597265244, 0.06532683223485947], "time_taken": 896.0686783790588, "bit_accuracy": 0.9515625}