{"n_front_dense_FE": 2, "n_front_dense_PE": 2, "n_front_dense_RxDec": 2, "state_width": 5, "n_epochs": 100, "n_additional_epochs": 10, "CFO_coef": 1, "SNR": 10, "J_list": [2.7729716300964355, 2.778339147567749, 2.764516592025757, 2.827566146850586, 2.7669742107391357, 2.780881404876709, 2.761002540588379, 2.7676291465759277, 2.7533559799194336, 2.7268271446228027, 2.6680920124053955, 2.7581562995910645, 2.632375478744507, 2.6177725791931152, 2.4886083602905273, 2.39630389213562, 2.4084925651550293, 2.341773748397827, 1.9136444330215454, 1.8816560506820679, 1.8625520467758179, 2.265554904937744, 1.7003166675567627, 1.7056598663330078, 1.7619832754135132, 1.5572859048843384, 1.6736958026885986, 1.7162463665008545, 1.6021614074707031, 1.6136705875396729, 1.4049162864685059, 1.2797380685806274, 1.283437967300415, 1.2030088901519775, 1.3732876777648926, 1.1002237796783447, 1.0614135265350342, 1.047426462173462, 1.6270389556884766, 1.127074122428894, 0.8970869183540344, 0.9040340185165405, 2.7637133598327637, 0.8285059928894043, 1.4183475971221924, 1.0554254055023193, 1.1369832754135132, 0.8122674226760864, 1.2335984706878662, 1.1922309398651123, 1.495831847190857, 0.7618948221206665, 0.8885713815689087, 0.8559497594833374, 0.7377497553825378, 1.014230489730835, 0.944746196269989, 0.5865175127983093, 0.6133805513381958, 0.6253749132156372, 0.6537307500839233, 0.5805400609970093, 0.9424823522567749, 0.6133956909179688, 2.096635341644287, 1.8696448802947998, 0.9487489461898804, 0.7441912889480591, 0.570083737373352, 0.7078841328620911, 0.5345737338066101, 0.9520131945610046, 0.696496844291687, 0.6963828206062317, 0.836133599281311, 0.48211589455604553, 0.6620874404907227, 0.8132837414741516, 0.5910096764564514, 0.5028104782104492, 0.3529641032218933, 0.6872562170028687, 0.4251154959201813, 0.40428438782691956, 0.5631515383720398, 0.36980217695236206, 1.1487127542495728, 0.5622705221176147, 0.5493989586830139, 1.646925926208496, 0.2824254035949707, 0.3730374872684479, 0.37925785779953003, 0.25107866525650024, 0.20213334262371063, 0.22479648888111115, 0.5090128779411316, 0.7591764330863953, 0.36335983872413635, 0.26442304253578186, 0.2100074589252472, 0.1831388920545578, 0.1422223150730133, 0.13677473366260529, 0.23583488166332245, 0.1317114531993866, 0.09199339151382446, 0.09221626818180084, 0.17553399503231049, 0.1263623684644699], "time_taken": 874.3037402629852, "bit_accuracy": 0.8618750000000001}