{"n_front_dense_FE": 2, "n_front_dense_PE": 2, "n_front_dense_RxDec": 2, "state_width": 5, "n_epochs": 100, "n_additional_epochs": 10, "CFO_coef": 1, "SNR": 2, "J_list": [2.772554874420166, 2.783573865890503, 2.778815984725952, 2.773139476776123, 2.77968430519104, 2.775296926498413, 2.7637085914611816, 2.765742540359497, 2.76513409614563, 2.73823881149292, 2.728844165802002, 2.637383222579956, 2.5529568195343018, 2.582979679107666, 2.4316604137420654, 2.4415974617004395, 2.796971082687378, 2.3379292488098145, 2.5743985176086426, 2.358858108520508, 2.415844440460205, 2.3124923706054688, 2.3040661811828613, 2.3772900104522705, 2.399233341217041, 2.4732186794281006, 2.234856128692627, 2.0631141662597656, 1.9728237390518188, 2.2071385383605957, 1.785569429397583, 1.6402860879898071, 1.539605736732483, 1.5167962312698364, 1.3706163167953491, 1.223584532737732, 1.426243543624878, 1.9316470623016357, 1.1956431865692139, 1.6252739429473877, 1.4319686889648438, 1.256374478340149, 1.4366185665130615, 1.1454585790634155, 1.0222198963165283, 1.023850440979004, 1.3361881971359253, 0.9540408253669739, 1.3111085891723633, 1.1722629070281982, 0.9960899353027344, 1.0914192199707031, 1.8733577728271484, 1.1374006271362305, 1.4200661182403564, 1.053991675376892, 0.8954361081123352, 0.9700299501419067, 0.8624753952026367, 0.7094422578811646, 0.7979528903961182, 0.893549919128418, 0.8586177825927734, 0.7378864884376526, 0.6572246551513672, 0.5895147919654846, 0.9419550895690918, 0.5055100321769714, 0.5468129515647888, 0.655586838722229, 0.40686455368995667, 0.4902118742465973, 0.5218266844749451, 0.4773120880126953, 0.38487333059310913, 0.4793223440647125, 0.3255981206893921, 0.5405321717262268, 0.34991899132728577, 0.3178785443305969, 0.925879955291748, 0.31334489583969116, 0.45765766501426697, 0.2841019034385681, 0.2942326068878174, 0.35225698351860046, 0.7877717018127441, 0.22478270530700684, 0.33321666717529297, 0.34541019797325134, 1.0696516036987305, 0.9692333936691284, 0.4270053803920746, 0.33944568037986755, 0.23379667103290558, 0.35278692841529846, 0.2935238480567932, 0.6273995637893677, 0.2861096262931824, 0.264794260263443, 0.21916083991527557, 0.17129917442798615, 0.2557600736618042, 0.14747250080108643, 0.1891665756702423, 0.11185815185308456, 0.12102975696325302, 0.10836056619882584, 0.16251583397388458, 0.09440289437770844], "time_taken": 835.1255624294281, "bit_accuracy": 0.9581250000000001}