{"n_front_dense_FE": 2, "n_front_dense_PE": 2, "n_front_dense_RxDec": 2, "state_width": 3, "n_epochs": 100, "n_additional_epochs": 10, "CFO_coef": 1, "SNR": 6, "J_list": [2.772745370864868, 2.779771089553833, 2.781090497970581, 2.7679824829101562, 2.7506308555603027, 2.7345707416534424, 2.6966538429260254, 2.6596500873565674, 2.4624433517456055, 2.575546979904175, 2.3795125484466553, 2.310206890106201, 2.413754940032959, 1.8433876037597656, 1.7257652282714844, 1.6922540664672852, 1.5687743425369263, 2.0005016326904297, 1.2807178497314453, 1.4657299518585205, 1.526234745979309, 1.2156336307525635, 1.2266017198562622, 1.1279207468032837, 1.3422490358352661, 1.0394761562347412, 0.9671472311019897, 0.8114040493965149, 0.8615434765815735, 0.7422180771827698, 0.6322931051254272, 0.6147258877754211, 0.5717422962188721, 0.6365717649459839, 0.6698900461196899, 0.9423837661743164, 1.6500136852264404, 0.8192823529243469, 1.2095146179199219, 0.8520496487617493, 0.4855137765407562, 1.0083024501800537, 0.8225005865097046, 0.630107581615448, 0.7051124572753906, 0.6614670157432556, 0.7329446077346802, 0.4913187026977539, 4.03063440322876, 1.7533950805664062, 1.2788766622543335, 0.9035447239875793, 0.8655620813369751, 1.0161958932876587, 1.0738006830215454, 1.970557451248169, 0.7393893003463745, 0.9370046854019165, 0.9279292821884155, 0.9814817309379578, 0.7843709588050842, 0.9203388094902039, 0.6787832975387573, 0.7740160226821899, 0.6547552347183228, 0.5187013745307922, 0.5155965089797974, 0.43524035811424255, 0.32581138610839844, 1.1936639547348022, 0.37015077471733093, 0.3453892171382904, 0.8736327886581421, 0.4292317032814026, 0.266125351190567, 0.4508476257324219, 3.0438663959503174, 0.8838666677474976, 0.5989323854446411, 0.4269852638244629, 0.6082130670547485, 0.43819817900657654, 0.6978604197502136, 0.4412352442741394, 0.3109525740146637, 0.25244447588920593, 0.37593549489974976, 0.3967243731021881, 0.26783666014671326, 0.23085340857505798, 0.18796364963054657, 0.2427501678466797, 0.40144672989845276, 0.18440406024456024, 0.14958418905735016, 0.09902263432741165, 0.48195022344589233, 0.07897395640611649, 0.15167172253131866, 0.6288903951644897, 0.11530792713165283, 0.095384880900383, 0.9430753588676453, 0.06616487354040146, 0.6584513783454895, 0.5069901943206787, 0.0722101479768753, 0.07839816808700562, 0.34733179211616516, 0.07716073840856552], "time_taken": 806.7544128894806, "bit_accuracy": 0.99125}