{"n_front_dense_FE": 2, "n_front_dense_PE": 2, "n_front_dense_RxDec": 2, "state_width": 5, "n_epochs": 100, "n_additional_epochs": 10, "CFO_coef": 1, "SNR": 4, "J_list": [2.7729849815368652, 2.7740931510925293, 2.769618272781372, 2.7722764015197754, 2.7670319080352783, 2.7552011013031006, 2.7091457843780518, 2.6469149589538574, 2.558993101119995, 2.5450334548950195, 2.2703161239624023, 2.090153455734253, 2.7812342643737793, 2.194784164428711, 2.0165932178497314, 1.8804733753204346, 2.0798957347869873, 2.046339273452759, 2.0456717014312744, 1.6140270233154297, 3.5798728466033936, 2.01749324798584, 1.789483666419983, 1.5664469003677368, 1.7921974658966064, 1.430783987045288, 1.3884114027023315, 1.4493496417999268, 1.388230562210083, 1.4277582168579102, 1.130814790725708, 1.3223531246185303, 1.111067295074463, 0.996242880821228, 1.4822025299072266, 1.227240800857544, 1.0986634492874146, 0.8945987820625305, 1.4468677043914795, 0.9901319742202759, 0.7302297353744507, 0.7990912795066833, 0.8818904757499695, 0.698436439037323, 0.6888467073440552, 0.8979617953300476, 0.6239510774612427, 0.9767715334892273, 0.5702551007270813, 1.3294471502304077, 0.5586162805557251, 1.4200340509414673, 0.8675829172134399, 0.9167187809944153, 0.6569734811782837, 0.6992285847663879, 0.5662492513656616, 1.063486099243164, 0.6147915720939636, 0.9297065734863281, 0.6269392967224121, 1.8677875995635986, 0.7920708656311035, 1.0616627931594849, 0.7779550552368164, 1.0204111337661743, 0.7866633534431458, 0.614566445350647, 0.7344675064086914, 0.73931884765625, 0.6605953574180603, 0.9083175659179688, 0.5746123194694519, 0.5587127804756165, 0.6337099075317383, 0.5885510444641113, 0.43642568588256836, 0.6144500970840454, 0.5390685796737671, 0.5502215623855591, 0.4704194962978363, 0.5275934934616089, 0.3352242112159729, 0.2962232232093811, 0.34260231256484985, 1.6133724451065063, 0.4674438536167145, 0.5230153799057007, 0.5181921720504761, 0.3622622489929199, 0.3877689242362976, 1.2304236888885498, 0.5714617967605591, 0.6776231527328491, 0.881971538066864, 0.43414491415023804, 0.5608277320861816, 0.4794650971889496, 0.4208361506462097, 0.6964699029922485, 0.550669252872467, 0.3039950728416443, 0.3038012385368347, 0.31527799367904663, 0.4422036111354828, 0.47768276929855347, 0.26225847005844116, 0.24794812500476837, 0.2648397386074066, 0.3318915367126465], "time_taken": 881.2452018260956, "bit_accuracy": 0.9171875000000002}