{"n_front_dense_FE": 2, "n_front_dense_PE": 2, "n_front_dense_RxDec": 2, "state_width": 2, "n_epochs": 100, "n_additional_epochs": 10, "CFO_coef": 1, "SNR": 1, "J_list": [2.772474765777588, 2.770860433578491, 2.7615966796875, 2.7872939109802246, 2.791829824447632, 2.729835271835327, 2.646911144256592, 2.6663107872009277, 2.602522373199463, 2.7212460041046143, 2.3863577842712402, 2.252825975418091, 2.8343422412872314, 2.358107566833496, 2.0785651206970215, 2.0919315814971924, 1.9967889785766602, 2.498460292816162, 1.9986461400985718, 1.7644453048706055, 1.7920318841934204, 2.0146188735961914, 1.732506513595581, 1.7400767803192139, 1.5587787628173828, 1.4346576929092407, 1.3041192293167114, 1.3556405305862427, 1.4499733448028564, 1.3943930864334106, 1.2187128067016602, 1.2019954919815063, 1.493107795715332, 1.2516348361968994, 1.0419940948486328, 2.8381924629211426, 2.1565041542053223, 1.6893669366836548, 1.880419373512268, 1.2894697189331055, 1.321720004081726, 1.2294162511825562, 1.390466332435608, 1.2879983186721802, 1.1760671138763428, 1.1130861043930054, 1.1859164237976074, 1.26152765750885, 0.9463459849357605, 0.9500945806503296, 0.8325643539428711, 1.433443307876587, 0.8308957815170288, 1.0303443670272827, 0.9101573824882507, 0.7200528383255005, 2.5730903148651123, 0.957639217376709, 1.0103042125701904, 0.6215423345565796, 0.7918872833251953, 1.0116899013519287, 1.956993818283081, 0.7921772003173828, 1.3247915506362915, 0.8535990715026855, 0.7759792804718018, 0.7956329584121704, 0.6594029068946838, 0.7223304510116577, 1.4164292812347412, 1.0739729404449463, 0.7033664584159851, 1.141982913017273, 0.7923985123634338, 0.9728192090988159, 0.8976737856864929, 0.6335374712944031, 1.0127071142196655, 0.5536029934883118, 0.6456368565559387, 0.7200359106063843, 0.5654227137565613, 0.5915936231613159, 0.5361817479133606, 0.569932758808136, 0.32629671692848206, 0.69294673204422, 0.6831413507461548, 0.4513806700706482, 0.3897746205329895, 0.3772636950016022, 0.3463072180747986, 0.3455224633216858, 0.3318616449832916, 1.6581447124481201, 0.4006574749946594, 0.5419373512268066, 1.1608186960220337, 0.5200833082199097, 0.6265048384666443, 0.344417929649353, 0.3617169260978699, 0.2558334171772003, 0.3399156928062439, 0.22582419216632843, 0.22552812099456787, 0.19512423872947693, 0.1480199098587036, 0.17582067847251892], "time_taken": 652.8088092803955, "bit_accuracy": 0.9387500000000001}