{"n_front_dense_FE": 2, "n_front_dense_PE": 2, "n_front_dense_RxDec": 2, "state_width": 2, "n_epochs": 100, "n_additional_epochs": 10, "CFO_coef": 1, "SNR": 5, "J_list": [2.772588014602661, 2.7682461738586426, 2.8152198791503906, 2.7653276920318604, 2.7702345848083496, 2.755180597305298, 2.735816240310669, 2.7107348442077637, 2.8274693489074707, 2.6380832195281982, 2.666687488555908, 2.66975474357605, 2.569145679473877, 2.4879086017608643, 2.5020084381103516, 2.617431402206421, 2.3856911659240723, 2.306037425994873, 2.1565427780151367, 2.169019937515259, 2.011108875274658, 1.9481146335601807, 2.0420548915863037, 1.8064292669296265, 1.7605364322662354, 1.741856336593628, 1.7899253368377686, 2.13881516456604, 1.5482537746429443, 1.5288712978363037, 1.4033812284469604, 1.6099990606307983, 1.5565494298934937, 2.0780692100524902, 1.4175676107406616, 1.5176997184753418, 1.2725028991699219, 1.3654543161392212, 1.3527729511260986, 1.441755771636963, 1.4364064931869507, 1.2292861938476562, 1.2167413234710693, 1.230696439743042, 2.5407280921936035, 1.3176113367080688, 1.5114939212799072, 1.247363805770874, 1.5997097492218018, 1.3361098766326904, 1.3197885751724243, 1.4075943231582642, 1.1769320964813232, 1.168439507484436, 1.4001208543777466, 1.194368600845337, 1.1819190979003906, 1.5135791301727295, 1.0862675905227661, 1.192495346069336, 1.1326252222061157, 1.0844520330429077, 1.0721113681793213, 1.492262363433838, 1.0207079648971558, 1.1756088733673096, 1.3592126369476318, 1.393752098083496, 1.0042622089385986, 1.202155351638794, 1.064977765083313, 0.8647689819335938, 0.854110598564148, 1.0753042697906494, 0.955721378326416, 1.0581448078155518, 0.8545423746109009, 0.9188991785049438, 0.7708840370178223, 0.7965576648712158, 0.9565643072128296, 0.789718747138977, 0.6192873120307922, 0.7122143507003784, 0.671822190284729, 0.5904722213745117, 0.7247912287712097, 0.5177453756332397, 0.5296823382377625, 0.5636170506477356, 0.8341863751411438, 0.5188077092170715, 0.5147558450698853, 0.48493853211402893, 0.5260747075080872, 0.3783285915851593, 0.372565895318985, 0.703157901763916, 0.4556165635585785, 0.4715243875980377, 0.4291377663612366, 0.37803348898887634, 0.3379793167114258, 0.2633397579193115, 0.3183898329734802, 0.35378652811050415, 0.29587292671203613, 0.3612542152404785, 0.24462437629699707, 0.2741726040840149], "time_taken": 670.2352273464203, "bit_accuracy": 0.88125}