{"n_front_dense_FE": 2, "n_front_dense_PE": 2, "n_front_dense_RxDec": 2, "state_width": 5, "n_epochs": 100, "n_additional_epochs": 10, "CFO_coef": 1, "SNR": 5, "J_list": [2.772615432739258, 2.773280620574951, 2.778315305709839, 2.772613048553467, 2.781599998474121, 2.7457401752471924, 2.7671618461608887, 2.7190165519714355, 2.728677749633789, 2.5999600887298584, 2.548548936843872, 2.6698672771453857, 2.4712820053100586, 2.541116714477539, 2.2588436603546143, 2.359407901763916, 2.3028626441955566, 2.1281418800354004, 2.082735538482666, 1.9841588735580444, 1.8083606958389282, 2.116360902786255, 1.8364509344100952, 1.5610411167144775, 1.8838554620742798, 1.6453807353973389, 1.6707732677459717, 1.6473121643066406, 1.8204624652862549, 1.5924912691116333, 1.447293996810913, 1.3624579906463623, 1.3729122877120972, 1.2102906703948975, 1.1710647344589233, 1.5930095911026, 1.8580455780029297, 1.238038420677185, 2.1012942790985107, 1.5512014627456665, 1.2653653621673584, 1.2908884286880493, 2.4838266372680664, 1.4345290660858154, 1.2104276418685913, 1.081405520439148, 1.1153684854507446, 1.1928726434707642, 1.4232914447784424, 0.9869710803031921, 1.0804121494293213, 1.163787603378296, 0.9766668081283569, 0.8001505136489868, 0.8744531869888306, 0.9052829742431641, 0.8489762544631958, 0.8137996792793274, 0.8566134572029114, 1.0093438625335693, 0.7079240083694458, 0.6393171548843384, 0.543001115322113, 0.5132461786270142, 0.6199237704277039, 0.4733695983886719, 0.4596579670906067, 0.5520947575569153, 0.6214869022369385, 0.4050672650337219, 0.4384559690952301, 0.9019109606742859, 0.6608346104621887, 0.5777316093444824, 0.39555075764656067, 0.4291890561580658, 0.5553277730941772, 0.4816564619541168, 2.1320557594299316, 0.8995599746704102, 0.6502231955528259, 0.5302826166152954, 0.6439741253852844, 1.4522819519042969, 0.5696051716804504, 0.5424207448959351, 0.6254785060882568, 0.5542042255401611, 0.5377557277679443, 0.5312908887863159, 1.0049149990081787, 0.6916323900222778, 0.525432288646698, 0.5060955882072449, 0.5065158605575562, 0.3778269290924072, 0.36751309037208557, 0.5335000157356262, 0.6503852605819702, 0.423119455575943, 0.32168883085250854, 1.156965970993042, 0.3565153479576111, 0.22267213463783264, 0.35271960496902466, 0.20764151215553284, 0.3362075686454773, 0.37156444787979126, 1.0897212028503418, 0.29785725474357605], "time_taken": 1060.1973640918732, "bit_accuracy": 0.92875}