{"n_front_dense_FE": 2, "n_front_dense_PE": 2, "n_front_dense_RxDec": 2, "state_width": 5, "n_epochs": 100, "n_additional_epochs": 10, "CFO_coef": 1, "SNR": 6, "J_list": [2.7733123302459717, 2.777749538421631, 2.7713561058044434, 2.769669771194458, 2.783705949783325, 2.7770190238952637, 2.757056713104248, 2.7277565002441406, 2.707751989364624, 2.674912691116333, 2.594115972518921, 2.4137494564056396, 2.3928370475769043, 2.6354916095733643, 2.3741753101348877, 2.433833122253418, 2.436685085296631, 2.3347134590148926, 2.3538613319396973, 2.360072374343872, 2.454407215118408, 2.1747779846191406, 2.1767711639404297, 2.0585358142852783, 1.912453055381775, 2.0107581615448, 1.769097924232483, 1.7600501775741577, 1.7939523458480835, 1.492517352104187, 1.4909870624542236, 1.3240149021148682, 1.1197971105575562, 1.2937794923782349, 1.0006338357925415, 1.0137094259262085, 0.9504545331001282, 0.9561362266540527, 0.8208052515983582, 0.7289286851882935, 0.7007843255996704, 0.6531239151954651, 0.7782641053199768, 0.5024727582931519, 0.8204614520072937, 0.8581245541572571, 0.7865443825721741, 0.5858190059661865, 1.0360617637634277, 0.7828975915908813, 2.15787935256958, 1.5496881008148193, 1.8286082744598389, 1.5441787242889404, 0.9049980044364929, 0.899186909198761, 0.6732207536697388, 0.7373734712600708, 0.6951024532318115, 0.8819791674613953, 0.9906449317932129, 1.2227787971496582, 0.6524676084518433, 0.782866358757019, 0.721439778804779, 0.7513836026191711, 0.5911881327629089, 0.5094687342643738, 1.122751235961914, 0.5164302587509155, 0.5490903854370117, 0.5184527635574341, 0.42844074964523315, 0.39955657720565796, 0.32321685552597046, 0.2602139413356781, 0.3934432566165924, 0.268096387386322, 0.2644248902797699, 0.21596412360668182, 0.2021864652633667, 0.1748400181531906, 0.1654411107301712, 1.691459059715271, 0.1914893537759781, 0.4639735817909241, 0.8762679100036621, 0.36445125937461853, 0.22439689934253693, 0.6603357195854187, 2.0548927783966064, 0.347675085067749, 0.985367476940155, 0.36881500482559204, 0.5901304483413696, 0.3295302391052246, 0.6281526684761047, 0.34120267629623413, 0.28933185338974, 0.24269814789295197, 0.3134194314479828, 0.26233524084091187, 0.5150220394134521, 0.13680529594421387, 0.13405147194862366, 0.1685488224029541, 0.14290723204612732, 0.1172875389456749, 0.5119000673294067, 0.24656465649604797], "time_taken": 886.3610997200012, "bit_accuracy": 0.9146875}