{"n_front_dense_FE": 2, "n_front_dense_PE": 2, "n_front_dense_RxDec": 2, "state_width": 3, "n_epochs": 100, "n_additional_epochs": 10, "CFO_coef": 1, "SNR": 3, "J_list": [2.7728075981140137, 2.7810401916503906, 2.772819995880127, 2.774284839630127, 2.7570013999938965, 2.7575623989105225, 2.700807571411133, 2.7685294151306152, 2.867760181427002, 2.613970994949341, 2.531062364578247, 2.433473587036133, 2.548938274383545, 2.223712921142578, 2.106855869293213, 1.9559218883514404, 1.964712142944336, 1.778480887413025, 1.6575905084609985, 1.9592201709747314, 1.749405860900879, 2.2390189170837402, 1.5673037767410278, 1.5336101055145264, 1.6241801977157593, 4.400887966156006, 1.5181963443756104, 1.5335315465927124, 1.7887729406356812, 1.9378331899642944, 2.4198930263519287, 1.6486122608184814, 1.7946650981903076, 1.6002317667007446, 1.6032648086547852, 1.9700210094451904, 1.4772920608520508, 1.4521081447601318, 1.4318193197250366, 1.3647315502166748, 1.4496088027954102, 1.238010287284851, 1.3061017990112305, 1.174420714378357, 1.0747895240783691, 1.4307582378387451, 0.981251060962677, 0.9812105894088745, 1.0820579528808594, 1.9585227966308594, 1.321036696434021, 1.5917549133300781, 1.2126109600067139, 2.1900572776794434, 1.2545711994171143, 1.207702875137329, 1.219045877456665, 1.1358121633529663, 1.1180843114852905, 1.108577013015747, 1.1921488046646118, 1.0331623554229736, 1.03311026096344, 1.032100796699524, 1.049039363861084, 1.0023747682571411, 0.917284369468689, 0.859200656414032, 0.8004166483879089, 1.0461691617965698, 0.7687655687332153, 1.4254875183105469, 0.7913984060287476, 0.9670063853263855, 0.6639893054962158, 0.6530384421348572, 1.0308090448379517, 0.5681470632553101, 0.5918247699737549, 0.5852037072181702, 0.507757842540741, 0.48835745453834534, 0.45751962065696716, 0.5338104963302612, 0.3622399866580963, 0.36898618936538696, 1.6447887420654297, 0.4028429388999939, 0.4451252818107605, 0.7860962152481079, 0.5804269909858704, 0.4280937612056732, 0.5478396415710449, 0.6108267903327942, 0.4842381477355957, 0.41168394684791565, 0.35048723220825195, 0.4629363417625427, 1.5031734704971313, 0.6990593671798706, 0.5423548817634583, 0.44065314531326294, 0.4722457826137543, 0.33198970556259155, 0.38124820590019226, 1.823107123374939, 0.40265196561813354, 0.25186648964881897, 0.24629762768745422, 0.19276441633701324], "time_taken": 820.0089447498322, "bit_accuracy": 0.8950000000000001}