{"n_front_dense_FE": 2, "n_front_dense_PE": 2, "n_front_dense_RxDec": 2, "state_width": 1, "n_epochs": 100, "n_additional_epochs": 10, "CFO_coef": 1, "SNR": 2, "J_list": [2.7724838256835938, 2.775794506072998, 2.789461851119995, 2.77693510055542, 2.7687337398529053, 2.7697503566741943, 2.762362241744995, 2.7439475059509277, 2.687683582305908, 2.566434860229492, 2.5365192890167236, 2.59226655960083, 2.6283676624298096, 2.269559383392334, 2.2434380054473877, 2.1985726356506348, 2.1840314865112305, 2.2564430236816406, 2.4382784366607666, 2.7426490783691406, 2.136638641357422, 2.2060863971710205, 2.1766765117645264, 2.3752846717834473, 2.1531004905700684, 2.2179548740386963, 2.1646037101745605, 2.1398065090179443, 2.097829818725586, 2.0415456295013428, 2.093432903289795, 2.0113701820373535, 2.066305637359619, 2.0801455974578857, 2.2647910118103027, 1.9850094318389893, 1.8844139575958252, 1.8187997341156006, 1.7683353424072266, 2.385833501815796, 1.8372424840927124, 2.003891944885254, 2.1985526084899902, 1.8781315088272095, 1.8585357666015625, 1.8273136615753174, 1.9795516729354858, 2.035661220550537, 1.8074127435684204, 1.651993751525879, 1.651393175125122, 1.6485666036605835, 1.691049575805664, 1.6547014713287354, 1.94270920753479, 1.921752691268921, 1.7467094659805298, 1.5085244178771973, 1.6720921993255615, 1.773135781288147, 1.5838723182678223, 1.857000708580017, 1.543070912361145, 1.6129319667816162, 1.550901174545288, 1.7539870738983154, 1.5505626201629639, 1.3982418775558472, 1.4413766860961914, 2.032365560531616, 1.3750954866409302, 1.4892189502716064, 1.8329522609710693, 1.2973225116729736, 1.3469316959381104, 1.3109829425811768, 1.4653129577636719, 1.5239204168319702, 1.2412030696868896, 1.2754615545272827, 1.254093885421753, 1.295197606086731, 2.1196632385253906, 1.4373584985733032, 1.5585538148880005, 1.2691805362701416, 1.381877064704895, 1.4945294857025146, 1.365261197090149, 1.3018783330917358, 2.2390193939208984, 1.1851085424423218, 1.1611467599868774, 1.260706901550293, 1.4363855123519897, 1.2364742755889893, 1.2361682653427124, 1.1854397058486938, 1.099216103553772, 1.4619126319885254, 1.453056812286377, 1.385133981704712, 1.3208930492401123, 1.274738073348999, 1.1745049953460693, 1.0694072246551514, 1.1223002672195435, 1.0924644470214844, 1.0173314809799194, 1.1232802867889404], "time_taken": 651.9499690532684, "bit_accuracy": 0.6}