{"n_front_dense_FE": 2, "n_front_dense_PE": 2, "n_front_dense_RxDec": 2, "state_width": 0, "n_epochs": 100, "n_additional_epochs": 10, "CFO_coef": 1, "SNR": 2, "J_list": [2.7725894451141357, 2.7720422744750977, 2.771946668624878, 2.771679639816284, 2.7731471061706543, 2.7717106342315674, 2.7762513160705566, 2.7708373069763184, 2.7722275257110596, 2.7752628326416016, 2.775984287261963, 2.7723605632781982, 2.776325225830078, 2.77116322517395, 2.7764060497283936, 2.7698814868927, 2.7719995975494385, 2.776031970977783, 2.7773280143737793, 2.77424955368042, 2.775503635406494, 2.775116443634033, 2.7735791206359863, 2.773522138595581, 2.7728981971740723, 2.7750167846679688, 2.775521755218506, 2.7729785442352295, 2.772233247756958, 2.7723612785339355, 2.774122476577759, 2.773062229156494, 2.7731821537017822, 2.77280855178833, 2.771545886993408, 2.7757277488708496, 2.7715675830841064, 2.773369550704956, 2.7759766578674316, 2.772747039794922, 2.77354097366333, 2.7717201709747314, 2.772428035736084, 2.7706542015075684, 2.776122570037842, 2.7725300788879395, 2.775286912918091, 2.7727932929992676, 2.773082733154297, 2.7751688957214355, 2.7698802947998047, 2.775015354156494, 2.7724883556365967, 2.7720561027526855, 2.7716262340545654, 2.771482467651367, 2.773775100708008, 2.772904872894287, 2.7769992351531982, 2.7762579917907715, 2.772862195968628, 2.774125337600708, 2.775192975997925, 2.7743611335754395, 2.7715141773223877, 2.7739927768707275, 2.7726969718933105, 2.77122163772583, 2.7706706523895264, 2.773571729660034, 2.7732627391815186, 2.7740159034729004, 2.7725822925567627, 2.7712879180908203, 2.773552179336548, 2.7713842391967773, 2.773308515548706, 2.7741665840148926, 2.7713863849639893, 2.776092052459717, 2.7722325325012207, 2.7719616889953613, 2.7727901935577393, 2.772043466567993, 2.7754416465759277, 2.7719101905822754, 2.7739291191101074, 2.7734642028808594, 2.770221710205078, 2.7728049755096436, 2.7727437019348145, 2.7703981399536133, 2.776000499725342, 2.7703638076782227, 2.77356219291687, 2.7733216285705566, 2.7726778984069824, 2.774405002593994, 2.7751383781433105, 2.7711880207061768, 2.7723448276519775, 2.7705531120300293, 2.7747955322265625, 2.7747726440429688, 2.773693084716797, 2.775611162185669, 2.772125720977783, 2.7760720252990723, 2.773658275604248, 2.7722558975219727], "time_taken": 578.954705953598, "bit_accuracy": 0.065625}