{"n_front_dense_FE": 2, "n_front_dense_PE": 2, "n_front_dense_RxDec": 2, "state_width": 2, "n_epochs": 100, "n_additional_epochs": 10, "CFO_coef": 1, "SNR": 6, "J_list": [2.7726683616638184, 2.7801353931427, 2.771008014678955, 2.770223617553711, 2.79374098777771, 2.7512333393096924, 2.7493598461151123, 2.744495391845703, 2.74839448928833, 2.6896846294403076, 2.720820426940918, 2.6393280029296875, 2.5763661861419678, 2.6758792400360107, 2.4947309494018555, 2.4496829509735107, 2.4034557342529297, 2.303001880645752, 2.272585391998291, 2.1571407318115234, 2.266953706741333, 1.9538589715957642, 1.8669021129608154, 1.8946529626846313, 2.39628267288208, 1.9846099615097046, 2.3445804119110107, 1.9085767269134521, 1.9529006481170654, 2.431061267852783, 1.9438797235488892, 1.783543586730957, 1.7413676977157593, 2.669769763946533, 1.7149986028671265, 1.6776069402694702, 1.922702431678772, 2.0561556816101074, 1.8684018850326538, 1.8126933574676514, 1.7530810832977295, 1.6096031665802002, 1.4626208543777466, 1.5887553691864014, 1.6404346227645874, 1.3719847202301025, 1.3529167175292969, 1.2853925228118896, 1.205333948135376, 1.200526237487793, 2.3464584350585938, 1.1389434337615967, 1.5806562900543213, 1.1872127056121826, 1.5948688983917236, 1.1410807371139526, 1.2428218126296997, 1.0627925395965576, 1.1166599988937378, 0.9824045896530151, 0.8529369235038757, 2.878690242767334, 0.9350773096084595, 1.201770544052124, 1.7231496572494507, 1.20327889919281, 1.19447922706604, 0.8097100257873535, 1.3894119262695312, 1.1183769702911377, 1.3006569147109985, 1.0740344524383545, 1.1258108615875244, 0.9713979959487915, 1.1257531642913818, 0.8565269708633423, 0.825518012046814, 0.7770565748214722, 0.9320680499076843, 0.6731860637664795, 0.6580131649971008, 0.8013607263565063, 0.9115138053894043, 0.7076038122177124, 0.5969558954238892, 0.5702162981033325, 0.5570091605186462, 0.5416351556777954, 0.6568177938461304, 0.608157753944397, 0.48232513666152954, 0.6949222683906555, 0.41557517647743225, 1.564771294593811, 0.6243916749954224, 0.6235789060592651, 0.8180975914001465, 0.759087085723877, 0.5926677584648132, 0.7756516933441162, 0.5968981981277466, 0.43822890520095825, 0.37552371621131897, 0.28325122594833374, 0.3516066074371338, 0.26416468620300293, 0.3317756652832031, 0.25147324800491333, 0.2387034147977829, 1.203758716583252], "time_taken": 675.7311418056488, "bit_accuracy": 0.7143750000000001}