{"n_front_dense_FE": 2, "n_front_dense_PE": 2, "n_front_dense_RxDec": 2, "state_width": 3, "n_epochs": 100, "n_additional_epochs": 10, "CFO_coef": 1, "SNR": 4, "J_list": [2.7724173069000244, 2.7648978233337402, 2.8037960529327393, 2.783940553665161, 2.7722668647766113, 2.7800254821777344, 2.771772861480713, 2.7705507278442383, 2.7544302940368652, 2.7462878227233887, 2.7335638999938965, 2.715416431427002, 2.7098217010498047, 2.6875710487365723, 2.572608232498169, 2.442148208618164, 2.3128910064697266, 2.6457953453063965, 2.722609758377075, 2.361804723739624, 2.248331069946289, 2.3095641136169434, 2.158374309539795, 2.057828187942505, 1.7923882007598877, 1.8749189376831055, 1.851514220237732, 1.5506094694137573, 1.8038320541381836, 1.3046798706054688, 1.1075862646102905, 1.196681261062622, 1.1028759479522705, 0.922265887260437, 0.8324899673461914, 0.8132951855659485, 0.7407899498939514, 0.909275233745575, 1.5235209465026855, 0.696200966835022, 0.5868347883224487, 0.5719190835952759, 0.9718201756477356, 1.1535279750823975, 0.8132527470588684, 1.5238406658172607, 0.5801678895950317, 1.6592565774917603, 0.9123156666755676, 0.6533328890800476, 1.381603479385376, 0.8949964642524719, 1.1421518325805664, 0.7913883924484253, 0.691702127456665, 0.8171197175979614, 1.2916619777679443, 1.0923693180084229, 0.9526068568229675, 0.9164799451828003, 0.8331111669540405, 0.7123948335647583, 0.6357408761978149, 0.6684209108352661, 0.7869812250137329, 1.066638469696045, 1.1218725442886353, 0.8791604042053223, 0.6937532424926758, 0.7117512822151184, 0.6869881749153137, 0.5723667144775391, 0.626775860786438, 0.5341310501098633, 0.3784160614013672, 0.4646712839603424, 0.39943018555641174, 0.3131840229034424, 0.5612030029296875, 0.32019248604774475, 0.3385806679725647, 0.24403253197669983, 0.23035046458244324, 0.24574391543865204, 0.2248738557100296, 0.9058479070663452, 0.2328989952802658, 1.0420576333999634, 0.38416212797164917, 0.362703800201416, 0.7260841727256775, 0.40035438537597656, 0.2554874122142792, 0.4070986211299896, 0.23870019614696503, 0.5249592065811157, 0.2714688181877136, 0.15832927823066711, 0.21715021133422852, 0.20817670226097107, 0.18045389652252197, 0.15532569587230682, 0.1009335145354271, 0.22473840415477753, 0.08667075634002686, 0.09078218787908554, 0.09243615716695786, 0.08029868453741074, 0.0569666251540184, 0.06310011446475983], "time_taken": 836.5853703022003, "bit_accuracy": 0.9259375000000001}