{"n_front_dense_FE": 2, "n_front_dense_PE": 2, "n_front_dense_RxDec": 2, "state_width": 0, "n_epochs": 40, "n_additional_epochs": 0, "CFO_coef": 1, "SNR": 1, "J_list": [2.7725894451141357, 2.7729690074920654, 2.772775173187256, 2.7718288898468018, 2.772172689437866, 2.7730655670166016, 2.7730984687805176, 2.7721445560455322, 2.773294687271118, 2.7691640853881836, 2.7733731269836426, 2.771383285522461, 2.77050518989563, 2.7731773853302, 2.773181915283203, 2.7720112800598145, 2.7726826667785645, 2.7737820148468018, 2.7734787464141846, 2.7695465087890625, 2.7744269371032715, 2.7680015563964844, 2.7716097831726074, 2.774075984954834, 2.7770674228668213, 2.7733383178710938, 2.772892713546753, 2.7692818641662598, 2.7710859775543213, 2.7716355323791504, 2.7715859413146973, 2.7733542919158936, 2.776597738265991, 2.7725460529327393, 2.7726075649261475, 2.774871826171875, 2.7720484733581543, 2.7735297679901123, 2.7743144035339355, 2.7735514640808105], "time_taken": 192.92641043663025, "bit_accuracy": 0.0625}