{"n_front_dense_FE": 2, "n_front_dense_PE": 2, "n_front_dense_RxDec": 2, "state_width": 0, "n_epochs": 40, "n_additional_epochs": 0, "CFO_coef": 1, "SNR": 1, "J_list": [2.7725894451141357, 2.773322343826294, 2.7730815410614014, 2.772395372390747, 2.773895502090454, 2.773256778717041, 2.771099090576172, 2.7695343494415283, 2.772989511489868, 2.775221586227417, 2.7739386558532715, 2.773327350616455, 2.7751171588897705, 2.7708492279052734, 2.770545482635498, 2.773803472518921, 2.7703003883361816, 2.771501064300537, 2.7746551036834717, 2.7745585441589355, 2.7711222171783447, 2.769212245941162, 2.7733891010284424, 2.7799606323242188, 2.7741453647613525, 2.7725024223327637, 2.771311044692993, 2.7741878032684326, 2.7731523513793945, 2.7755627632141113, 2.77360200881958, 2.7748806476593018, 2.7721805572509766, 2.7744739055633545, 2.77720308303833, 2.776571035385132, 2.771838665008545, 2.7745556831359863, 2.776172161102295, 2.7736315727233887], "time_taken": 180.39196634292603, "bit_accuracy": 0.05}