{"n_front_dense_FE": 2, "n_front_dense_PE": 2, "n_front_dense_RxDec": 2, "state_width": 0, "n_epochs": 40, "n_additional_epochs": 0, "CFO_coef": 1, "SNR": 6, "J_list": [2.7725894451141357, 2.7725019454956055, 2.7723164558410645, 2.772259473800659, 2.7706265449523926, 2.775449275970459, 2.7729194164276123, 2.7725670337677, 2.77319598197937, 2.7720043659210205, 2.769928216934204, 2.7723138332366943, 2.7750983238220215, 2.7710304260253906, 2.774508476257324, 2.7762954235076904, 2.7753398418426514, 2.773808002471924, 2.772003650665283, 2.7704224586486816, 2.7716965675354004, 2.7710156440734863, 2.7731773853302, 2.7714083194732666, 2.772874116897583, 2.7721495628356934, 2.769467830657959, 2.7744312286376953, 2.774437189102173, 2.7743544578552246, 2.772240161895752, 2.7755768299102783, 2.771200656890869, 2.7774784564971924, 2.770082473754883, 2.776196002960205, 2.771569013595581, 2.773930072784424, 2.77119517326355, 2.7733678817749023], "time_taken": 177.1719560623169, "bit_accuracy": 0.05625}