{"n_front_dense_FE": 2, "n_front_dense_PE": 2, "n_front_dense_RxDec": 2, "state_width": 0, "n_epochs": 40, "n_additional_epochs": 0, "CFO_coef": 1, "SNR": 6, "J_list": [2.7725894451141357, 2.7725701332092285, 2.773055076599121, 2.77167010307312, 2.770843982696533, 2.772329330444336, 2.7708091735839844, 2.7729265689849854, 2.773822069168091, 2.7704455852508545, 2.7761423587799072, 2.7712602615356445, 2.772937297821045, 2.7673494815826416, 2.7734215259552, 2.77612042427063, 2.769449234008789, 2.775346279144287, 2.7745280265808105, 2.7740020751953125, 2.774115800857544, 2.7734251022338867, 2.7772791385650635, 2.7744884490966797, 2.7773959636688232, 2.7727084159851074, 2.7706005573272705, 2.770186185836792, 2.7776052951812744, 2.7733383178710938, 2.7733802795410156, 2.77341890335083, 2.770500421524048, 2.7746059894561768, 2.7715630531311035, 2.7752938270568848, 2.7768237590789795, 2.774042844772339, 2.7727622985839844, 2.7700412273406982], "time_taken": 235.9558389186859, "bit_accuracy": 0.05625}