{"n_front_dense_FE": 2, "n_front_dense_PE": 2, "n_front_dense_RxDec": 2, "state_width": 8, "n_epochs": 40, "n_additional_epochs": 0, "CFO_coef": 1, "SNR": 1, "J_list": [2.7728824615478516, 2.77783203125, 2.788888454437256, 2.773674488067627, 2.7757649421691895, 2.744004249572754, 2.7381839752197266, 2.6761269569396973, 2.6185052394866943, 2.771941661834717, 2.655609369277954, 2.6745667457580566, 2.6033663749694824, 2.828371047973633, 2.6384758949279785, 2.560499906539917, 2.692261219024658, 2.4934499263763428, 2.3331382274627686, 2.2605502605438232, 2.370297908782959, 2.371056079864502, 1.917380690574646, 1.7151635885238647, 1.6781747341156006, 1.6037795543670654, 1.3536219596862793, 1.4777977466583252, 1.3242226839065552, 1.4288156032562256, 1.35238516330719, 1.0748648643493652, 1.1368272304534912, 1.0546451807022095, 0.8613916635513306, 0.9517298936843872, 1.144212007522583, 2.8695831298828125, 1.5456511974334717, 2.073749303817749], "time_taken": 226.7647876739502, "bit_accuracy": 0.38125}