{"n_front_dense_FE": 2, "n_front_dense_PE": 2, "n_front_dense_RxDec": 2, "state_width": 8, "n_epochs": 40, "n_additional_epochs": 0, "CFO_coef": 1, "SNR": 6, "J_list": [2.7722690105438232, 2.775287389755249, 2.8539834022521973, 2.773756504058838, 2.7649612426757812, 2.7786853313446045, 2.722353458404541, 2.701688766479492, 2.7199642658233643, 2.6065826416015625, 2.661242723464966, 2.833101987838745, 2.505945920944214, 2.687206506729126, 2.687601089477539, 2.261958599090576, 2.2928504943847656, 2.246758222579956, 2.2551424503326416, 2.0899319648742676, 2.1350409984588623, 2.0224180221557617, 2.038547992706299, 1.8502349853515625, 2.206775665283203, 1.646315336227417, 1.587939977645874, 1.8055413961410522, 1.7044124603271484, 1.952693223953247, 1.7075506448745728, 1.8561776876449585, 1.4371163845062256, 2.0951719284057617, 1.8432388305664062, 1.41286039352417, 1.5872187614440918, 1.954766035079956, 1.6647701263427734, 1.594388723373413], "time_taken": 178.31172704696655, "bit_accuracy": 0.365625}