{"n_front_dense_FE": 2, "n_front_dense_PE": 2, "n_front_dense_RxDec": 2, "state_width": 0, "n_epochs": 40, "n_additional_epochs": 0, "CFO_coef": 1, "SNR": 1, "J_list": [2.7725894451141357, 2.7726354598999023, 2.7728867530822754, 2.771859884262085, 2.7720725536346436, 2.7746052742004395, 2.7722809314727783, 2.7726054191589355, 2.7724781036376953, 2.7782344818115234, 2.7751076221466064, 2.771944046020508, 2.7744381427764893, 2.772568941116333, 2.775617837905884, 2.7758865356445312, 2.7741150856018066, 2.7755401134490967, 2.7740910053253174, 2.7725043296813965, 2.774764060974121, 2.771713972091675, 2.775347948074341, 2.7739200592041016, 2.7755942344665527, 2.7728464603424072, 2.7715065479278564, 2.7724568843841553, 2.7721049785614014, 2.7724709510803223, 2.774304151535034, 2.7728488445281982, 2.7744288444519043, 2.7723891735076904, 2.771334409713745, 2.7720227241516113, 2.7738354206085205, 2.774667501449585, 2.7708773612976074, 2.7722065448760986], "time_taken": 246.04415369033813, "bit_accuracy": 0.06875}