{"n_front_dense_FE": 2, "n_front_dense_PE": 2, "n_front_dense_RxDec": 2, "state_width": 0, "n_epochs": 40, "n_additional_epochs": 0, "CFO_coef": 1, "SNR": 1, "J_list": [2.7725894451141357, 2.771790027618408, 2.772277593612671, 2.772007942199707, 2.7721240520477295, 2.7716121673583984, 2.7697715759277344, 2.774106740951538, 2.77307391166687, 2.7679572105407715, 2.773665189743042, 2.7727255821228027, 2.7739663124084473, 2.772469997406006, 2.775256633758545, 2.7792766094207764, 2.774199962615967, 2.777060031890869, 2.7716598510742188, 2.7735702991485596, 2.7738375663757324, 2.7718687057495117, 2.772467851638794, 2.769683361053467, 2.771979808807373, 2.7697482109069824, 2.7728683948516846, 2.7785592079162598, 2.774925708770752, 2.7727837562561035, 2.773604154586792, 2.7769012451171875, 2.773939371109009, 2.7721409797668457, 2.7776007652282715, 2.7749149799346924, 2.7715094089508057, 2.77471923828125, 2.7732701301574707, 2.7714850902557373], "time_taken": 196.25091528892517, "bit_accuracy": 0.096875}