{"n_front_dense_FE": 2, "n_front_dense_PE": 2, "n_front_dense_RxDec": 2, "state_width": 8, "n_epochs": 100, "n_additional_epochs": 40, "CFO_coef": 1, "SNR": 6, "J_list": [2.77280855178833, 2.7711734771728516, 2.773167133331299, 2.774219036102295, 2.7735233306884766, 2.772158145904541, 2.773740291595459, 2.7718849182128906, 2.7703793048858643, 2.772529125213623, 2.7689995765686035, 2.7693867683410645, 2.769489288330078, 2.769768714904785, 2.7671589851379395, 2.7671780586242676, 2.764432907104492, 2.7629072666168213, 2.7658374309539795, 2.7616186141967773, 2.756072759628296, 2.7633578777313232, 2.7605080604553223, 2.7655715942382812, 2.755831718444824, 2.7494044303894043, 2.7432243824005127, 2.7421746253967285, 2.7504940032958984, 2.7331745624542236, 2.7335705757141113, 2.730032444000244, 2.7163164615631104, 2.703676700592041, 2.72568678855896, 2.7229409217834473, 2.7044730186462402, 2.687223434448242, 2.724189519882202, 2.7310612201690674, 2.665085554122925, 2.616605281829834, 2.661262035369873, 2.618765354156494, 2.5855941772460938, 2.6016438007354736, 2.5741748809814453, 2.6589865684509277, 2.534949541091919, 2.4911320209503174, 2.4479236602783203, 2.534010648727417, 2.4907078742980957, 2.4496121406555176, 2.332313299179077, 2.345898389816284, 2.2400972843170166, 2.173189640045166, 2.160916805267334, 2.1457130908966064, 2.068481683731079, 1.998411774635315, 2.157839298248291, 2.0732009410858154, 2.040276050567627, 2.388576030731201, 1.9443509578704834, 1.9946762323379517, 2.33198618888855, 1.7106068134307861, 1.7029170989990234, 1.6163848638534546, 1.6252338886260986, 1.5347468852996826, 1.622585654258728, 1.9419323205947876, 1.6759703159332275, 1.510049819946289, 1.4217398166656494, 1.6286722421646118, 1.7767314910888672, 1.4523084163665771, 1.6874005794525146, 1.4273275136947632, 1.5203431844711304, 1.2580549716949463, 2.1149795055389404, 1.4246668815612793, 1.33159601688385, 1.2742259502410889, 1.2025916576385498, 1.3430304527282715, 1.1259777545928955, 1.122130036354065, 1.088138461112976, 1.0419766902923584, 0.9459577798843384, 0.9538856744766235, 1.0648963451385498, 0.9476849436759949, 0.833023726940155, 0.8202492594718933, 0.8054004907608032, 0.8737806081771851, 0.8643015623092651, 1.7435753345489502, 0.8777353167533875, 1.1985830068588257, 0.7952803373336792, 0.904244601726532, 0.8383498191833496, 0.8882113695144653, 0.8310947418212891, 0.8125594258308411, 0.869672954082489, 1.251718521118164, 1.1179780960083008, 0.8945820927619934, 0.8280068635940552, 0.8097896575927734], "time_taken": 912.4058222770691, "bit_accuracy": 0.8125}