{"n_front_dense_FE": 4, "n_front_dense_PE": 8, "n_front_dense_RxDec": 1, "state_width": 8, "n_epochs": 2, "J_list": [2.772299289703369, 2.9354407787323], "time_taken": 12.451882600784302}