{"n_front_dense_FE": 2, "n_front_dense_PE": 2, "n_front_dense_RxDec": 8, "state_width": 8, "n_epochs": 2, "J_list": [2.772566080093384, 2.7945151329040527], "time_taken": 13.324990034103394}