{"n_front_dense_FE": 8, "n_front_dense_PE": 2, "n_front_dense_RxDec": 1, "state_width": 8, "n_epochs": 2, "J_list": [2.772463321685791, 2.7664637565612793], "time_taken": 12.248281717300415}