{"n_front_dense_FE": 2, "n_front_dense_PE": 8, "n_front_dense_RxDec": 4, "state_width": 8, "n_epochs": 2, "J_list": [2.7726550102233887, 2.7919979095458984], "time_taken": 12.497963190078735}