{"n_front_dense_FE": 4, "n_front_dense_PE": 8, "n_front_dense_RxDec": 2, "state_width": 8, "n_epochs": 2, "J_list": [2.7725493907928467, 2.812934398651123], "time_taken": 13.001691818237305}