{"n_front_dense_FE": 2, "n_front_dense_PE": 8, "n_front_dense_RxDec": 8, "state_width": 8, "n_epochs": 2, "J_list": [2.7725980281829834, 2.772548198699951], "time_taken": 15.268264532089233}