{"n_front_dense_FE": 8, "n_front_dense_PE": 8, "n_front_dense_RxDec": 4, "state_width": 8, "n_epochs": 2, "J_list": [2.772564649581909, 2.817349910736084], "time_taken": 15.189759492874146}