{"n_front_dense_FE": 2, "n_front_dense_PE": 2, "n_front_dense_RxDec": 2, "state_width": 8, "n_epochs": 2, "J_list": [2.772632122039795, 2.7817773818969727], "time_taken": 9.044955968856812}