{"n_front_dense_FE": 2, "n_front_dense_PE": 8, "n_front_dense_RxDec": 2, "state_width": 8, "n_epochs": 2, "J_list": [2.772814989089966, 2.783173084259033], "time_taken": 11.564494848251343}