{"n_front_dense_FE": 8, "n_front_dense_PE": 8, "n_front_dense_RxDec": 2, "state_width": 8, "n_epochs": 2, "J_list": [2.7726147174835205, 2.774812698364258], "time_taken": 14.259657621383667}