{"n_front_dense_FE": 8, "n_front_dense_PE": 2, "n_front_dense_RxDec": 2, "state_width": 8, "n_epochs": 2, "J_list": [2.7725977897644043, 2.7792856693267822], "time_taken": 12.0050630569458}