{"n_front_dense_FE": 8, "n_front_dense_PE": 8, "n_front_dense_RxDec": 1, "state_width": 8, "n_epochs": 2, "J_list": [2.7725491523742676, 2.808175563812256], "time_taken": 16.755066394805908}