{"n_front_dense_FE": 2, "n_front_dense_PE": 2, "n_front_dense_RxDec": 2, "state_width": 8, "n_epochs": 20, "n_additional_epochs": 20, "CFO_coef": 1, "SNR": 13, "J_list": [2.773015260696411, 2.774747133255005, 2.779547691345215, 2.8129372596740723, 2.765778064727783, 2.7819900512695312, 2.7698378562927246, 2.7481491565704346, 2.7507972717285156, 2.7389512062072754, 2.7077696323394775, 2.690673351287842, 2.6516432762145996, 2.5652661323547363, 2.5009918212890625, 2.284219741821289, 2.2780556678771973, 2.2006466388702393, 2.119312286376953, 1.9512088298797607, 2.350954532623291, 2.3410484790802, 1.9042142629623413, 1.9740116596221924, 1.8547874689102173, 1.8264423608779907, 1.8017514944076538, 1.8203117847442627, 1.9439369440078735, 1.7280654907226562, 1.7145124673843384, 1.6668922901153564, 1.6701805591583252, 1.8273239135742188, 1.6800845861434937, 1.695471167564392, 2.003180742263794, 1.4705021381378174, 1.7716375589370728, 1.504896879196167], "time_taken": 170.5068004131317, "bit_accuracy": 0.42000000000000004}