{"n_front_dense_FE": 2, "n_front_dense_PE": 2, "n_front_dense_RxDec": 2, "state_width": 0, "n_epochs": 100, "n_additional_epochs": 10, "CFO_coef": 1, "SNR": 10, "J_list": [2.7725894451141357, 2.772697925567627, 2.771973133087158, 2.7736973762512207, 2.7708663940429688, 2.771620512008667, 2.7723987102508545, 2.775275707244873, 2.7753138542175293, 2.7734808921813965, 2.7710623741149902, 2.7752857208251953, 2.7710134983062744, 2.768800735473633, 2.7714529037475586, 2.771432399749756, 2.774463176727295, 2.769861936569214, 2.774315595626831, 2.7717392444610596, 2.7770659923553467, 2.7727773189544678, 2.771578311920166, 2.7751598358154297, 2.766322374343872, 2.778559923171997, 2.7777657508850098, 2.7708356380462646, 2.779954433441162, 2.7702527046203613, 2.7727603912353516, 2.7745580673217773, 2.774020195007324, 2.773980140686035, 2.7736763954162598, 2.77437424659729, 2.777086019515991, 2.773361921310425, 2.770855665206909, 2.772218704223633, 2.776097536087036, 2.777400255203247, 2.775653839111328, 2.776388645172119, 2.77146053314209, 2.771615982055664, 2.773423671722412, 2.774514675140381, 2.773475170135498, 2.7732093334198, 2.775076389312744, 2.774068593978882, 2.7744956016540527, 2.7702412605285645, 2.774946689605713, 2.773792266845703, 2.774675130844116, 2.7743420600891113, 2.7720229625701904, 2.7735962867736816, 2.7716031074523926, 2.771406650543213, 2.771226644515991, 2.7737538814544678, 2.772080659866333, 2.773043632507324, 2.771108627319336, 2.7729735374450684, 2.7717278003692627, 2.7712719440460205, 2.776087522506714, 2.776484966278076, 2.774158000946045, 2.7759642601013184, 2.7743020057678223, 2.7728829383850098, 2.7743306159973145, 2.7726073265075684, 2.7728726863861084, 2.7730674743652344, 2.7727532386779785, 2.7721152305603027, 2.7724080085754395, 2.7748680114746094, 2.7756118774414062, 2.7725179195404053, 2.773284912109375, 2.7729904651641846, 2.7729575634002686, 2.774651050567627, 2.774020195007324, 2.7711551189422607, 2.773164749145508, 2.7731852531433105, 2.773552417755127, 2.772230625152588, 2.7716965675354004, 2.77370023727417, 2.7709195613861084, 2.7712509632110596, 2.7737374305725098, 2.7733569145202637, 2.7725393772125244, 2.774953603744507, 2.7760353088378906, 2.7720189094543457, 2.7718048095703125, 2.770270586013794, 2.7727253437042236, 2.7693381309509277], "time_taken": 740.2757866382599, "bit_accuracy": 0.055625}