{"n_front_dense_FE": 2, "n_front_dense_PE": 2, "n_front_dense_RxDec": 2, "state_width": 0, "n_epochs": 100, "n_additional_epochs": 10, "CFO_coef": 1, "SNR": 6, "J_list": [2.7725894451141357, 2.7723453044891357, 2.7731268405914307, 2.772566795349121, 2.7717597484588623, 2.7720577716827393, 2.773871421813965, 2.775836944580078, 2.7708849906921387, 2.7734131813049316, 2.7741310596466064, 2.775284767150879, 2.7728404998779297, 2.7740843296051025, 2.77044939994812, 2.7713236808776855, 2.7764711380004883, 2.7776267528533936, 2.771469831466675, 2.7736759185791016, 2.771684169769287, 2.7746901512145996, 2.7709908485412598, 2.7735095024108887, 2.7729179859161377, 2.7754740715026855, 2.77113676071167, 2.775707244873047, 2.771657705307007, 2.7750000953674316, 2.773833751678467, 2.7737925052642822, 2.773314952850342, 2.7738959789276123, 2.772724151611328, 2.772444486618042, 2.77325701713562, 2.772705078125, 2.7739741802215576, 2.7740087509155273, 2.7727484703063965, 2.7715413570404053, 2.7724499702453613, 2.7734808921813965, 2.7722396850585938, 2.773707628250122, 2.774594783782959, 2.7707901000976562, 2.773425340652466, 2.772343635559082, 2.7729954719543457, 2.772578477859497, 2.775534152984619, 2.771714687347412, 2.77390718460083, 2.773994207382202, 2.770603656768799, 2.7718279361724854, 2.771204710006714, 2.775725841522217, 2.7713687419891357, 2.773768186569214, 2.7736759185791016, 2.7729082107543945, 2.7712979316711426, 2.772655963897705, 2.7728874683380127, 2.771606922149658, 2.7712395191192627, 2.772130250930786, 2.7738888263702393, 2.7726244926452637, 2.7738490104675293, 2.771885633468628, 2.7716894149780273, 2.775918483734131, 2.772367000579834, 2.7725119590759277, 2.7725024223327637, 2.7740073204040527, 2.772684097290039, 2.777470588684082, 2.7730658054351807, 2.7717525959014893, 2.772109270095825, 2.771681308746338, 2.774198532104492, 2.7719638347625732, 2.7686729431152344, 2.7722344398498535, 2.772517442703247, 2.769514560699463, 2.772545337677002, 2.7756187915802, 2.7741611003875732, 2.769744396209717, 2.7730777263641357, 2.7723326683044434, 2.7714016437530518, 2.7744319438934326, 2.7757391929626465, 2.770669937133789, 2.7729220390319824, 2.774784564971924, 2.77349853515625, 2.7722134590148926, 2.76996111869812, 2.771164655685425, 2.77354097366333, 2.7725937366485596], "time_taken": 659.1447720527649, "bit_accuracy": 0.059687500000000004}