{"n_front_dense_FE": 2, "n_front_dense_PE": 2, "n_front_dense_RxDec": 2, "state_width": 0, "n_epochs": 100, "n_additional_epochs": 10, "CFO_coef": 1, "SNR": 5, "J_list": [2.7725894451141357, 2.7722294330596924, 2.771923303604126, 2.7730047702789307, 2.7734591960906982, 2.772818088531494, 2.7738208770751953, 2.773886203765869, 2.771461009979248, 2.774524688720703, 2.771841287612915, 2.774366855621338, 2.7770793437957764, 2.7745308876037598, 2.7730517387390137, 2.7749886512756348, 2.772794008255005, 2.7731781005859375, 2.7760305404663086, 2.770876407623291, 2.774864673614502, 2.775135040283203, 2.7725749015808105, 2.7732322216033936, 2.7745633125305176, 2.77203369140625, 2.773178815841675, 2.771798610687256, 2.77331805229187, 2.7753798961639404, 2.7736239433288574, 2.772449254989624, 2.772789478302002, 2.771507501602173, 2.7763495445251465, 2.7736995220184326, 2.7735469341278076, 2.7744171619415283, 2.7718286514282227, 2.773209810256958, 2.7706446647644043, 2.7718353271484375, 2.7728991508483887, 2.7725517749786377, 2.772911787033081, 2.7715282440185547, 2.7734029293060303, 2.771833658218384, 2.7735543251037598, 2.769299030303955, 2.7704765796661377, 2.772080898284912, 2.7733325958251953, 2.7751917839050293, 2.7737677097320557, 2.7753891944885254, 2.76953125, 2.7744529247283936, 2.769733190536499, 2.774890422821045, 2.772275686264038, 2.775189161300659, 2.7762484550476074, 2.774977207183838, 2.7728984355926514, 2.7743611335754395, 2.7721197605133057, 2.7710859775543213, 2.7739169597625732, 2.775148391723633, 2.7742502689361572, 2.771522045135498, 2.7762184143066406, 2.7706682682037354, 2.7724552154541016, 2.77158784866333, 2.774742603302002, 2.7755138874053955, 2.7756431102752686, 2.775787353515625, 2.7733850479125977, 2.7741825580596924, 2.7705395221710205, 2.7708075046539307, 2.77156400680542, 2.772759437561035, 2.773036003112793, 2.771933078765869, 2.773578405380249, 2.7697930335998535, 2.770535469055176, 2.7752959728240967, 2.77489972114563, 2.770623207092285, 2.7731032371520996, 2.7710113525390625, 2.7734081745147705, 2.770732879638672, 2.7709503173828125, 2.7711315155029297, 2.7717697620391846, 2.775317907333374, 2.776703119277954, 2.772735118865967, 2.7719273567199707, 2.7754645347595215, 2.7731757164001465, 2.7751498222351074, 2.7758772373199463, 2.7739694118499756], "time_taken": 673.6277213096619, "bit_accuracy": 0.0609375}