{"n_front_dense_FE": 2, "n_front_dense_PE": 2, "n_front_dense_RxDec": 2, "state_width": 0, "n_epochs": 100, "n_additional_epochs": 10, "CFO_coef": 1, "SNR": 3, "J_list": [2.7725894451141357, 2.772916078567505, 2.7716078758239746, 2.7736144065856934, 2.774035930633545, 2.7710652351379395, 2.771416664123535, 2.770961284637451, 2.771029233932495, 2.773832082748413, 2.7757604122161865, 2.7753348350524902, 2.7745211124420166, 2.7701668739318848, 2.77362322807312, 2.775886058807373, 2.7717373371124268, 2.7736711502075195, 2.7739007472991943, 2.771517515182495, 2.772426128387451, 2.7721426486968994, 2.767819404602051, 2.773165464401245, 2.7683277130126953, 2.7740023136138916, 2.7733757495880127, 2.774258852005005, 2.7685627937316895, 2.7715566158294678, 2.7737553119659424, 2.7722437381744385, 2.7770493030548096, 2.775272846221924, 2.7732326984405518, 2.7704784870147705, 2.7712390422821045, 2.775408983230591, 2.776798963546753, 2.7773029804229736, 2.7735962867736816, 2.7715139389038086, 2.7725741863250732, 2.7721972465515137, 2.7734215259552, 2.775552749633789, 2.773313045501709, 2.7722837924957275, 2.7733607292175293, 2.7736058235168457, 2.772916316986084, 2.775670051574707, 2.772789478302002, 2.7731399536132812, 2.7710461616516113, 2.772599220275879, 2.7760214805603027, 2.7746691703796387, 2.772451400756836, 2.774890899658203, 2.772109270095825, 2.772677183151245, 2.773850917816162, 2.7759900093078613, 2.7746634483337402, 2.77331805229187, 2.774550437927246, 2.773620367050171, 2.7721011638641357, 2.772322416305542, 2.7718491554260254, 2.7738940715789795, 2.772202253341675, 2.7726197242736816, 2.772891044616699, 2.7738242149353027, 2.774096727371216, 2.772594928741455, 2.7732605934143066, 2.773097515106201, 2.774660110473633, 2.7742698192596436, 2.772719383239746, 2.7720093727111816, 2.7736597061157227, 2.7690606117248535, 2.771434783935547, 2.772477388381958, 2.771235227584839, 2.77654767036438, 2.769852876663208, 2.7742366790771484, 2.774028778076172, 2.7723116874694824, 2.7742037773132324, 2.7755062580108643, 2.7736356258392334, 2.771115779876709, 2.7739205360412598, 2.7720587253570557, 2.774655818939209, 2.7716212272644043, 2.773216962814331, 2.7732596397399902, 2.7711219787597656, 2.772540330886841, 2.7743990421295166, 2.772460460662842, 2.771496057510376, 2.7773396968841553], "time_taken": 642.0074591636658, "bit_accuracy": 0.0609375}