{"n_front_dense_FE": 2, "n_front_dense_PE": 1, "n_front_dense_RxDec": 2, "state_width": 8, "n_epochs": 80, "J_list": [2.773266315460205, 2.782588481903076, 2.756559371948242, 2.778128147125244, 2.726511001586914, 2.641836404800415, 2.5796704292297363, 2.4151878356933594, 2.319706439971924, 2.376967191696167, 2.111433506011963, 2.008208751678467, 1.9117625951766968, 1.7503020763397217, 1.647605538368225, 1.531958818435669, 1.3930132389068604, 1.4239375591278076, 1.1729999780654907, 0.9763402938842773, 0.9356722831726074, 0.8125198483467102, 0.7178750038146973, 0.6511653661727905, 0.6138924360275269, 0.5436542630195618, 0.4252200126647949, 0.3732336163520813, 0.3350662291049957, 0.31050994992256165, 0.3486415445804596, 0.20623679459095, 0.21169209480285645, 0.34478288888931274, 0.1313871592283249, 0.22809867560863495, 0.24993129074573517, 0.20344702899456024, 0.24065041542053223, 0.1565718948841095, 0.31529736518859863, 0.17034025490283966, 0.1201174259185791, 0.24474883079528809, 0.23644044995307922, 0.18695737421512604, 0.25131821632385254, 0.3036668300628662, 0.15517251193523407, 0.40569400787353516, 0.3054735064506531, 0.3701437711715698, 0.23864784836769104, 0.26000919938087463, 0.15136435627937317, 0.17351344227790833, 0.1275707632303238, 0.29349321126937866, 0.16482886672019958, 0.1832059919834137, 0.1481451690196991, 0.09689696133136749, 0.15997879207134247, 0.05715635418891907, 0.07234829664230347, 0.11008775234222412, 0.07917747646570206, 0.026887614279985428, 0.04344429820775986, 0.03637651726603508, 0.06166718155145645, 0.01818425953388214, 0.014924908988177776, 0.021622084081172943, 0.02218686416745186, 0.022512441501021385, 0.016783976927399635, 0.013741972856223583, 0.006054679863154888, 0.01460973173379898], "time_taken": 670.2236371040344}