{"n_front_dense_FE": 4, "n_front_dense_PE": 1, "n_front_dense_RxDec": 2, "state_width": 8, "n_epochs": 80, "J_list": [2.772594451904297, 2.8537099361419678, 2.78084135055542, 2.779123544692993, 2.772696018218994, 2.7688674926757812, 2.7837271690368652, 2.7814974784851074, 2.776170015335083, 2.7643635272979736, 2.7511870861053467, 2.7411975860595703, 2.728538990020752, 2.6571309566497803, 2.612151861190796, 2.8289313316345215, 2.47556734085083, 2.6179823875427246, 2.426321506500244, 2.4089813232421875, 2.3820950984954834, 2.2302393913269043, 2.1831717491149902, 2.076716899871826, 1.9770355224609375, 1.9599354267120361, 1.8011564016342163, 1.803765892982483, 1.7617647647857666, 1.5824649333953857, 1.590398907661438, 1.6099164485931396, 1.4384591579437256, 1.4981443881988525, 1.4830204248428345, 1.3277313709259033, 1.2566964626312256, 1.274498462677002, 1.2068504095077515, 1.1215378046035767, 1.1123565435409546, 1.2164127826690674, 1.1220757961273193, 1.033071517944336, 0.9731870889663696, 0.9887489080429077, 1.0780225992202759, 1.0073785781860352, 0.8615202903747559, 0.8658220171928406, 0.8241482973098755, 0.9106470346450806, 0.7093798518180847, 0.673378586769104, 0.6909259557723999, 0.6170388460159302, 0.566207230091095, 0.511062741279602, 0.44787272810935974, 0.4584690034389496, 0.44504374265670776, 0.3634336590766907, 0.35411056876182556, 0.3369833827018738, 0.3594323694705963, 0.2757043242454529, 0.2685016989707947, 0.2874078154563904, 0.18159720301628113, 0.23126427829265594, 0.1925894320011139, 0.18095353245735168, 0.11789083480834961, 0.1495169848203659, 0.17492806911468506, 0.17584754526615143, 0.2000703364610672, 0.2348528355360031, 0.2076917141675949, 0.18701693415641785], "time_taken": 559.3166422843933}