{"n_front_dense_FE": 2, "n_front_dense_PE": 1, "n_front_dense_RxDec": 2, "state_width": 8, "n_epochs": 80, "J_list": [2.772473096847534, 2.7690463066101074, 2.7844793796539307, 2.758500337600708, 2.749624252319336, 2.704237937927246, 2.6057827472686768, 2.4989724159240723, 2.3671116828918457, 2.363630533218384, 2.1626198291778564, 2.0082480907440186, 1.834800362586975, 1.8279489278793335, 1.5627775192260742, 1.3550559282302856, 1.2588526010513306, 1.3196500539779663, 0.8944686651229858, 0.8944530487060547, 0.827846348285675, 0.6593832969665527, 0.5997459292411804, 0.5135894417762756, 0.4954637587070465, 0.402062326669693, 0.36095255613327026, 0.3598366677761078, 0.305509090423584, 0.3788456320762634, 0.22130027413368225, 0.1419847011566162, 0.19158531725406647, 0.13087821006774902, 0.10131887346506119, 0.11718851327896118, 0.04842735454440117, 0.07064192742109299, 0.03582814335823059, 0.025578955188393593, 0.0722273588180542, 0.05037476867437363, 0.02509360946714878, 0.04494532197713852, 0.058177489787340164, 0.03738190978765488, 0.030025210231542587, 0.053788118064403534, 0.027616029605269432, 0.041080884635448456, 0.045654457062482834, 0.029406432062387466, 0.08108465373516083, 0.04978734254837036, 0.047365766018629074, 0.03442798927426338, 0.14283689856529236, 0.07299208641052246, 0.10818364471197128, 0.008567437529563904, 0.24802431464195251, 0.08301277458667755, 0.4458281397819519, 0.10276392847299576, 0.5125502347946167, 0.2331598550081253, 0.23584190011024475, 0.36173683404922485, 0.3917013704776764, 0.25460344552993774, 0.24439415335655212, 0.4082583785057068, 0.10296666622161865, 0.24386827647686005, 0.30606359243392944, 0.18297487497329712, 0.1678985059261322, 0.1961013227701187, 0.06901327520608902, 0.08782480657100677], "time_taken": 556.5276019573212}