{"n_front_dense_FE": 2, "n_front_dense_PE": 1, "n_front_dense_RxDec": 2, "state_width": 8, "n_epochs": 80, "J_list": [2.772531032562256, 2.7878150939941406, 2.7757644653320312, 2.7449660301208496, 2.6836330890655518, 2.6299796104431152, 2.548262357711792, 2.7306370735168457, 2.3394477367401123, 2.382091760635376, 2.335907459259033, 2.185973882675171, 2.1165740489959717, 1.9690325260162354, 1.755617380142212, 1.619610071182251, 1.4469255208969116, 1.294659972190857, 1.1267865896224976, 0.9631149172782898, 0.7204316258430481, 0.7639203071594238, 0.6434711217880249, 0.5342273116111755, 0.3976365327835083, 0.43948763608932495, 0.2597528100013733, 0.2696916162967682, 0.342567503452301, 0.17552082240581512, 0.13976359367370605, 0.16705481708049774, 0.20530390739440918, 0.06339967995882034, 0.14918172359466553, 0.07360909879207611, 0.10226251929998398, 0.07656629383563995, 0.13870249688625336, 0.054037462919950485, 0.04553789645433426, 0.07190732657909393, 0.06750239431858063, 0.0633111372590065, 0.031383924186229706, 0.07191213965415955, 0.05888437107205391, 0.016734611243009567, 0.02769208513200283, 0.025101006031036377, 0.04210604354739189, 0.033380985260009766, 0.025899361819028854, 0.0317930243909359, 0.067007876932621, 0.029893487691879272, 0.021665846928954124, 0.006187756545841694, 0.02853386662900448, 0.02933923900127411, 0.02702268958091736, 0.03632393479347229, 0.03470665216445923, 0.022045951336622238, 0.05560379475355148, 0.019917752593755722, 0.007717025466263294, 0.01596803031861782, 0.01798558607697487, 0.0539824441075325, 0.04855842888355255, 0.00550489965826273, 0.015413952060043812, 0.08296128362417221, 0.08705522865056992, 0.06374295055866241, 0.06038736179471016, 0.006577524356544018, 0.10189761966466904, 0.05953949689865112], "time_taken": 449.38500595092773}