{"n_front_dense_FE": 2, "n_front_dense_PE": 1, "n_front_dense_RxDec": 2, "state_width": 8, "n_epochs": 80, "J_list": [2.7720253467559814, 2.7681667804718018, 2.772864818572998, 2.7516684532165527, 2.7071926593780518, 2.6772074699401855, 2.6283364295959473, 2.465548038482666, 2.281191349029541, 2.1718761920928955, 1.8319900035858154, 1.8719371557235718, 1.7718089818954468, 1.5382988452911377, 1.3326976299285889, 1.3749339580535889, 1.23383367061615, 1.0621006488800049, 1.0748788118362427, 0.8930965662002563, 0.9054800868034363, 0.8157035112380981, 0.6876203417778015, 0.7026439905166626, 0.5649960041046143, 0.5502091646194458, 0.4885891377925873, 0.44815635681152344, 0.5136902928352356, 0.3385867178440094, 0.32144972681999207, 0.3347170948982239, 0.20381124317646027, 0.25161975622177124, 0.1968805491924286, 0.07955557107925415, 0.17462942004203796, 0.21107248961925507, 0.11121828854084015, 0.08084969967603683, 0.05080462619662285, 0.06326068937778473, 0.0677078440785408, 0.06711137294769287, 0.07141989469528198, 0.01665002666413784, 0.05515558645129204, 0.08755531162023544, 0.11193530261516571, 0.027732115238904953, 0.08788414299488068, 0.08374328166246414, 0.05116673558950424, 0.03714516758918762, 0.040575478225946426, 0.017146101221442223, 0.08736817538738251, 0.029261082410812378, 0.10489966720342636, 0.02850233018398285, 0.07279632240533829, 0.03940866142511368, 0.08175858855247498, 0.05252581089735031, 0.08579351007938385, 0.03663811832666397, 0.1259026974439621, 0.03110739216208458, 0.044377148151397705, 0.301466166973114, 0.0797862708568573, 0.1037718802690506, 0.0590193048119545, 0.08032763004302979, 0.10302432626485825, 0.0479184165596962, 0.10238514095544815, 0.0827454924583435, 0.19456614553928375, 0.06483340263366699], "time_taken": 425.5979940891266}