{"n_front_dense_FE": 4, "n_front_dense_PE": 1, "n_front_dense_RxDec": 2, "state_width": 8, "n_epochs": 80, "J_list": [2.771937847137451, 2.7907118797302246, 2.7716171741485596, 2.760371208190918, 2.7474253177642822, 2.6573619842529297, 2.8780674934387207, 2.568366289138794, 2.648676872253418, 2.6070685386657715, 2.622910261154175, 2.5226831436157227, 2.5079472064971924, 2.4332377910614014, 2.2466118335723877, 2.165778636932373, 2.08083176612854, 1.9414584636688232, 1.834072470664978, 1.6783729791641235, 1.7360849380493164, 1.5756314992904663, 1.6356525421142578, 1.6294063329696655, 1.3784520626068115, 1.3239222764968872, 1.3562748432159424, 1.3047425746917725, 1.1550960540771484, 1.0697057247161865, 0.9931420087814331, 0.8948122262954712, 0.7907180190086365, 0.7257870435714722, 0.7252065539360046, 0.6163989305496216, 0.47863978147506714, 0.4804905951023102, 0.42411598563194275, 0.38153719902038574, 0.34876105189323425, 0.34983786940574646, 0.3156770169734955, 0.24844780564308167, 0.2699353098869324, 0.23812182247638702, 0.2921089828014374, 0.1913561373949051, 0.2157878875732422, 0.1645340472459793, 0.25503650307655334, 0.24836575984954834, 0.18929798901081085, 0.35158926248550415, 0.19344034790992737, 0.34581258893013, 0.21698994934558868, 0.17037828266620636, 0.2262563705444336, 0.2606425881385803, 0.11944390833377838, 0.3398539423942566, 0.13169598579406738, 0.17253732681274414, 0.09959643334150314, 0.1842222511768341, 0.11902514845132828, 0.10066919028759003, 0.09516571462154388, 0.09635595977306366, 0.12121012061834335, 0.0744716078042984, 0.08891605585813522, 0.11806619167327881, 0.07439403980970383, 0.03364669159054756, 0.08183629810810089, 0.07663893699645996, 0.09816610813140869, 0.050797902047634125], "time_taken": 516.9778289794922}