{"n_front_dense_FE": 2, "n_front_dense_PE": 1, "n_front_dense_RxDec": 2, "state_width": 8, "n_epochs": 80, "J_list": [2.773249387741089, 2.7748584747314453, 2.7630455493927, 2.7371914386749268, 2.701554536819458, 2.672624111175537, 2.5511276721954346, 2.4528660774230957, 2.356405735015869, 2.1399950981140137, 2.135463237762451, 1.9421355724334717, 1.7138515710830688, 1.5369676351547241, 1.3722609281539917, 1.138495683670044, 0.9630996584892273, 0.8352211117744446, 0.7071573138237, 0.4800568222999573, 0.3735274374485016, 0.3478436768054962, 0.34231775999069214, 0.283882200717926, 0.26166871190071106, 0.34082093834877014, 0.3189825117588043, 0.2148084193468094, 0.5599855184555054, 0.4166448712348938, 0.2356804609298706, 0.3261483311653137, 0.5063360929489136, 0.36918675899505615, 0.21674665808677673, 0.2560268044471741, 0.21435227990150452, 0.3104977011680603, 0.2469722032546997, 0.19249770045280457, 0.13915862143039703, 0.07721658051013947, 0.2603846490383148, 0.13383248448371887, 0.13198964297771454, 0.17832204699516296, 0.1491142064332962, 0.13198789954185486, 0.12088252604007721, 0.07188011705875397, 0.10827074199914932, 0.11263526976108551, 0.05041409656405449, 0.07047391682863235, 0.03576580435037613, 0.1125795841217041, 0.12726286053657532, 0.05080689117312431, 0.07316459715366364, 0.07830467075109482, 0.04492899402976036, 0.04837498441338539, 0.019364049658179283, 0.03527490049600601, 0.032723259180784225, 0.036069996654987335, 0.03217169642448425, 0.020529959350824356, 0.017203185707330704, 0.009618610143661499, 0.006760242395102978, 0.013202227652072906, 0.020339420065283775, 0.00882481038570404, 0.007199571933597326, 0.007055878639221191, 0.00757361575961113, 0.007137972861528397, 0.025042247027158737, 0.01286768727004528], "time_taken": 407.0231373310089}