{"n_front_dense_FE": 2, "n_front_dense_PE": 1, "n_front_dense_RxDec": 2, "state_width": 8, "n_epochs": 80, "J_list": [2.7723286151885986, 2.7802891731262207, 2.7633056640625, 2.8035340309143066, 2.7260143756866455, 2.7053730487823486, 2.610161304473877, 2.5123183727264404, 2.343545436859131, 2.3410046100616455, 2.1038239002227783, 1.8744003772735596, 1.840663194656372, 1.5857093334197998, 1.3628772497177124, 1.1214450597763062, 0.9413830041885376, 0.8060874938964844, 0.5706594586372375, 0.5334380269050598, 0.46189016103744507, 0.3269850015640259, 0.31728997826576233, 0.25753262639045715, 0.19100098311901093, 0.10826587677001953, 0.16169174015522003, 0.055109668523073196, 0.08119674772024155, 0.07256089150905609, 0.053608447313308716, 0.07682065665721893, 0.12741029262542725, 0.10739545524120331, 0.10416430234909058, 0.046607788652181625, 0.02445301041007042, 0.12969346344470978, 0.0940217524766922, 0.08998408168554306, 0.04549422115087509, 0.32065796852111816, 0.10876454412937164, 0.6570847630500793, 0.22113776206970215, 0.5872536301612854, 0.4994162917137146, 0.3610920310020447, 0.18060465157032013, 0.21142391860485077, 0.4851502478122711, 0.2107992172241211, 0.21483080089092255, 0.1813395917415619, 0.1772410124540329, 0.32565778493881226, 0.2826624810695648, 0.17853307723999023, 0.4962032437324524, 0.13946834206581116, 0.1352236568927765, 0.2951313853263855, 0.08274166285991669, 0.16168057918548584, 0.25338369607925415, 0.09033883363008499, 0.0632701963186264, 0.03875228017568588, 0.06802508234977722, 0.08411415666341782, 0.042185358703136444, 0.07191683351993561, 0.09102900326251984, 0.04891158267855644, 0.027933979406952858, 0.04309910535812378, 0.03648011386394501, 0.01883363351225853, 0.019580045714974403, 0.04560607671737671], "time_taken": 510.60996532440186}