{"n_front_dense_FE": 2, "n_front_dense_PE": 1, "n_front_dense_RxDec": 2, "state_width": 8, "n_epochs": 80, "J_list": [2.772614002227783, 2.771803379058838, 2.7535126209259033, 2.7432446479797363, 2.685070514678955, 2.493210554122925, 2.6079070568084717, 2.591892957687378, 2.372204303741455, 2.3816394805908203, 2.2937233448028564, 2.3151612281799316, 2.1800198554992676, 2.061457395553589, 1.9389442205429077, 1.8172061443328857, 1.8232958316802979, 1.5990118980407715, 1.4919674396514893, 1.3909245729446411, 1.2823237180709839, 1.1917444467544556, 1.1540004014968872, 2.0422043800354004, 1.5356343984603882, 1.7250099182128906, 1.6364027261734009, 1.6996803283691406, 1.4434349536895752, 1.3016539812088013, 1.2145017385482788, 1.141501545906067, 1.1076565980911255, 1.1080248355865479, 0.9423755407333374, 0.882076621055603, 0.8468928337097168, 0.7275885343551636, 0.6416784524917603, 0.49615955352783203, 0.45291098952293396, 0.3519214689731598, 0.2541096806526184, 0.2136114537715912, 0.17844665050506592, 0.1333467662334442, 0.1328800618648529, 0.08717387914657593, 0.07017356157302856, 0.0796767845749855, 0.04760940000414848, 0.042067550122737885, 0.04248323664069176, 0.018367284908890724, 0.015608596615493298, 0.023008840158581734, 0.01141694188117981, 0.007492662873119116, 0.010770784690976143, 0.007536242716014385, 0.004828974604606628, 0.005117591004818678, 0.003252316964790225, 0.005124772433191538, 0.010031180456280708, 0.009779505431652069, 0.004648737143725157, 0.0028008955996483564, 0.004367056302726269, 0.004362753592431545, 0.0061235614120960236, 0.006553904619067907, 0.003907469101250172, 0.002947162603959441, 0.005004747770726681, 0.005954235326498747, 0.009864621795713902, 0.0034890267997980118, 0.006759333424270153, 0.025749236345291138], "time_taken": 592.3691220283508}