{"n_front_dense_FE": 2, "n_front_dense_PE": 1, "n_front_dense_RxDec": 2, "state_width": 8, "n_epochs": 80, "J_list": [2.7724270820617676, 2.789393186569214, 2.7752325534820557, 2.7716662883758545, 2.7574193477630615, 2.7181622982025146, 2.6815383434295654, 2.533888101577759, 2.5617318153381348, 2.504566192626953, 2.315225124359131, 2.2708284854888916, 2.145812511444092, 2.08964467048645, 1.9197580814361572, 1.8418865203857422, 1.6310851573944092, 1.49965500831604, 1.3993737697601318, 1.4450576305389404, 1.3394155502319336, 1.0398842096328735, 0.9848554730415344, 0.8814231157302856, 0.7431033849716187, 0.7204239964485168, 0.6903801560401917, 0.5016666054725647, 0.4950745105743408, 0.4955732226371765, 0.34609419107437134, 0.5148153305053711, 0.3377043604850769, 0.4299331605434418, 0.27234601974487305, 0.34220847487449646, 0.27062636613845825, 0.19074399769306183, 0.2276563197374344, 0.21788068115711212, 0.13046841323375702, 0.17072349786758423, 0.22305746376514435, 0.12048091739416122, 0.08966348320245743, 0.1257915198802948, 0.11897142976522446, 0.11275546252727509, 0.1023910865187645, 0.09679264575242996, 0.0990353673696518, 0.08212307840585709, 0.07466904073953629, 0.10870103538036346, 0.04046797379851341, 0.06125647947192192, 0.08572665601968765, 0.07064195722341537, 0.08410400152206421, 0.07488603889942169, 0.11970818042755127, 0.0929509699344635, 0.03869178891181946, 0.09476246684789658, 0.07107093930244446, 0.05435282737016678, 0.06693576276302338, 0.029226768761873245, 0.090370774269104, 0.041513197124004364, 0.2242727279663086, 0.08009463548660278, 0.07456861436367035, 0.13699612021446228, 0.07204080373048782, 0.17851941287517548, 0.05062561109662056, 0.021798038855195045, 0.13773179054260254, 0.1012120246887207], "time_taken": 494.23829913139343}