{"n_front_dense_FE": 4, "n_front_dense_PE": 1, "n_front_dense_RxDec": 2, "state_width": 8, "n_epochs": 80, "J_list": [2.7724967002868652, 2.7821431159973145, 2.773775100708008, 2.776297092437744, 2.7704291343688965, 2.730170488357544, 2.6832821369171143, 2.657623767852783, 2.533484935760498, 2.4979069232940674, 2.365600109100342, 2.221815347671509, 2.4714486598968506, 2.466750383377075, 2.2114012241363525, 2.2022716999053955, 2.1234943866729736, 2.1615395545959473, 1.99509596824646, 1.8947128057479858, 1.721050500869751, 1.5612739324569702, 1.490504264831543, 1.3851619958877563, 1.3015191555023193, 1.1783164739608765, 1.0671052932739258, 1.0000470876693726, 0.8992475271224976, 1.0187456607818604, 0.8525850176811218, 0.699456512928009, 0.7271726727485657, 0.6573554277420044, 0.601890504360199, 0.5842024087905884, 0.5218191742897034, 0.42777666449546814, 0.42756643891334534, 0.39327579736709595, 0.37093573808670044, 0.30724141001701355, 0.290565550327301, 0.30544108152389526, 0.25983235239982605, 0.2712351679801941, 0.2271895855665207, 0.18879863619804382, 0.24009542167186737, 0.2846827805042267, 0.3224009871482849, 0.16362382471561432, 0.41019877791404724, 0.32586073875427246, 0.3083035349845886, 0.353912353515625, 0.41000014543533325, 0.28891414403915405, 0.18411464989185333, 0.43907350301742554, 0.1659633219242096, 0.493125855922699, 0.3392582833766937, 0.271272748708725, 0.23730048537254333, 0.2068265974521637, 0.16088680922985077, 0.3813141882419586, 0.22320716083049774, 0.19347310066223145, 0.16430798172950745, 0.14942848682403564, 0.13016995787620544, 0.1256781965494156, 0.13408978283405304, 0.11634377390146255, 0.13791000843048096, 0.10116301476955414, 0.06350421905517578, 0.053520768880844116], "time_taken": 531.0627045631409}