{"n_front_dense_FE": 4, "n_front_dense_PE": 1, "n_front_dense_RxDec": 2, "state_width": 8, "n_epochs": 80, "J_list": [2.771979570388794, 2.869335412979126, 2.7668442726135254, 2.7920644283294678, 2.7720725536346436, 2.7803611755371094, 2.778111696243286, 2.7749054431915283, 2.7685272693634033, 2.767979860305786, 2.746830463409424, 2.708632469177246, 2.7697291374206543, 2.638636827468872, 2.545675754547119, 2.4421753883361816, 2.338205337524414, 2.2017836570739746, 2.1940531730651855, 2.2478535175323486, 2.1694540977478027, 2.1014182567596436, 2.1553683280944824, 2.141573429107666, 2.0955264568328857, 2.048795223236084, 1.9810078144073486, 1.9319744110107422, 1.9545608758926392, 1.8888832330703735, 1.8609321117401123, 1.842458724975586, 1.7375274896621704, 1.8484455347061157, 1.7237526178359985, 1.6580015420913696, 1.6729767322540283, 1.7643845081329346, 1.63352370262146, 1.6404184103012085, 1.6363283395767212, 1.579328179359436, 1.4818384647369385, 1.4983903169631958, 1.3603582382202148, 1.3801779747009277, 1.349661946296692, 1.3804867267608643, 1.2533000707626343, 1.1863887310028076, 1.1640546321868896, 1.1526939868927002, 1.022045373916626, 0.9936277270317078, 0.9644805788993835, 0.9267171621322632, 0.8032277226448059, 0.827619731426239, 0.6984491348266602, 0.8335801959037781, 0.775771975517273, 0.8007482290267944, 0.6769326329231262, 0.6357437372207642, 0.6581219434738159, 0.539440929889679, 0.6578682661056519, 0.6842209696769714, 0.6829232573509216, 0.4807307720184326, 0.662225604057312, 0.450184166431427, 0.41568249464035034, 0.5009309649467468, 0.4555865228176117, 0.32408395409584045, 0.32473915815353394, 0.24475570023059845, 0.29989320039749146, 0.2714746296405792], "time_taken": 512.712917804718}