{"n_front_dense_FE": 2, "n_front_dense_PE": 1, "n_front_dense_RxDec": 2, "state_width": 8, "n_epochs": 80, "J_list": [2.7715606689453125, 2.7806010246276855, 2.7485837936401367, 2.8343162536621094, 2.791450023651123, 2.719820737838745, 2.7130355834960938, 2.6787025928497314, 2.594667673110962, 2.518421173095703, 2.414196729660034, 2.1545684337615967, 2.038532257080078, 1.8617976903915405, 1.662377119064331, 1.6913700103759766, 1.4154459238052368, 1.2582314014434814, 1.2469698190689087, 0.9575327634811401, 1.0956792831420898, 0.8641168475151062, 0.6237194538116455, 0.7094897031784058, 0.4581476151943207, 0.393433153629303, 0.3104080557823181, 0.2980261445045471, 0.2970479428768158, 0.2578333616256714, 0.24445557594299316, 0.15796485543251038, 0.15774887800216675, 0.18063373863697052, 0.11292014271020889, 0.10673180967569351, 0.12578198313713074, 0.14925029873847961, 0.07038774341344833, 0.05845286697149277, 0.12571465969085693, 0.11283554881811142, 0.04848712310194969, 0.06960505247116089, 0.1394263654947281, 0.050596438348293304, 0.09298775345087051, 0.1293061077594757, 0.09102252870798111, 0.0627082958817482, 0.15231439471244812, 0.08896570652723312, 0.08693309128284454, 0.09192050993442535, 0.16251853108406067, 0.10339821875095367, 0.1551542729139328, 0.05355047062039375, 0.060948390513658524, 0.17973339557647705, 0.04377046599984169, 0.09601545333862305, 0.08386372029781342, 0.03333459421992302, 0.0991399958729744, 0.08732966333627701, 0.1046888455748558, 0.036724913865327835, 0.04455599933862686, 0.11789808422327042, 0.08871503174304962, 0.02381216362118721, 0.08963468670845032, 0.07484645396471024, 0.09076626598834991, 0.1068059429526329, 0.04432230815291405, 0.03193419426679611, 0.0748957023024559, 0.03247690573334694], "time_taken": 481.2779428958893}