{"n_front_dense_FE": 4, "n_front_dense_PE": 1, "n_front_dense_RxDec": 2, "state_width": 8, "n_epochs": 80, "J_list": [2.7723443508148193, 2.781291961669922, 2.774641513824463, 2.769564151763916, 2.765129804611206, 2.7281641960144043, 2.718632459640503, 2.8342719078063965, 2.6145431995391846, 2.5593109130859375, 2.4226598739624023, 2.4463133811950684, 2.2426352500915527, 2.585326671600342, 2.0781402587890625, 2.1223950386047363, 2.116898775100708, 1.9190876483917236, 1.7674480676651, 1.6224720478057861, 1.5730432271957397, 1.4118156433105469, 1.224139928817749, 1.1876118183135986, 1.1471822261810303, 0.9429382085800171, 1.029064416885376, 1.1329882144927979, 0.9455193281173706, 0.8278077244758606, 0.9325653314590454, 0.8194020986557007, 0.7961810827255249, 0.6423270106315613, 0.7005476355552673, 0.645633339881897, 0.5847213864326477, 0.46389636397361755, 0.5255513787269592, 0.4964292645454407, 0.43998226523399353, 0.3129924237728119, 0.3334455192089081, 0.41237717866897583, 0.3340984880924225, 0.3657686114311218, 0.3108453154563904, 0.2510986328125, 0.2946396470069885, 0.1972745954990387, 0.20456919074058533, 0.22038201987743378, 0.2025703638792038, 0.1884835660457611, 0.2665395736694336, 0.12027237564325333, 0.2332140952348709, 0.16500017046928406, 0.2581860423088074, 0.2759554982185364, 0.11980839818716049, 0.1825265884399414, 0.18029746413230896, 0.23840971291065216, 0.08364786207675934, 0.1386229544878006, 0.17895865440368652, 0.16972628235816956, 0.1592293083667755, 0.24213692545890808, 0.15393830835819244, 0.2273193895816803, 0.23568940162658691, 0.09342242032289505, 0.2545338273048401, 0.22276334464550018, 0.2696632444858551, 0.2005365788936615, 0.11965197324752808, 0.2531791627407074], "time_taken": 575.5937724113464}