{"n_front_dense_FE": 4, "n_front_dense_PE": 1, "n_front_dense_RxDec": 2, "state_width": 8, "n_epochs": 80, "J_list": [2.772864818572998, 2.779937267303467, 2.7722630500793457, 2.778221845626831, 2.7781248092651367, 2.775505304336548, 2.7574989795684814, 2.7200393676757812, 2.6146838665008545, 2.427083969116211, 3.215775728225708, 4.789966583251953, 2.8557238578796387, 2.6913509368896484, 2.5799145698547363, 2.583198070526123, 2.592287540435791, 2.5416765213012695, 2.508155345916748, 2.4851584434509277, 2.438901424407959, 2.3934295177459717, 2.284135341644287, 2.1392359733581543, 2.0303988456726074, 2.0694761276245117, 2.045090913772583, 1.9934043884277344, 1.8794246912002563, 1.955209732055664, 1.7740131616592407, 1.8024883270263672, 1.6992175579071045, 1.6054691076278687, 1.6199222803115845, 1.4780317544937134, 1.443101406097412, 1.398072600364685, 1.3263418674468994, 1.1316906213760376, 1.0848236083984375, 1.017953872680664, 0.910519003868103, 0.863459587097168, 1.051224946975708, 1.3821618556976318, 0.7840744256973267, 1.1856666803359985, 0.7915160655975342, 0.7158317565917969, 0.7046726942062378, 0.6555353403091431, 0.5870077013969421, 0.6700257658958435, 0.4948195815086365, 0.5722399950027466, 0.6447080969810486, 0.48781314492225647, 0.4547804892063141, 0.4667891561985016, 0.4264664649963379, 0.3853279948234558, 0.3540404140949249, 0.3312319219112396, 0.29710355401039124, 0.27795615792274475, 0.31570467352867126, 0.29794448614120483, 0.1684160828590393, 0.24528098106384277, 0.2627195417881012, 0.22367830574512482, 0.1724349558353424, 0.2171560823917389, 0.15113520622253418, 0.28925204277038574, 0.1886177659034729, 0.24003159999847412, 0.22144564986228943, 0.23544077575206757], "time_taken": 509.5174551010132}