{"n_front_dense_FE": 4, "n_front_dense_PE": 1, "n_front_dense_RxDec": 2, "state_width": 8, "n_epochs": 80, "J_list": [2.772866725921631, 2.7744812965393066, 2.81085467338562, 2.764190673828125, 2.780759811401367, 2.766141414642334, 2.752396821975708, 2.723158597946167, 2.643203020095825, 2.5415918827056885, 2.5922975540161133, 3.8687870502471924, 2.4931533336639404, 2.4547529220581055, 2.5329442024230957, 2.5454018115997314, 2.502755880355835, 2.4462761878967285, 2.309164524078369, 2.2642855644226074, 2.1961264610290527, 2.137427806854248, 2.0496318340301514, 2.013394594192505, 1.9968541860580444, 1.8329483270645142, 1.6626697778701782, 1.745277762413025, 1.535396695137024, 1.457664132118225, 1.2635152339935303, 1.2765674591064453, 1.0283353328704834, 0.9679924249649048, 0.9862684011459351, 0.868524432182312, 0.838919997215271, 0.8793367147445679, 0.7032398581504822, 0.6113101840019226, 0.6610034704208374, 0.7106527090072632, 0.5888587832450867, 0.7467800378799438, 0.5388915538787842, 0.667129635810852, 0.5054213404655457, 0.7292858362197876, 0.4308256506919861, 0.6219052076339722, 0.4623224139213562, 0.5079070925712585, 0.5555821657180786, 0.42555466294288635, 0.3164547383785248, 0.3144177794456482, 0.34695518016815186, 0.2520807981491089, 0.2935299873352051, 0.26354479789733887, 0.21721406280994415, 0.21734079718589783, 0.14721345901489258, 0.17911937832832336, 0.18566632270812988, 0.16148793697357178, 0.1721203327178955, 0.12330923229455948, 0.17712873220443726, 0.11310778558254242, 0.10120177268981934, 0.10949523746967316, 0.09756125509738922, 0.10264448821544647, 0.08331276476383209, 0.08000001311302185, 0.05722738429903984, 0.05685461685061455, 0.042129699140787125, 0.042798321694135666], "time_taken": 632.6570127010345}