{"n_front_dense_FE": 4, "n_front_dense_PE": 1, "n_front_dense_RxDec": 2, "state_width": 8, "n_epochs": 80, "J_list": [2.7723889350891113, 2.808746814727783, 2.774562358856201, 2.7815842628479004, 2.770942211151123, 2.7734665870666504, 2.760725736618042, 2.7062582969665527, 2.7305502891540527, 3.039254665374756, 2.6123905181884766, 2.593738079071045, 2.6071882247924805, 2.6323647499084473, 2.5779385566711426, 2.4899773597717285, 2.4739651679992676, 2.3536388874053955, 2.271397829055786, 2.1052989959716797, 1.94316828250885, 1.8761838674545288, 1.7969093322753906, 1.7309989929199219, 1.6710147857666016, 1.5283764600753784, 1.4129070043563843, 1.4505021572113037, 1.324537992477417, 1.322232961654663, 1.1466891765594482, 1.1447675228118896, 0.9920614957809448, 1.0538082122802734, 1.3574635982513428, 1.0176379680633545, 1.1016550064086914, 0.8765145540237427, 0.9988406300544739, 0.833395779132843, 0.9978290796279907, 0.8034887313842773, 0.6658637523651123, 0.8550044894218445, 0.7019802927970886, 0.5891496539115906, 0.5616670846939087, 0.5360634922981262, 0.47430649399757385, 0.5097771883010864, 0.3791567385196686, 0.3952636420726776, 0.30601176619529724, 0.25475624203681946, 0.301543653011322, 0.24157817661762238, 0.23946556448936462, 0.23271512985229492, 0.24214991927146912, 0.20975574851036072, 0.11459112167358398, 0.21727779507637024, 0.18298819661140442, 0.1363915503025055, 0.1773313283920288, 0.134934663772583, 0.13295809924602509, 0.08676224946975708, 0.1028653159737587, 0.0924793928861618, 0.1266787350177765, 0.1421552300453186, 0.05520658940076828, 0.13487699627876282, 0.09738500416278839, 0.06390581279993057, 0.053711771965026855, 0.09604878723621368, 0.06285643577575684, 0.08069202303886414], "time_taken": 554.0295610427856}