{"n_front_dense_FE": 4, "n_front_dense_PE": 1, "n_front_dense_RxDec": 2, "state_width": 8, "n_epochs": 80, "J_list": [2.772711992263794, 2.7819316387176514, 2.7771992683410645, 2.780529499053955, 2.778141975402832, 2.7441153526306152, 2.689058542251587, 2.507335901260376, 3.8673338890075684, 4.914216995239258, 2.5174288749694824, 2.6126580238342285, 2.6720738410949707, 2.7173895835876465, 2.7183024883270264, 2.727926254272461, 2.738234043121338, 2.7293965816497803, 2.716658353805542, 2.7128489017486572, 2.6898388862609863, 2.647160053253174, 2.6282565593719482, 2.547485589981079, 2.4772117137908936, 2.408804178237915, 2.3312535285949707, 2.2494869232177734, 2.1207194328308105, 2.124453067779541, 2.0370402336120605, 1.9308960437774658, 2.0129306316375732, 1.9884055852890015, 1.8128736019134521, 1.8215529918670654, 1.693152666091919, 1.6149451732635498, 1.6343810558319092, 1.6557655334472656, 1.5404751300811768, 1.525510549545288, 1.3286833763122559, 1.4276177883148193, 1.2096014022827148, 1.250488519668579, 1.144049882888794, 1.0380852222442627, 1.0358723402023315, 0.8790483474731445, 0.8849851489067078, 0.7727868556976318, 0.6695005297660828, 0.6026937961578369, 0.6816543936729431, 0.6094463467597961, 0.4823877811431885, 0.4481581747531891, 0.5672916173934937, 0.48842430114746094, 0.3716375231742859, 0.40697377920150757, 0.397849977016449, 0.4126555025577545, 0.4418391287326813, 0.45264071226119995, 0.4571591913700104, 0.3541411757469177, 0.49567922949790955, 0.6635019183158875, 0.34510326385498047, 0.5279088020324707, 0.4365200996398926, 0.4165125787258148, 0.4091110825538635, 0.40994614362716675, 0.3835826814174652, 0.30914586782455444, 0.3399537205696106, 0.19457575678825378], "time_taken": 567.4075255393982}