{"n_front_dense_FE": 8, "n_front_dense_PE": 1, "n_front_dense_RxDec": 2, "state_width": 8, "n_epochs": 80, "J_list": [2.772557497024536, 2.77256441116333, 2.8268074989318848, 2.7788052558898926, 2.782405138015747, 2.772054672241211, 2.7716336250305176, 2.779871940612793, 2.7739028930664062, 2.7813403606414795, 2.7752389907836914, 2.7718539237976074, 2.7765281200408936, 2.777277708053589, 2.7710423469543457, 2.763791084289551, 2.7558608055114746, 2.7315099239349365, 2.717177629470825, 2.6835501194000244, 2.669527053833008, 2.6301510334014893, 2.6504764556884766, 2.6234498023986816, 2.569154977798462, 2.6013543605804443, 2.510845899581909, 2.494286298751831, 2.4386870861053467, 2.4259002208709717, 2.527604579925537, 2.3677287101745605, 2.4324097633361816, 2.3849310874938965, 2.299747943878174, 2.2307627201080322, 2.1908345222473145, 2.170853614807129, 2.0739905834198, 2.0812923908233643, 1.9916843175888062, 1.9929338693618774, 1.8951514959335327, 1.925283432006836, 1.804564118385315, 1.8729114532470703, 1.8153343200683594, 1.7737624645233154, 1.8171100616455078, 1.6040594577789307, 1.7512047290802002, 1.5696359872817993, 1.6211376190185547, 1.4893065690994263, 1.4641581773757935, 1.3701307773590088, 1.3695331811904907, 1.3540449142456055, 1.3176751136779785, 1.254875898361206, 1.2141010761260986, 1.0217053890228271, 0.9641305804252625, 0.9763126373291016, 0.7992441654205322, 0.8898158073425293, 1.1432194709777832, 1.8095756769180298, 0.8922325372695923, 1.6879329681396484, 0.9725702404975891, 1.0183732509613037, 1.0574246644973755, 1.0318628549575806, 0.9162179827690125, 0.8286840319633484, 0.8178241848945618, 0.8201373815536499, 0.8285766839981079, 0.8598737716674805], "time_taken": 767.2950625419617}