{"n_front_dense_FE": 2, "n_front_dense_PE": 1, "n_front_dense_RxDec": 2, "state_width": 8, "n_epochs": 80, "J_list": [2.7724413871765137, 2.7789294719696045, 2.7698261737823486, 2.738755464553833, 2.7631072998046875, 2.667454242706299, 2.586235523223877, 2.404827117919922, 2.259880781173706, 2.108591079711914, 2.0730042457580566, 1.7815548181533813, 1.6388521194458008, 1.3507111072540283, 1.238295078277588, 0.967681884765625, 0.9159205555915833, 0.8044780492782593, 0.5597622990608215, 0.5780225992202759, 0.4741520285606384, 0.39873939752578735, 0.2602475881576538, 0.27303439378738403, 0.256915807723999, 0.1858883649110794, 0.1525580734014511, 0.1520945131778717, 0.13666130602359772, 0.1612510085105896, 0.06959694623947144, 0.12788811326026917, 0.03677046298980713, 0.05857425928115845, 0.060346007347106934, 0.07762376219034195, 0.07563905417919159, 0.08261541277170181, 0.023548731580376625, 0.31151941418647766, 0.10363821685314178, 0.365966260433197, 0.13061265647411346, 0.18352366983890533, 0.15902288258075714, 0.18841974437236786, 0.03595833107829094, 0.26132500171661377, 0.15995579957962036, 0.14844107627868652, 0.3710276484489441, 0.09359215199947357, 0.22576001286506653, 0.10209736973047256, 0.3041914105415344, 0.13152894377708435, 0.1393502801656723, 0.06901977956295013, 0.10174598544836044, 0.10153011977672577, 0.13578705489635468, 0.036669038236141205, 0.06817196309566498, 0.04893183335661888, 0.12636826932430267, 0.028279980644583702, 0.02284131944179535, 0.05053981393575668, 0.035077255219221115, 0.06746314465999603, 0.05447917431592941, 0.03425101563334465, 0.016092991456389427, 0.027118254452943802, 0.028863906860351562, 0.014586376026272774, 0.017906736582517624, 0.031957585364580154, 0.02080649882555008, 0.0208734143525362], "time_taken": 428.5003652572632}