{"n_front_dense_FE": 4, "n_front_dense_PE": 1, "n_front_dense_RxDec": 2, "state_width": 8, "n_epochs": 80, "J_list": [2.7728118896484375, 2.807537317276001, 2.770469903945923, 2.7890615463256836, 2.7739315032958984, 2.7788796424865723, 2.7819390296936035, 2.7731285095214844, 2.757169723510742, 2.7397029399871826, 2.6697306632995605, 2.582982301712036, 3.8204269409179688, 2.516143798828125, 2.716376781463623, 2.6203739643096924, 2.633570909500122, 2.5985262393951416, 2.559499502182007, 2.4665653705596924, 2.353086471557617, 2.285005569458008, 2.448634624481201, 2.268221616744995, 2.197906970977783, 2.2076635360717773, 2.1575424671173096, 2.097005844116211, 2.048218250274658, 1.927712082862854, 1.8429830074310303, 1.8187930583953857, 1.7413694858551025, 1.6571763753890991, 1.586498737335205, 1.6364749670028687, 1.5022486448287964, 1.4042766094207764, 1.4117448329925537, 1.4536206722259521, 1.3940144777297974, 1.2577183246612549, 1.2846028804779053, 1.136549711227417, 1.1054636240005493, 1.1479439735412598, 1.1327083110809326, 1.0351630449295044, 1.0142583847045898, 0.9522932171821594, 0.9130086898803711, 0.8269941210746765, 0.8675805330276489, 0.7463101148605347, 0.6959124803543091, 0.6019343137741089, 0.5902194380760193, 0.6228463649749756, 0.5514527559280396, 0.7186111807823181, 1.1189476251602173, 0.8689501881599426, 0.483468621969223, 0.7137535810470581, 0.8011412620544434, 0.4631444811820984, 0.5800746083259583, 0.5119498372077942, 0.4481368064880371, 0.49033108353614807, 0.5603427886962891, 0.3855641484260559, 0.33789393305778503, 0.3813035190105438, 0.3781355321407318, 0.281028687953949, 0.23753714561462402, 0.24910123646259308, 0.256112277507782, 0.2241533100605011], "time_taken": 576.8224246501923}