{"n_front_dense_FE": 2, "n_front_dense_PE": 1, "n_front_dense_RxDec": 2, "state_width": 8, "n_epochs": 80, "J_list": [2.7724480628967285, 2.7900052070617676, 2.782503604888916, 2.757385730743408, 2.750941038131714, 2.7074952125549316, 2.640941619873047, 2.4859459400177, 2.465520143508911, 2.491389274597168, 2.134782075881958, 2.2671422958374023, 2.0360748767852783, 2.1704344749450684, 1.9176985025405884, 1.7883350849151611, 1.6311146020889282, 1.4197602272033691, 1.2412047386169434, 1.1641180515289307, 0.9681083559989929, 0.8188002705574036, 0.7868205904960632, 0.4783899188041687, 0.5362587571144104, 0.4355097711086273, 0.4695005416870117, 0.430168092250824, 0.297602117061615, 0.4600485861301422, 0.28783711791038513, 0.2907041013240814, 0.18460442125797272, 0.22595758736133575, 0.18190160393714905, 0.23302574455738068, 0.2627684473991394, 0.13499481976032257, 0.1507054567337036, 0.13474735617637634, 0.09818515926599503, 0.18888136744499207, 0.0708468109369278, 0.19994516670703888, 0.0877169743180275, 0.05103601887822151, 0.10138602554798126, 0.05437944084405899, 0.08619453012943268, 0.104112908244133, 0.030948620289564133, 0.0639335885643959, 0.06249755620956421, 0.03063715063035488, 0.08097746223211288, 0.02765229344367981, 0.11256319284439087, 0.15176618099212646, 0.06752725690603256, 0.09512032568454742, 0.08687596023082733, 0.05464567616581917, 0.15605728328227997, 0.0477527417242527, 0.058544088155031204, 0.03860584646463394, 0.07029912620782852, 0.12360604107379913, 0.10058411210775375, 0.040142446756362915, 0.045576728880405426, 0.03188497573137283, 0.062086571007966995, 0.030682986602187157, 0.059285663068294525, 0.042766302824020386, 0.07948462665081024, 0.04591828212141991, 0.012930070981383324, 0.06731496006250381], "time_taken": 540.654069185257}