{"n_front_dense_FE": 4, "n_front_dense_PE": 1, "n_front_dense_RxDec": 2, "state_width": 8, "n_epochs": 80, "J_list": [2.7720999717712402, 2.7762291431427, 2.7753217220306396, 2.7723565101623535, 2.7707138061523438, 2.768758773803711, 2.752626657485962, 2.6956403255462646, 2.6682920455932617, 3.0828158855438232, 2.5575273036956787, 2.6614267826080322, 2.657855272293091, 2.5716395378112793, 2.5322465896606445, 2.4221019744873047, 2.3233814239501953, 2.2421507835388184, 2.1760964393615723, 2.041832447052002, 2.0164263248443604, 1.8146641254425049, 1.8573687076568604, 1.9164600372314453, 1.7049894332885742, 1.5036135911941528, 1.4804023504257202, 1.393965482711792, 1.3248636722564697, 1.158129096031189, 1.1248524188995361, 1.025064468383789, 0.945176899433136, 0.9641351699829102, 0.8007373809814453, 0.633064866065979, 0.6472164988517761, 0.5884067416191101, 0.4703039228916168, 0.5404369235038757, 0.38124674558639526, 0.3697890341281891, 0.31371158361434937, 0.358481228351593, 0.2512963116168976, 0.23558512330055237, 0.25096482038497925, 0.23261599242687225, 0.2522697448730469, 0.21023216843605042, 0.237756609916687, 0.2969258725643158, 0.272128164768219, 0.5748990178108215, 0.2689608037471771, 0.5211378931999207, 0.6609602570533752, 0.4466169476509094, 0.31101685762405396, 0.31964606046676636, 0.24966037273406982, 0.32173997163772583, 0.37220221757888794, 0.29688069224357605, 0.3391222059726715, 0.20481252670288086, 0.3182062804698944, 0.32789596915245056, 0.2043265998363495, 0.15540799498558044, 0.2370084822177887, 0.1699133813381195, 0.21747294068336487, 0.13643112778663635, 0.19516447186470032, 0.0854654461145401, 0.08654999732971191, 0.07786968350410461, 0.12050139904022217, 0.12002646923065186], "time_taken": 515.3048129081726}