{"n_front_dense_FE": 2, "n_front_dense_PE": 1, "n_front_dense_RxDec": 2, "state_width": 8, "n_epochs": 80, "J_list": [2.7720108032226562, 2.7723655700683594, 2.7751145362854004, 2.753542423248291, 2.7080190181732178, 2.610466718673706, 2.518115758895874, 2.3126606941223145, 2.189028263092041, 2.2905972003936768, 2.24865984916687, 1.7613804340362549, 1.6911157369613647, 1.771847128868103, 1.641473412513733, 1.5668604373931885, 1.3274543285369873, 1.3496252298355103, 1.214882493019104, 1.103318452835083, 0.9606447219848633, 0.8814529180526733, 0.7652115821838379, 0.7677167057991028, 0.6738983988761902, 0.6500476002693176, 0.5058488845825195, 0.5325677990913391, 0.5054755210876465, 0.39931243658065796, 0.6066800355911255, 0.31528133153915405, 0.43242892622947693, 0.23426970839500427, 0.2523287534713745, 0.24773497879505157, 0.16301417350769043, 0.13137388229370117, 0.18388865888118744, 0.13075467944145203, 0.13440139591693878, 0.09430300444364548, 0.06074543669819832, 0.07748549431562424, 0.13431677222251892, 0.0641196221113205, 0.147415429353714, 0.05302567407488823, 0.14102423191070557, 0.059775639325380325, 0.14367008209228516, 0.05483934283256531, 0.09566348791122437, 0.031989965587854385, 0.0730501264333725, 0.07107007503509521, 0.07379206269979477, 0.0319119468331337, 0.1429940164089203, 0.05239337682723999, 0.11512438207864761, 0.048027779906988144, 0.038407597690820694, 0.06800426542758942, 0.07024616748094559, 0.05999841168522835, 0.021708255633711815, 0.0379767119884491, 0.0628054291009903, 0.13085982203483582, 0.05491155385971069, 0.06539253890514374, 0.03663258999586105, 0.0699801817536354, 0.07883761823177338, 0.030683327466249466, 0.044919997453689575, 0.05509885028004646, 0.05833883211016655, 0.014729797840118408], "time_taken": 470.11808156967163}