{"n_front_dense_FE": 2, "n_front_dense_PE": 1, "n_front_dense_RxDec": 2, "state_width": 8, "n_epochs": 80, "J_list": [2.7731757164001465, 2.772625684738159, 2.809732437133789, 2.75673508644104, 2.7249228954315186, 2.7285897731781006, 2.6220860481262207, 2.6497063636779785, 2.4367012977600098, 2.312976360321045, 2.1245336532592773, 2.0171632766723633, 2.225738286972046, 1.6229320764541626, 1.9720351696014404, 1.5240232944488525, 1.4702070951461792, 1.5368907451629639, 1.2931044101715088, 1.1155097484588623, 1.1432011127471924, 1.0624431371688843, 0.951522171497345, 0.9479106664657593, 0.6251598596572876, 0.6451023817062378, 0.5974603891372681, 0.4865725636482239, 0.5510169863700867, 0.5364683866500854, 0.42787399888038635, 0.36555618047714233, 0.39218324422836304, 0.4814978539943695, 0.34339648485183716, 0.2904399037361145, 0.3142107427120209, 0.2778450846672058, 0.23823074996471405, 0.18772803246974945, 0.18756148219108582, 0.25361961126327515, 0.29035574197769165, 0.15126638114452362, 0.22262659668922424, 0.15545713901519775, 0.20259976387023926, 0.14816313982009888, 0.12287497520446777, 0.12131891399621964, 0.11989057064056396, 0.08933935314416885, 0.10009834915399551, 0.16226820647716522, 0.10167978703975677, 0.09562323987483978, 0.06017402932047844, 0.061237633228302, 0.11929495632648468, 0.057181764394044876, 0.05178358405828476, 0.05468862131237984, 0.047013022005558014, 0.048182256519794464, 0.03537449985742569, 0.0386352576315403, 0.0778893306851387, 0.03396076709032059, 0.023205410689115524, 0.06285526603460312, 0.06205011531710625, 0.04872661083936691, 0.050171107053756714, 0.05787098407745361, 0.07699504494667053, 0.03066733479499817, 0.06703494489192963, 0.0663149505853653, 0.16623565554618835, 0.02514931932091713], "time_taken": 390.28311038017273}