{"n_front_dense_FE": 2, "n_front_dense_PE": 1, "n_front_dense_RxDec": 2, "state_width": 8, "n_epochs": 80, "J_list": [2.7728888988494873, 2.7849154472351074, 2.7766621112823486, 2.783203601837158, 2.7437644004821777, 2.7382912635803223, 2.6640429496765137, 2.6196579933166504, 2.484034776687622, 2.3540256023406982, 2.216686725616455, 2.0155701637268066, 1.7595031261444092, 1.633622407913208, 1.375536561012268, 1.2242023944854736, 1.107677698135376, 0.9180914759635925, 0.9621869325637817, 0.9081367254257202, 0.7962133288383484, 0.5936034321784973, 0.8120163679122925, 0.5707541704177856, 0.5929411053657532, 0.3919436037540436, 0.5711953043937683, 0.34473559260368347, 0.40774527192115784, 0.37632766366004944, 0.29027754068374634, 0.2946988046169281, 0.24014778435230255, 0.24908694624900818, 0.23229336738586426, 0.13638684153556824, 0.2108609676361084, 0.16081401705741882, 0.17749138176441193, 0.14087256789207458, 0.15513351559638977, 0.17183074355125427, 0.150568887591362, 0.1316145807504654, 0.089966781437397, 0.2202107459306717, 0.12336023151874542, 0.12244506180286407, 0.10106849670410156, 0.1676989048719406, 0.1611660271883011, 0.15091022849082947, 0.13005611300468445, 0.15892206132411957, 0.10845382511615753, 0.09324526786804199, 0.2041095793247223, 0.12147548049688339, 0.11766061931848526, 0.07085293531417847, 0.08642782270908356, 0.08522499352693558, 0.09681455045938492, 0.0662732720375061, 0.07093619555234909, 0.07671079784631729, 0.06262215226888657, 0.06741218268871307, 0.1032847985625267, 0.08251781016588211, 0.08278369903564453, 0.043061576783657074, 0.07224739342927933, 0.058580588549375534, 0.0545913465321064, 0.1186593770980835, 0.0457829013466835, 0.07048777490854263, 0.07391569763422012, 0.03747895732522011], "time_taken": 410.31332898139954}