{"n_front_dense_FE": 4, "n_front_dense_PE": 1, "n_front_dense_RxDec": 2, "state_width": 8, "n_epochs": 80, "J_list": [2.7731456756591797, 2.798093318939209, 2.770416259765625, 2.781259298324585, 2.774531841278076, 2.7723612785339355, 2.770601987838745, 2.7588255405426025, 2.7430758476257324, 2.6820578575134277, 2.6407406330108643, 2.5501866340637207, 2.5497055053710938, 2.60267972946167, 2.54364275932312, 2.5022573471069336, 2.3487753868103027, 2.3017449378967285, 2.220987319946289, 2.176746368408203, 2.101210832595825, 2.008659601211548, 1.9053844213485718, 1.79120671749115, 1.6469541788101196, 1.5204070806503296, 1.3676961660385132, 1.2666401863098145, 1.375368356704712, 1.9753280878067017, 1.21139657497406, 1.6078689098358154, 1.4614890813827515, 1.141355276107788, 1.1837990283966064, 1.3281431198120117, 1.0386245250701904, 1.1866072416305542, 1.1472969055175781, 1.0333740711212158, 0.9300094842910767, 0.9096957445144653, 0.9371650815010071, 0.7995261549949646, 0.6944836378097534, 0.6678024530410767, 0.5846818685531616, 0.5058135390281677, 0.448621928691864, 0.40627455711364746, 0.2945269048213959, 0.24114441871643066, 0.2844790518283844, 0.2968626618385315, 0.17815551161766052, 0.1846243143081665, 0.17497995495796204, 0.10186805576086044, 0.15735545754432678, 0.1185106486082077, 0.12651626765727997, 0.18398231267929077, 0.08460798859596252, 0.18942023813724518, 0.10972438752651215, 0.09115036576986313, 0.07026021182537079, 0.08302147686481476, 0.09834421426057816, 0.1433418095111847, 0.30913108587265015, 0.2410859763622284, 0.18208101391792297, 0.3734269440174103, 0.3476312756538391, 0.10453250259160995, 0.25523561239242554, 0.15496984124183655, 0.24689622223377228, 0.14589837193489075], "time_taken": 557.8778355121613}