{"n_front_dense_FE": 2, "n_front_dense_PE": 1, "n_front_dense_RxDec": 2, "state_width": 8, "n_epochs": 80, "J_list": [2.771672010421753, 2.780362606048584, 2.7869887351989746, 2.749721050262451, 2.716233015060425, 2.6550402641296387, 2.5681867599487305, 2.421501636505127, 2.388146162033081, 2.233035087585449, 2.065845012664795, 1.926600694656372, 1.8187605142593384, 1.6242954730987549, 1.4137972593307495, 1.2087225914001465, 1.0153957605361938, 0.9062002897262573, 0.8710988759994507, 0.824958324432373, 0.7102298736572266, 0.6687994599342346, 0.46736621856689453, 0.6451759934425354, 0.48820942640304565, 0.4394144117832184, 0.5168942213058472, 0.4010538160800934, 0.38587453961372375, 0.38379091024398804, 0.29700174927711487, 0.22298233211040497, 0.19129446148872375, 0.2103608101606369, 0.16276094317436218, 0.1162271499633789, 0.08808764070272446, 0.07663311064243317, 0.10498138517141342, 0.08037444204092026, 0.09663254022598267, 0.07354917377233505, 0.10213390737771988, 0.035757698118686676, 0.04512748867273331, 0.03527836129069328, 0.031565554440021515, 0.021974749863147736, 0.020778873935341835, 0.020286986604332924, 0.026003781706094742, 0.007208392024040222, 0.02502739429473877, 0.022213079035282135, 0.028801405802369118, 0.03571692481637001, 0.027226531878113747, 0.011295510455965996, 0.013390017673373222, 0.019441189244389534, 0.05494479089975357, 0.05945991352200508, 0.026997515931725502, 0.01703147031366825, 0.017225798219442368, 0.022981883957982063, 0.0262109637260437, 0.05904346704483032, 0.017344005405902863, 0.043774738907814026, 0.04541587457060814, 0.07906012237071991, 0.11981159448623657, 0.01950167492032051, 0.20793163776397705, 0.022087082266807556, 0.03337262198328972, 0.09132067859172821, 0.09881429374217987, 0.038894616067409515], "time_taken": 423.5491940975189}