{"n_front_dense_FE": 2, "n_front_dense_PE": 1, "n_front_dense_RxDec": 2, "state_width": 8, "n_epochs": 80, "J_list": [2.772719144821167, 2.766489028930664, 2.7826619148254395, 2.7539029121398926, 2.76828670501709, 2.7490177154541016, 2.703460216522217, 2.6177713871002197, 2.543537139892578, 2.45298433303833, 2.2679266929626465, 2.2547390460968018, 2.019845724105835, 1.9005405902862549, 1.7638288736343384, 1.6012451648712158, 1.3867956399917603, 1.2435487508773804, 1.0122476816177368, 0.7812973856925964, 0.6353040933609009, 0.41984814405441284, 0.36928626894950867, 0.24582858383655548, 0.18390002846717834, 0.16481922566890717, 0.12609048187732697, 0.11821384727954865, 0.10839061439037323, 0.18374168872833252, 0.0909852609038353, 0.23118996620178223, 0.08455748856067657, 0.1584046483039856, 0.737250566482544, 0.2090487778186798, 1.5950950384140015, 0.18526771664619446, 1.2997267246246338, 1.3228235244750977, 0.5823111534118652, 0.1832258701324463, 0.6337536573410034, 0.41848689317703247, 0.42198458313941956, 0.21561174094676971, 0.22787821292877197, 0.18948118388652802, 0.23696553707122803, 0.21173247694969177, 0.11581633239984512, 0.113958440721035, 0.10028991848230362, 0.10883287340402603, 0.138606995344162, 0.05988238379359245, 0.05813603475689888, 0.08019598573446274, 0.07693816721439362, 0.052100371569395065, 0.042379338294267654, 0.05152754858136177, 0.056745029985904694, 0.04859848693013191, 0.03229667991399765, 0.01649559661746025, 0.027372043579816818, 0.010758249089121819, 0.023048311471939087, 0.01475585252046585, 0.009483909234404564, 0.01659487932920456, 0.009733010083436966, 0.007898357696831226, 0.008328007534146309, 0.0032355855219066143, 0.0056855762377381325, 0.0042802076786756516, 0.004239335656166077, 0.0035210675559937954], "time_taken": 447.7103908061981}