{"n_front_dense_FE": 2, "n_front_dense_PE": 1, "n_front_dense_RxDec": 2, "state_width": 8, "n_epochs": 80, "J_list": [2.7718005180358887, 2.781857490539551, 2.770362138748169, 2.7495782375335693, 2.716310977935791, 2.644536256790161, 2.5796337127685547, 2.4961702823638916, 2.3675601482391357, 2.1274890899658203, 1.9944813251495361, 1.7396396398544312, 1.8639051914215088, 1.7174932956695557, 1.6211369037628174, 1.7330446243286133, 1.4135395288467407, 1.3631019592285156, 1.380312204360962, 1.1828428506851196, 1.1160956621170044, 1.0059515237808228, 0.9661116600036621, 0.8418391942977905, 0.7095376253128052, 0.7275323867797852, 0.5922802090644836, 0.602753221988678, 0.4916866421699524, 0.4543880522251129, 0.43946895003318787, 0.4039989113807678, 0.43914279341697693, 0.328498899936676, 0.37425556778907776, 0.27473488450050354, 0.2888152003288269, 0.2670133113861084, 0.40423211455345154, 0.19265910983085632, 0.15539023280143738, 0.19260910153388977, 0.18109001219272614, 0.17809900641441345, 0.14460939168930054, 0.18501654267311096, 0.1706404983997345, 0.0645364373922348, 0.06497536599636078, 0.144138902425766, 0.20556898415088654, 0.09574350714683533, 0.10436952114105225, 0.07413376867771149, 0.13027556240558624, 0.06446762382984161, 0.051796119660139084, 0.0984552800655365, 0.10421420633792877, 0.10966286808252335, 0.06591926515102386, 0.13497552275657654, 0.035312604159116745, 0.16169169545173645, 0.09647279977798462, 0.06712093949317932, 0.2595509886741638, 0.030804205685853958, 0.1311270147562027, 0.06445010006427765, 0.0991750955581665, 0.08800067752599716, 0.13867279887199402, 0.026102131232619286, 0.06735053658485413, 0.114693284034729, 0.048974089324474335, 0.05264676362276077, 0.07592234760522842, 0.06420868635177612], "time_taken": 456.71824407577515}