{"n_front_dense_FE": 4, "n_front_dense_PE": 1, "n_front_dense_RxDec": 2, "state_width": 8, "n_epochs": 80, "J_list": [2.772520065307617, 2.766447067260742, 2.76808500289917, 2.8324761390686035, 2.7865889072418213, 2.7764782905578613, 2.7610342502593994, 2.7430691719055176, 2.746377944946289, 2.697559118270874, 2.669268846511841, 2.5281155109405518, 2.4758822917938232, 3.6820461750030518, 2.4862022399902344, 2.4417874813079834, 2.415125608444214, 2.5112767219543457, 2.3959803581237793, 2.2497756481170654, 2.2666244506835938, 2.168510913848877, 2.138500452041626, 1.9894301891326904, 1.953437089920044, 1.9413121938705444, 1.6766563653945923, 1.6153618097305298, 1.5441324710845947, 1.6447570323944092, 1.511784315109253, 1.328533411026001, 1.2489128112792969, 1.1915051937103271, 1.1879972219467163, 1.0941357612609863, 1.1199921369552612, 0.9225372076034546, 0.910274863243103, 0.9065057635307312, 0.8259083032608032, 0.7905889749526978, 0.7738889455795288, 0.7191336750984192, 0.7125581502914429, 0.5428756475448608, 0.641812801361084, 0.5520089268684387, 0.5913681983947754, 0.5886083841323853, 0.5100704431533813, 0.5273289680480957, 0.612190306186676, 0.5815187692642212, 0.4857611060142517, 0.47820407152175903, 0.46023645997047424, 0.45530208945274353, 0.5599062442779541, 0.4344151020050049, 0.4248802065849304, 0.5117682814598083, 0.36625364422798157, 0.5619651079177856, 0.5784353017807007, 0.5080508589744568, 0.4455581605434418, 0.322495698928833, 0.43240708112716675, 0.29070115089416504, 0.393026202917099, 0.4117927551269531, 0.37455645203590393, 0.2755177617073059, 0.2617308795452118, 0.2918955087661743, 0.3210327923297882, 0.2507842481136322, 0.2414257824420929, 0.2426764965057373], "time_taken": 514.6475586891174}