{"n_front_dense_FE": 4, "n_front_dense_PE": 1, "n_front_dense_RxDec": 2, "state_width": 8, "n_epochs": 80, "J_list": [2.772831439971924, 2.7816505432128906, 2.8326642513275146, 2.7912559509277344, 2.772503614425659, 2.7658767700195312, 2.771709680557251, 2.764801502227783, 2.7615444660186768, 2.7335364818573, 2.7089548110961914, 2.710771322250366, 2.695683240890503, 2.6385295391082764, 2.5539655685424805, 2.449744462966919, 2.4041240215301514, 2.3591034412384033, 2.4887280464172363, 2.162018299102783, 2.2917065620422363, 2.1948418617248535, 2.1675920486450195, 2.1489791870117188, 2.074697971343994, 2.036975145339966, 1.938516616821289, 1.884027123451233, 1.8234922885894775, 1.6973921060562134, 1.6733919382095337, 1.597947120666504, 1.4866154193878174, 1.3921560049057007, 1.3277071714401245, 1.2356109619140625, 1.043297529220581, 1.1101335287094116, 0.9889744520187378, 0.9503496289253235, 0.9145663380622864, 0.8869404792785645, 1.0070152282714844, 0.7725432515144348, 0.8871515989303589, 0.9027767181396484, 0.9599752426147461, 0.6331490278244019, 0.8681429028511047, 0.7393344640731812, 0.5775712132453918, 0.5955201983451843, 0.6663337349891663, 0.5206753611564636, 0.45475512742996216, 0.44620686769485474, 0.369143009185791, 0.3120679557323456, 0.33389896154403687, 0.29980820417404175, 0.25887423753738403, 0.25088977813720703, 0.2334001362323761, 0.22708594799041748, 0.16552698612213135, 0.17503419518470764, 0.14946477115154266, 0.17728576064109802, 0.09848886728286743, 0.11818555742502213, 0.06202163174748421, 0.13061444461345673, 0.06699545681476593, 0.05819758027791977, 0.05641341209411621, 0.07628555595874786, 0.03949538990855217, 0.08257736265659332, 0.03934178873896599, 0.059931136667728424], "time_taken": 578.1715316772461}