{"n_front_dense_FE": 2, "n_front_dense_PE": 1, "n_front_dense_RxDec": 2, "state_width": 8, "n_epochs": 80, "J_list": [2.7729101181030273, 2.805908203125, 2.770254611968994, 2.7686145305633545, 2.7509472370147705, 2.709693431854248, 2.6560964584350586, 2.5711727142333984, 2.5213258266448975, 2.3294873237609863, 2.194492816925049, 1.951267957687378, 1.8341172933578491, 1.7384283542633057, 1.8579269647598267, 1.7576968669891357, 1.5577114820480347, 1.4826065301895142, 1.2877908945083618, 1.2916913032531738, 1.15389883518219, 1.1023365259170532, 0.935473620891571, 0.8975423574447632, 0.8540075421333313, 0.7193230390548706, 0.6346554160118103, 0.5029234886169434, 0.4426056742668152, 0.3856913149356842, 0.34140777587890625, 0.23097164928913116, 0.22096148133277893, 0.14633814990520477, 0.1303163766860962, 0.10109963268041611, 0.12379582971334457, 0.09091763198375702, 0.0792798325419426, 0.11705076694488525, 0.04486280679702759, 0.06816050410270691, 0.04279632866382599, 0.04515739157795906, 0.0819486528635025, 0.06098239868879318, 0.04060744121670723, 0.060499001294374466, 0.21065756678581238, 0.09989026933908463, 0.4444180428981781, 0.3537154793739319, 0.20005908608436584, 0.5666472911834717, 0.23598945140838623, 0.8228152990341187, 0.4048921465873718, 0.3097156584262848, 0.3475603461265564, 0.3599766790866852, 0.5956467390060425, 0.2670688331127167, 0.33588308095932007, 0.2611752152442932, 0.1514074057340622, 0.35446351766586304, 0.16985107958316803, 0.07370853424072266, 0.12220831215381622, 0.1492927223443985, 0.16404807567596436, 0.11353812366724014, 0.21737532317638397, 0.05351429060101509, 0.08961999416351318, 0.07216435670852661, 0.07582088559865952, 0.04194622486829758, 0.10479205846786499, 0.05524813011288643], "time_taken": 494.8326303958893}