{"n_front_dense_FE": 4, "n_front_dense_PE": 1, "n_front_dense_RxDec": 2, "state_width": 8, "n_epochs": 80, "J_list": [2.772670030593872, 2.778409242630005, 2.7874398231506348, 2.80130672454834, 2.7604353427886963, 2.761590003967285, 2.70965838432312, 2.7117810249328613, 2.6574273109436035, 2.5990233421325684, 2.49314546585083, 2.527864456176758, 2.537114143371582, 2.4641451835632324, 2.3781790733337402, 2.2838103771209717, 2.1868672370910645, 2.1853435039520264, 2.050959348678589, 2.2558348178863525, 2.0814530849456787, 1.985203504562378, 1.8978431224822998, 1.9568870067596436, 1.8589141368865967, 1.7696949243545532, 1.7213531732559204, 1.694162368774414, 1.5571167469024658, 1.451763391494751, 1.4016004800796509, 1.4014091491699219, 1.2494621276855469, 1.210354208946228, 1.482670545578003, 1.155500888824463, 1.099880576133728, 1.2621489763259888, 1.072089433670044, 0.9729722738265991, 1.005467176437378, 0.9570944905281067, 0.9413352012634277, 0.857448935508728, 0.763667106628418, 0.7724819779396057, 0.6986678838729858, 0.6598414182662964, 0.6472303867340088, 0.6020030975341797, 0.6607583165168762, 0.6187518835067749, 0.5117049217224121, 0.5221371054649353, 0.46657952666282654, 0.5173906087875366, 0.5028456449508667, 0.4980394244194031, 0.3724335730075836, 0.45126810669898987, 0.5412807464599609, 0.3311428725719452, 0.5677385330200195, 0.6226893663406372, 0.6184481382369995, 0.407093346118927, 0.44667649269104004, 0.2450965940952301, 0.3893623352050781, 0.29725396633148193, 0.3776732087135315, 0.3571694493293762, 0.3866453766822815, 0.37286052107810974, 0.2666603624820709, 0.25191226601600647, 0.3467774987220764, 0.30015984177589417, 0.2764870822429657, 0.2549058496952057], "time_taken": 573.2506394386292}