{"n_front_dense_FE": 2, "n_front_dense_PE": 1, "n_front_dense_RxDec": 2, "state_width": 8, "n_epochs": 80, "J_list": [2.7728023529052734, 2.780362367630005, 2.784529209136963, 2.765052318572998, 2.7370240688323975, 2.702580690383911, 2.6171603202819824, 2.417396068572998, 2.249964952468872, 1.934671401977539, 2.0518271923065186, 2.366086006164551, 1.9010778665542603, 1.7839847803115845, 1.7262519598007202, 1.6603138446807861, 1.4951262474060059, 1.352759838104248, 1.1741955280303955, 1.0611721277236938, 1.0307673215866089, 0.8700888752937317, 0.7455827593803406, 0.631718635559082, 0.5083953738212585, 0.46085643768310547, 0.3965294659137726, 0.3016241192817688, 0.3048458993434906, 0.21080294251441956, 0.17757153511047363, 0.17741511762142181, 0.17459139227867126, 0.12919530272483826, 0.14840051531791687, 0.13281403481960297, 0.10650935024023056, 0.10513736307621002, 0.09182222187519073, 0.10885055363178253, 0.0516340509057045, 0.17583847045898438, 0.060417741537094116, 0.23821720480918884, 0.1320021152496338, 0.6685867309570312, 0.2897627353668213, 0.5565755367279053, 0.25543007254600525, 0.4250335097312927, 0.4736379086971283, 0.16200390458106995, 0.33284810185432434, 0.132536381483078, 0.2646387219429016, 0.09136094152927399, 0.23475198447704315, 0.15479746460914612, 0.11968816816806793, 0.16367045044898987, 0.13344857096672058, 0.06248200684785843, 0.061054129153490067, 0.08589579164981842, 0.06910204887390137, 0.05736343190073967, 0.03986435383558273, 0.0353010855615139, 0.020742163062095642, 0.031213443726301193, 0.037280261516571045, 0.017171060666441917, 0.025064993649721146, 0.024114714935421944, 0.012988487258553505, 0.010621627792716026, 0.017918666824698448, 0.015450599603354931, 0.008155408315360546, 0.005518375430256128], "time_taken": 426.0836298465729}