{"n_front_dense_FE": 4, "n_front_dense_PE": 1, "n_front_dense_RxDec": 2, "state_width": 8, "n_epochs": 80, "J_list": [2.772085428237915, 2.769996166229248, 2.7787420749664307, 2.765106201171875, 2.6939265727996826, 2.5596678256988525, 3.9489502906799316, 3.025237560272217, 2.9519364833831787, 2.754476547241211, 2.7910494804382324, 2.8030617237091064, 2.795353412628174, 2.789416551589966, 2.7760794162750244, 2.772130012512207, 2.7749335765838623, 2.7617135047912598, 2.7616994380950928, 2.7572474479675293, 2.759578227996826, 2.7592945098876953, 2.7413687705993652, 2.7193562984466553, 2.7088234424591064, 2.654369831085205, 2.6000819206237793, 2.576519012451172, 2.529872179031372, 2.5777273178100586, 2.4959282875061035, 2.3655588626861572, 2.390238046646118, 2.2397069931030273, 2.2038941383361816, 2.155083179473877, 2.0791220664978027, 2.031156301498413, 1.989553451538086, 1.9198814630508423, 1.8979530334472656, 1.9091660976409912, 2.3241348266601562, 2.661835193634033, 1.8289467096328735, 2.1600749492645264, 2.0730297565460205, 1.7735891342163086, 1.8942577838897705, 1.9818569421768188, 1.7502845525741577, 1.9097092151641846, 1.7852470874786377, 1.797284722328186, 1.805114984512329, 1.6886796951293945, 1.5748012065887451, 1.553773283958435, 1.5446044206619263, 1.4827251434326172, 1.3863351345062256, 1.4296796321868896, 1.3662583827972412, 1.303781509399414, 1.2479896545410156, 1.1699589490890503, 1.1923612356185913, 1.095533013343811, 1.0108706951141357, 1.050838828086853, 0.9818571209907532, 1.0126781463623047, 0.8739418983459473, 0.9267986416816711, 0.8575350046157837, 0.8163655996322632, 0.7949161529541016, 0.8090356588363647, 0.7976797819137573, 0.8131818771362305], "time_taken": 525.3774571418762}