{"n_front_dense_FE": 4, "n_front_dense_PE": 1, "n_front_dense_RxDec": 2, "state_width": 8, "n_epochs": 80, "J_list": [2.7725989818573, 2.7783255577087402, 2.7716362476348877, 2.793120861053467, 2.7789599895477295, 2.7718701362609863, 2.761651039123535, 2.741861581802368, 2.6890246868133545, 2.7210960388183594, 2.6533281803131104, 2.7132601737976074, 2.6258997917175293, 2.618803024291992, 2.6008505821228027, 2.509141445159912, 2.4326586723327637, 2.376883029937744, 2.5540308952331543, 2.298584461212158, 2.2278456687927246, 2.230159282684326, 2.156310558319092, 2.147915840148926, 2.09570574760437, 2.007139205932617, 1.8675317764282227, 1.8001352548599243, 1.8518211841583252, 1.7530272006988525, 1.636234998703003, 1.535196304321289, 1.554538369178772, 1.4834171533584595, 1.4820873737335205, 1.3759212493896484, 1.3039753437042236, 1.2041064500808716, 1.178382158279419, 1.050742745399475, 1.0215626955032349, 1.0303115844726562, 0.9360147714614868, 0.9660787582397461, 0.8746757507324219, 0.753383457660675, 0.7586935758590698, 0.6378823518753052, 0.5621448755264282, 0.6397022008895874, 0.5577467679977417, 0.5130758285522461, 0.5935139656066895, 0.5407536029815674, 0.44774532318115234, 0.42387452721595764, 0.5016080141067505, 0.30920469760894775, 0.3927364945411682, 0.4221855700016022, 0.5512148141860962, 0.22341132164001465, 0.4071353077888489, 0.30753475427627563, 0.33157095313072205, 0.2722472548484802, 0.23679041862487793, 0.2657267153263092, 0.17249739170074463, 0.19944512844085693, 0.2746070921421051, 0.24176661670207977, 0.1366809606552124, 0.12607978284358978, 0.13159248232841492, 0.20443947613239288, 0.20403698086738586, 0.0872771143913269, 0.14463019371032715, 0.17318063974380493], "time_taken": 618.4376721382141}