{"n_front_dense_FE": 4, "n_front_dense_PE": 1, "n_front_dense_RxDec": 2, "state_width": 8, "n_epochs": 80, "J_list": [2.7723965644836426, 2.7765021324157715, 2.7752737998962402, 2.7787926197052, 2.772782802581787, 2.771244525909424, 2.7332229614257812, 2.702470541000366, 2.6581737995147705, 2.64754319190979, 2.532599925994873, 2.4395318031311035, 2.656954288482666, 2.1645514965057373, 2.1368930339813232, 2.182452440261841, 1.8591642379760742, 1.735253930091858, 1.5710601806640625, 1.499338150024414, 1.5107965469360352, 1.4661163091659546, 1.292923927307129, 1.4710779190063477, 1.2587335109710693, 1.2307305335998535, 1.2258461713790894, 1.1304664611816406, 1.1070564985275269, 1.0300195217132568, 0.9958623051643372, 0.9686161875724792, 0.9676462411880493, 0.8525316119194031, 0.8168302774429321, 0.8252673149108887, 0.8262822031974792, 0.7090428471565247, 0.7213475108146667, 0.7082116007804871, 0.5815658569335938, 0.5469023585319519, 0.5213693380355835, 0.4763391613960266, 0.5708575248718262, 0.46009621024131775, 0.37206926941871643, 0.4870767593383789, 0.42456597089767456, 0.38273701071739197, 0.4157739579677582, 0.38879916071891785, 0.3950463831424713, 0.2732994854450226, 0.3098331093788147, 0.28903746604919434, 0.3126688003540039, 0.32826006412506104, 0.2783869206905365, 0.45129165053367615, 0.1939268410205841, 0.3499296009540558, 0.4063073992729187, 0.300274133682251, 0.4137091636657715, 0.3839481770992279, 0.2344502955675125, 0.2680448591709137, 0.27677202224731445, 0.3244916796684265, 0.16882774233818054, 0.22315159440040588, 0.22039242088794708, 0.14863082766532898, 0.14249882102012634, 0.12679608166217804, 0.15164533257484436, 0.07008583843708038, 0.11890558153390884, 0.08198052644729614], "time_taken": 525.5823712348938}