{"n_front_dense_FE": 2, "n_front_dense_PE": 1, "n_front_dense_RxDec": 2, "state_width": 8, "n_epochs": 80, "J_list": [2.7718710899353027, 2.7767796516418457, 2.799949884414673, 2.745148181915283, 2.7177863121032715, 2.6597821712493896, 2.5186142921447754, 2.8969571590423584, 2.379371166229248, 2.6582348346710205, 2.536160707473755, 2.360957145690918, 2.3143069744110107, 2.2278599739074707, 2.1718127727508545, 2.089911460876465, 1.9758249521255493, 1.800172209739685, 1.6605994701385498, 1.480446457862854, 1.3146661520004272, 1.106361985206604, 1.0009781122207642, 1.0235846042633057, 1.051000714302063, 0.9862163662910461, 0.7483531832695007, 0.7953594326972961, 0.694443941116333, 0.5438140034675598, 0.5070685148239136, 0.33967819809913635, 0.38963979482650757, 0.3590472638607025, 0.26376909017562866, 0.24223096668720245, 0.2785876393318176, 0.18999865651130676, 0.2021380215883255, 0.27757230401039124, 0.21643471717834473, 0.14732632040977478, 0.21520189940929413, 0.10534040629863739, 0.17108550667762756, 0.08533062785863876, 0.08587238937616348, 0.2073361575603485, 0.16111977398395538, 0.08197534084320068, 0.08989719301462173, 0.047809064388275146, 0.08450594544410706, 0.06860536336898804, 0.04141640290617943, 0.04141225665807724, 0.06353297084569931, 0.0708722323179245, 0.05971301347017288, 0.11021870374679565, 0.037784967571496964, 0.06676071882247925, 0.1408642828464508, 0.09490025043487549, 0.06844458729028702, 0.15070876479148865, 0.16611996293067932, 0.3330100178718567, 0.045324064791202545, 0.44942331314086914, 0.1173459142446518, 0.20075802505016327, 0.05064960569143295, 0.43619537353515625, 0.13368147611618042, 0.1446004956960678, 0.20569129288196564, 0.21183934807777405, 0.09380506724119186, 0.09622302651405334], "time_taken": 427.0488431453705}