{"n_front_dense_FE": 4, "n_front_dense_PE": 1, "n_front_dense_RxDec": 2, "state_width": 8, "n_epochs": 80, "J_list": [2.77251935005188, 2.7767868041992188, 2.788041591644287, 2.7891335487365723, 2.7581734657287598, 2.7829082012176514, 2.7592358589172363, 2.740187883377075, 2.6917614936828613, 2.5831284523010254, 2.625154733657837, 2.5763747692108154, 2.3645129203796387, 2.3402655124664307, 2.3010647296905518, 2.2182230949401855, 2.1081504821777344, 2.0795886516571045, 2.118069887161255, 2.122068166732788, 2.0314087867736816, 2.0040736198425293, 1.9700692892074585, 1.8035930395126343, 1.821653127670288, 1.7284587621688843, 1.7234838008880615, 1.682578444480896, 1.4986275434494019, 1.5494263172149658, 1.4030511379241943, 1.3223235607147217, 1.3744665384292603, 1.3334286212921143, 1.237874984741211, 1.175049066543579, 1.19829523563385, 1.4189274311065674, 1.1263453960418701, 1.2512797117233276, 1.114958643913269, 1.2309452295303345, 1.0540372133255005, 1.2802104949951172, 1.1282804012298584, 1.1707985401153564, 1.174299955368042, 1.0417486429214478, 1.2384669780731201, 0.9576603770256042, 0.8985706567764282, 0.9720414876937866, 0.8627573847770691, 0.8334712982177734, 0.8866028785705566, 0.8058788180351257, 0.7378419637680054, 0.7555240392684937, 0.6434943079948425, 0.7635567784309387, 0.7286158800125122, 0.6931477785110474, 0.477196604013443, 0.6303240656852722, 0.6421041488647461, 0.47368544340133667, 0.5945184826850891, 0.48378676176071167, 0.5705128908157349, 0.44604557752609253, 0.4004582464694977, 0.4694254994392395, 0.3337736129760742, 0.500235915184021, 0.3436596989631653, 0.3345007002353668, 0.32137951254844666, 0.2636043429374695, 0.2968132495880127, 0.2541809678077698], "time_taken": 535.6276395320892}