{"n_front_dense_FE": 4, "n_front_dense_PE": 1, "n_front_dense_RxDec": 2, "state_width": 8, "n_epochs": 80, "J_list": [2.7720372676849365, 2.822838544845581, 2.7766621112823486, 2.7722764015197754, 2.775784730911255, 2.763737916946411, 2.738492965698242, 2.7127108573913574, 2.615108013153076, 2.6054000854492188, 2.519951343536377, 2.4628067016601562, 2.4981141090393066, 2.3412773609161377, 2.49540376663208, 2.262657880783081, 2.339148998260498, 2.33217191696167, 2.271650791168213, 2.205334424972534, 2.1907782554626465, 2.220211982727051, 2.080824613571167, 2.055325984954834, 2.042090892791748, 1.950940728187561, 1.8842452764511108, 1.8689826726913452, 1.8140571117401123, 1.7413314580917358, 1.6451549530029297, 1.6742630004882812, 1.5767934322357178, 1.548841118812561, 1.5990386009216309, 1.4925405979156494, 1.4262109994888306, 1.3878469467163086, 1.2978935241699219, 1.2207732200622559, 1.3055973052978516, 1.1722792387008667, 1.2053422927856445, 1.1649495363235474, 1.130792260169983, 0.9582341313362122, 1.0608900785446167, 0.9421798586845398, 0.7713490724563599, 0.8534944653511047, 0.7560051679611206, 0.6625906229019165, 0.6738996505737305, 0.602320671081543, 0.6066067814826965, 0.49712878465652466, 0.4415448307991028, 0.6253059506416321, 0.554639995098114, 0.5429540872573853, 0.48619383573532104, 0.44891101121902466, 0.427166610956192, 0.3760621249675751, 0.5207968950271606, 0.34967392683029175, 0.33528852462768555, 0.2676534056663513, 0.36804619431495667, 0.17744013667106628, 0.2197919338941574, 0.1965501606464386, 0.11825861781835556, 0.15776123106479645, 0.10829518735408783, 0.16707143187522888, 0.12700441479682922, 0.13419337570667267, 0.12960979342460632, 0.07136571407318115], "time_taken": 514.8374860286713}