{"n_front_dense_FE": 4, "n_front_dense_PE": 1, "n_front_dense_RxDec": 2, "state_width": 8, "n_epochs": 80, "J_list": [2.772655487060547, 2.8338449001312256, 2.771275043487549, 2.7768211364746094, 2.7794582843780518, 2.7614941596984863, 2.760408878326416, 2.741978883743286, 2.7089638710021973, 2.6365418434143066, 2.6402158737182617, 2.5500149726867676, 2.4889473915100098, 2.4334213733673096, 2.26942777633667, 2.1667590141296387, 2.132383108139038, 1.9206008911132812, 1.9282093048095703, 1.8124345541000366, 2.0133347511291504, 1.8655235767364502, 1.8286653757095337, 1.737746000289917, 1.7038503885269165, 1.5651750564575195, 1.603918433189392, 1.4082657098770142, 1.462654709815979, 1.3964067697525024, 1.3398747444152832, 1.275986909866333, 1.171292781829834, 1.2515517473220825, 1.1721112728118896, 1.0434099435806274, 1.0250272750854492, 1.058129072189331, 0.9009319543838501, 0.9408866167068481, 0.9081718325614929, 0.8222213983535767, 0.8203239440917969, 0.767767071723938, 0.6829934120178223, 0.6131104826927185, 0.5995343327522278, 0.6170942187309265, 0.610458493232727, 0.4895714223384857, 0.6093425750732422, 0.47839879989624023, 0.4616793692111969, 0.4666592478752136, 0.4801619052886963, 0.3379521071910858, 0.42780524492263794, 0.3007969260215759, 0.33836454153060913, 0.4837973713874817, 0.6376102566719055, 0.40015020966529846, 0.742647647857666, 0.5522238612174988, 0.42367252707481384, 0.37984544038772583, 0.42282038927078247, 0.3735409677028656, 0.4830206036567688, 0.29948893189430237, 0.39707979559898376, 0.3614421784877777, 0.5147514343261719, 0.22458486258983612, 0.33587899804115295, 0.3531108498573303, 0.27355629205703735, 0.33178701996803284, 0.26677361130714417, 0.26076754927635193], "time_taken": 535.7825126647949}