{"n_front_dense_FE": 2, "n_front_dense_PE": 1, "n_front_dense_RxDec": 2, "state_width": 8, "n_epochs": 80, "J_list": [2.7730228900909424, 2.7658848762512207, 2.836052417755127, 2.769939422607422, 2.7394771575927734, 2.714855194091797, 2.631392240524292, 2.5180745124816895, 2.3613505363464355, 2.1204495429992676, 2.1551413536071777, 2.7576372623443604, 1.7139898538589478, 1.8385403156280518, 1.853089690208435, 1.7738834619522095, 1.6005184650421143, 1.4650909900665283, 1.3406254053115845, 1.2247459888458252, 1.0863114595413208, 0.9839418530464172, 0.6913928985595703, 0.694952666759491, 0.5035864114761353, 0.4257203936576843, 0.3634587526321411, 0.2580019533634186, 0.1896999180316925, 0.2041054219007492, 0.1943339705467224, 0.12105713784694672, 0.18667516112327576, 0.14363141357898712, 0.10773445665836334, 0.11135177314281464, 0.12714676558971405, 0.12403404712677002, 0.063955157995224, 0.11695710569620132, 0.07449917495250702, 0.125149667263031, 0.09481512010097504, 0.21068696677684784, 0.07204139232635498, 0.11220945417881012, 0.37519967555999756, 0.09065990149974823, 0.26899343729019165, 0.10501328855752945, 0.3375815749168396, 0.18925058841705322, 0.18071249127388, 0.1647099107503891, 0.28892654180526733, 0.1327228993177414, 0.19344595074653625, 0.08154382556676865, 0.08614929020404816, 0.10626626014709473, 0.07703255116939545, 0.0739649087190628, 0.08303612470626831, 0.0631616935133934, 0.06887733936309814, 0.11335410922765732, 0.0494689904153347, 0.0976581946015358, 0.017413413152098656, 0.04671110957860947, 0.03794077783823013, 0.032984837889671326, 0.029906755313277245, 0.043602872639894485, 0.03487790375947952, 0.03351793810725212, 0.03487002104520798, 0.009638858959078789, 0.008670818991959095, 0.009451130405068398], "time_taken": 450.4263172149658}