{"n_front_dense_FE": 2, "n_front_dense_PE": 1, "n_front_dense_RxDec": 2, "state_width": 8, "n_epochs": 80, "J_list": [2.7735161781311035, 2.769869327545166, 2.7725961208343506, 2.7473812103271484, 2.7002944946289062, 2.627631664276123, 2.436131000518799, 2.3545403480529785, 2.6450564861297607, 2.0170516967773438, 2.1794140338897705, 1.978131890296936, 2.0153002738952637, 1.9023487567901611, 1.6756786108016968, 1.5484358072280884, 1.3896877765655518, 1.2896467447280884, 1.2202472686767578, 0.9594259262084961, 0.8562073707580566, 0.745384156703949, 0.569192111492157, 0.47956952452659607, 0.4443175196647644, 0.24370431900024414, 0.2447037398815155, 0.19863097369670868, 0.11134791374206543, 0.15618102252483368, 0.11947574466466904, 0.06407924741506577, 0.0954340249300003, 0.12687906622886658, 0.10245804488658905, 0.078202985227108, 0.280398428440094, 0.04438332840800285, 0.22131066024303436, 0.21024766564369202, 0.17977771162986755, 0.2916392982006073, 0.14876507222652435, 0.21873661875724792, 0.19776782393455505, 0.21100203692913055, 0.27128005027770996, 0.1499231606721878, 0.10048270225524902, 0.31718412041664124, 0.09268925338983536, 0.21332892775535583, 0.21300439536571503, 0.11411421000957489, 0.059181757271289825, 0.1994914561510086, 0.056332558393478394, 0.08987367153167725, 0.06346949189901352, 0.09179162979125977, 0.10355458408594131, 0.04751626402139664, 0.06817416846752167, 0.023228216916322708, 0.03826307877898216, 0.026924431324005127, 0.04551461338996887, 0.031155768781900406, 0.047629229724407196, 0.030928563326597214, 0.019599823281168938, 0.02728581428527832, 0.013364705257117748, 0.03464147448539734, 0.016879644244909286, 0.0054381974041461945, 0.01624436303973198, 0.013850259594619274, 0.015028439462184906, 0.007802055682986975], "time_taken": 666.7437252998352}