{"n_front_dense_FE": 2, "n_front_dense_PE": 2, "n_front_dense_RxDec": 2, "state_width": 0, "n_epochs": 100, "n_additional_epochs": 10, "CFO_coef": 1, "SNR": 1, "J_list": [2.7725894451141357, 2.772596836090088, 2.7730824947357178, 2.7736620903015137, 2.773601531982422, 2.7721145153045654, 2.771638870239258, 2.773928642272949, 2.773484706878662, 2.7717952728271484, 2.7736096382141113, 2.7763381004333496, 2.7709105014801025, 2.771618604660034, 2.7721877098083496, 2.7720494270324707, 2.7734687328338623, 2.7736802101135254, 2.7695260047912598, 2.773913860321045, 2.7694461345672607, 2.769878625869751, 2.771146774291992, 2.7715811729431152, 2.769803524017334, 2.7712559700012207, 2.7707228660583496, 2.7738213539123535, 2.7765347957611084, 2.773749828338623, 2.768608808517456, 2.774040699005127, 2.776303768157959, 2.7701990604400635, 2.7783455848693848, 2.7749247550964355, 2.7724850177764893, 2.771740674972534, 2.7764792442321777, 2.768293857574463, 2.7737643718719482, 2.7793400287628174, 2.773115396499634, 2.7759592533111572, 2.7746951580047607, 2.771064043045044, 2.7711400985717773, 2.7738616466522217, 2.770794630050659, 2.7766127586364746, 2.7725985050201416, 2.7739033699035645, 2.773056745529175, 2.7711644172668457, 2.7769553661346436, 2.772573232650757, 2.7713723182678223, 2.776118755340576, 2.7749061584472656, 2.7741811275482178, 2.7739853858947754, 2.7753140926361084, 2.769662857055664, 2.7698562145233154, 2.7726542949676514, 2.772740602493286, 2.771559476852417, 2.770627975463867, 2.7706470489501953, 2.773160457611084, 2.77777361869812, 2.772749423980713, 2.774219036102295, 2.7756807804107666, 2.7714338302612305, 2.7727713584899902, 2.7753071784973145, 2.775757312774658, 2.7730884552001953, 2.7729651927948, 2.774859666824341, 2.772876024246216, 2.771256446838379, 2.7708516120910645, 2.7715399265289307, 2.7737269401550293, 2.773303985595703, 2.773602247238159, 2.774742364883423, 2.7725512981414795, 2.773759126663208, 2.7728452682495117, 2.7729859352111816, 2.7716610431671143, 2.7740490436553955, 2.7707507610321045, 2.7727246284484863, 2.7745184898376465, 2.7751245498657227, 2.773934841156006, 2.7718944549560547, 2.773092746734619, 2.773841381072998, 2.772998809814453, 2.774049997329712, 2.7680954933166504, 2.772261142730713, 2.7734169960021973, 2.7763426303863525, 2.770263195037842], "time_taken": 766.6275024414062, "bit_accuracy": 0.062499999999999986}