{"n_front_dense_FE": 2, "n_front_dense_PE": 2, "n_front_dense_RxDec": 2, "state_width": 0, "n_epochs": 100, "n_additional_epochs": 10, "CFO_coef": 1, "SNR": 2, "J_list": [2.7725894451141357, 2.7727911472320557, 2.7709202766418457, 2.773759603500366, 2.7719743251800537, 2.772540330886841, 2.770777702331543, 2.7703070640563965, 2.7730283737182617, 2.7762911319732666, 2.7773995399475098, 2.7719759941101074, 2.776740312576294, 2.775879383087158, 2.774512767791748, 2.7747223377227783, 2.7768092155456543, 2.774789810180664, 2.775076389312744, 2.7694382667541504, 2.774158239364624, 2.772632598876953, 2.7757880687713623, 2.774599075317383, 2.7736198902130127, 2.7735278606414795, 2.773556709289551, 2.770484209060669, 2.7733755111694336, 2.7719316482543945, 2.7719063758850098, 2.7734169960021973, 2.7747390270233154, 2.774125576019287, 2.7739369869232178, 2.7702972888946533, 2.774221420288086, 2.7727227210998535, 2.7753217220306396, 2.774040699005127, 2.772120714187622, 2.774130344390869, 2.7708423137664795, 2.771930694580078, 2.7738633155822754, 2.7729218006134033, 2.774921178817749, 2.771491765975952, 2.773914098739624, 2.7725424766540527, 2.7738301753997803, 2.7744956016540527, 2.7747249603271484, 2.7736029624938965, 2.771881103515625, 2.773554801940918, 2.771638870239258, 2.7728142738342285, 2.7724809646606445, 2.7712321281433105, 2.7745628356933594, 2.769888401031494, 2.773439645767212, 2.7735443115234375, 2.770920515060425, 2.7715728282928467, 2.7709381580352783, 2.7701475620269775, 2.774381160736084, 2.770894765853882, 2.7729201316833496, 2.7731311321258545, 2.773937463760376, 2.7690656185150146, 2.774132013320923, 2.7706167697906494, 2.7718117237091064, 2.7750375270843506, 2.7712740898132324, 2.775688886642456, 2.7735397815704346, 2.775759220123291, 2.7748513221740723, 2.7735164165496826, 2.7752768993377686, 2.773632526397705, 2.7752718925476074, 2.7759320735931396, 2.7765426635742188, 2.7722220420837402, 2.7746264934539795, 2.771406650543213, 2.77319073677063, 2.773740291595459, 2.770069122314453, 2.7734951972961426, 2.7715442180633545, 2.775336742401123, 2.774169445037842, 2.775796890258789, 2.771444797515869, 2.7713465690612793, 2.7721874713897705, 2.77485728263855, 2.773073673248291, 2.7729732990264893, 2.7717084884643555, 2.7754859924316406, 2.7707457542419434, 2.7735400199890137], "time_taken": 675.6595792770386, "bit_accuracy": 0.05593750000000001}