{"n_front_dense_FE": 2, "n_front_dense_PE": 2, "n_front_dense_RxDec": 2, "state_width": 0, "n_epochs": 100, "n_additional_epochs": 10, "CFO_coef": 1, "SNR": 4, "J_list": [2.7725894451141357, 2.7726008892059326, 2.772146701812744, 2.7731666564941406, 2.77077054977417, 2.7727415561676025, 2.775080442428589, 2.7747864723205566, 2.7701621055603027, 2.772580623626709, 2.775329113006592, 2.7738826274871826, 2.7755634784698486, 2.7726993560791016, 2.774454116821289, 2.7726852893829346, 2.7734432220458984, 2.77278470993042, 2.774564027786255, 2.771775960922241, 2.773524045944214, 2.774336814880371, 2.773397445678711, 2.7716259956359863, 2.7742581367492676, 2.772718906402588, 2.7754435539245605, 2.773913860321045, 2.773604154586792, 2.7703957557678223, 2.777848243713379, 2.7725670337677, 2.7724812030792236, 2.7735867500305176, 2.771904706954956, 2.770139455795288, 2.7717652320861816, 2.7706565856933594, 2.772850751876831, 2.7746238708496094, 2.770808458328247, 2.7716240882873535, 2.772500514984131, 2.772590160369873, 2.7733516693115234, 2.7721970081329346, 2.7718281745910645, 2.7732303142547607, 2.7727649211883545, 2.769434690475464, 2.7749643325805664, 2.774315357208252, 2.7755610942840576, 2.7754013538360596, 2.771209716796875, 2.7755494117736816, 2.774859666824341, 2.77124285697937, 2.772830009460449, 2.7722861766815186, 2.773794651031494, 2.7723050117492676, 2.7739405632019043, 2.771739959716797, 2.775157928466797, 2.771144151687622, 2.7719407081604004, 2.775569438934326, 2.775386095046997, 2.773482084274292, 2.7737865447998047, 2.7710232734680176, 2.774447202682495, 2.7716903686523438, 2.7739434242248535, 2.7748420238494873, 2.7720723152160645, 2.775002956390381, 2.7739551067352295, 2.77154541015625, 2.772878646850586, 2.774507999420166, 2.7737321853637695, 2.774080514907837, 2.773186445236206, 2.77293062210083, 2.7728488445281982, 2.7705013751983643, 2.773667335510254, 2.770853042602539, 2.771289348602295, 2.7747693061828613, 2.772543430328369, 2.7733569145202637, 2.7740046977996826, 2.7700483798980713, 2.7728500366210938, 2.7743403911590576, 2.770979404449463, 2.7735469341278076, 2.7739453315734863, 2.7730817794799805, 2.7705442905426025, 2.7725346088409424, 2.7702765464782715, 2.7717642784118652, 2.7732012271881104, 2.7738583087921143, 2.7741427421569824, 2.773515224456787], "time_taken": 628.2855534553528, "bit_accuracy": 0.056562499999999995}