{"n_front_dense_FE": 2, "n_front_dense_PE": 2, "n_front_dense_RxDec": 2, "state_width": 0, "n_epochs": 40, "n_additional_epochs": 0, "CFO_coef": 1, "SNR": 1, "J_list": [2.7725894451141357, 2.772444248199463, 2.7736289501190186, 2.7701168060302734, 2.773686170578003, 2.773512601852417, 2.7721564769744873, 2.7740180492401123, 2.773033618927002, 2.774379014968872, 2.7741870880126953, 2.774334669113159, 2.7744140625, 2.7728018760681152, 2.7723073959350586, 2.774242877960205, 2.7722930908203125, 2.769205331802368, 2.776583671569824, 2.7714853286743164, 2.7702527046203613, 2.7690646648406982, 2.773277521133423, 2.7732081413269043, 2.772904634475708, 2.7750325202941895, 2.7751564979553223, 2.7756052017211914, 2.7727904319763184, 2.7733254432678223, 2.7753119468688965, 2.773425579071045, 2.7727036476135254, 2.7753686904907227, 2.774077892303467, 2.77571964263916, 2.774564027786255, 2.7738914489746094, 2.7755589485168457, 2.7711868286132812], "time_taken": 179.62787532806396, "bit_accuracy": 0.0625}