{"n_front_dense_FE": 2, "n_front_dense_PE": 2, "n_front_dense_RxDec": 2, "state_width": 8, "n_epochs": 40, "n_additional_epochs": 0, "CFO_coef": 1, "SNR": 6, "J_list": [2.7722067832946777, 2.7939953804016113, 2.7748446464538574, 2.795264720916748, 2.7736499309539795, 2.769207715988159, 2.7736971378326416, 2.7847447395324707, 2.765512466430664, 2.770939826965332, 2.771087408065796, 2.746366024017334, 2.674919605255127, 2.700432538986206, 2.6908602714538574, 2.6171467304229736, 2.558579921722412, 2.4687252044677734, 2.4179797172546387, 2.309126615524292, 2.139284610748291, 2.147451639175415, 2.2113499641418457, 2.0913476943969727, 2.0629372596740723, 1.9515749216079712, 1.9048713445663452, 2.224475622177124, 1.9427812099456787, 1.7844593524932861, 1.9717668294906616, 1.746839165687561, 1.7851015329360962, 1.7623755931854248, 1.598694086074829, 1.5429893732070923, 2.781202793121338, 2.4177494049072266, 1.907750129699707, 1.5316989421844482], "time_taken": 323.3021550178528, "bit_accuracy": 0.3625}