{"n_front_dense_FE": 2, "n_front_dense_PE": 2, "n_front_dense_RxDec": 2, "state_width": 8, "n_epochs": 40, "n_additional_epochs": 0, "CFO_coef": 1, "SNR": 6, "J_list": [2.7723236083984375, 2.8054049015045166, 2.7688121795654297, 2.8111162185668945, 2.7595527172088623, 2.7677114009857178, 2.7536280155181885, 2.751573324203491, 2.729862689971924, 2.651674270629883, 2.6339993476867676, 2.622468948364258, 2.392075777053833, 2.3463668823242188, 2.403017520904541, 2.1973462104797363, 2.3800442218780518, 2.0734994411468506, 2.4199886322021484, 2.0519843101501465, 2.0837817192077637, 1.9266955852508545, 1.6988826990127563, 1.8610293865203857, 1.4882311820983887, 1.4692598581314087, 1.3292920589447021, 1.5410692691802979, 1.2306115627288818, 1.0712025165557861, 1.8046404123306274, 1.0895130634307861, 0.9115812182426453, 1.050376534461975, 2.0352981090545654, 0.9685598611831665, 1.1025091409683228, 0.9035720825195312, 0.8247739672660828, 1.466348648071289], "time_taken": 184.57003951072693, "bit_accuracy": 0.69375}