{"n_front_dense_FE": 2, "n_front_dense_PE": 2, "n_front_dense_RxDec": 2, "state_width": 8, "n_epochs": 40, "n_additional_epochs": 0, "CFO_coef": 1, "SNR": 6, "J_list": [2.7724459171295166, 2.7881343364715576, 2.7989449501037598, 2.782003879547119, 2.7730872631073, 2.7705941200256348, 2.731443405151367, 2.711885929107666, 2.6610350608825684, 2.6384193897247314, 2.8120672702789307, 2.6878514289855957, 2.526315450668335, 2.4905025959014893, 2.3235855102539062, 2.1186728477478027, 2.774393320083618, 2.0648789405822754, 1.9035199880599976, 1.9354108572006226, 1.77548348903656, 1.700506567955017, 1.611670732498169, 1.4619413614273071, 2.0457966327667236, 2.0605764389038086, 1.2941867113113403, 1.4360711574554443, 1.6777232885360718, 1.4787877798080444, 1.3174762725830078, 1.3875973224639893, 1.224673867225647, 1.505882978439331, 1.1885257959365845, 1.016375184059143, 0.9291202425956726, 0.944586455821991, 0.9560254216194153, 2.08099627494812], "time_taken": 203.81939601898193, "bit_accuracy": 0.446875}