{"n_front_dense_FE": 2, "n_front_dense_PE": 2, "n_front_dense_RxDec": 2, "state_width": 0, "n_epochs": 40, "n_additional_epochs": 0, "CFO_coef": 1, "SNR": 6, "J_list": [2.7725894451141357, 2.7729485034942627, 2.7710533142089844, 2.771552085876465, 2.7727081775665283, 2.7745187282562256, 2.7740867137908936, 2.774087905883789, 2.7748515605926514, 2.7723612785339355, 2.772390842437744, 2.7752299308776855, 2.7719340324401855, 2.771951198577881, 2.771862745285034, 2.775076389312744, 2.7735652923583984, 2.7740933895111084, 2.7768898010253906, 2.772991180419922, 2.7704975605010986, 2.772785186767578, 2.769153118133545, 2.770638942718506, 2.772249698638916, 2.7736074924468994, 2.7743093967437744, 2.7718043327331543, 2.7763125896453857, 2.7695837020874023, 2.7727713584899902, 2.7739269733428955, 2.771123170852661, 2.7742295265197754, 2.7732768058776855, 2.7765450477600098, 2.769202709197998, 2.773390769958496, 2.777489423751831, 2.7722718715667725], "time_taken": 172.94865226745605, "bit_accuracy": 0.059375}