{"n_front_dense_FE": 2, "n_front_dense_PE": 2, "n_front_dense_RxDec": 2, "state_width": 8, "n_epochs": 40, "n_additional_epochs": 0, "CFO_coef": 1, "SNR": 1, "J_list": [2.7728240489959717, 2.7709593772888184, 2.767885208129883, 2.7962193489074707, 2.7740068435668945, 2.7887561321258545, 2.801443338394165, 2.7867038249969482, 2.7592856884002686, 2.7706637382507324, 2.76467227935791, 2.7560486793518066, 2.748138427734375, 2.7700018882751465, 2.7074403762817383, 2.6957807540893555, 2.6175875663757324, 2.631218433380127, 2.4811601638793945, 2.7162280082702637, 2.6358718872070312, 2.2793655395507812, 2.278538703918457, 2.3483872413635254, 2.11403751373291, 2.0069820880889893, 2.207101345062256, 2.216437339782715, 1.7417404651641846, 1.814745306968689, 1.7230308055877686, 1.5699869394302368, 1.5397971868515015, 1.5575799942016602, 1.5274866819381714, 1.3211084604263306, 1.4281156063079834, 2.6555709838867188, 1.6554527282714844, 1.6444677114486694], "time_taken": 259.9823980331421, "bit_accuracy": 0.315625}