{"n_front_dense_FE": 2, "n_front_dense_PE": 2, "n_front_dense_RxDec": 2, "state_width": 8, "n_epochs": 40, "n_additional_epochs": 0, "CFO_coef": 1, "SNR": 1, "J_list": [2.77223539352417, 2.795867443084717, 2.7844598293304443, 2.786945104598999, 2.7733712196350098, 2.776455879211426, 2.760228395462036, 2.740722179412842, 2.7261176109313965, 2.731105089187622, 2.6279189586639404, 2.5382094383239746, 2.8700976371765137, 2.7975287437438965, 2.616015672683716, 2.375220537185669, 2.432020664215088, 2.2859561443328857, 2.495861768722534, 2.101475477218628, 2.043895721435547, 2.0556180477142334, 1.901674509048462, 1.7306957244873047, 1.6371734142303467, 1.6602596044540405, 1.4073889255523682, 3.628633499145508, 2.460408926010132, 2.380154609680176, 2.4072861671447754, 2.510589838027954, 2.0494778156280518, 1.9133609533309937, 1.9049583673477173, 1.9715986251831055, 1.7895610332489014, 1.7492119073867798, 1.8292144536972046, 1.7597930431365967], "time_taken": 244.17589735984802, "bit_accuracy": 0.396875}