{"n_front_dense_FE": 2, "n_front_dense_PE": 2, "n_front_dense_RxDec": 2, "state_width": 8, "n_epochs": 40, "n_additional_epochs": 0, "CFO_coef": 1, "SNR": 6, "J_list": [2.7735917568206787, 2.77854585647583, 2.7725720405578613, 2.77152681350708, 2.776757001876831, 2.766334056854248, 2.7344508171081543, 2.6376819610595703, 2.803164005279541, 2.543562412261963, 2.8728270530700684, 2.524202346801758, 2.531424045562744, 2.5741982460021973, 2.3842029571533203, 2.3655552864074707, 2.3358402252197266, 2.075338125228882, 1.979920744895935, 2.0082950592041016, 2.2180089950561523, 1.9563547372817993, 1.6510703563690186, 1.962857961654663, 1.558664083480835, 1.5503103733062744, 1.628139853477478, 1.39029061794281, 1.1816920042037964, 1.1254255771636963, 1.1904151439666748, 0.9908288717269897, 0.7968590259552002, 0.7680060267448425, 0.6847156286239624, 0.7019462585449219, 0.5412891507148743, 0.87366783618927, 0.5355850458145142, 0.501480221748352], "time_taken": 232.82387900352478, "bit_accuracy": 0.515625}