{"n_front_dense_FE": 2, "n_front_dense_PE": 2, "n_front_dense_RxDec": 2, "state_width": 0, "n_epochs": 40, "n_additional_epochs": 0, "CFO_coef": 1, "SNR": 6, "J_list": [2.7725894451141357, 2.7729790210723877, 2.772808074951172, 2.7736194133758545, 2.771244764328003, 2.7728419303894043, 2.7750515937805176, 2.77340030670166, 2.772343397140503, 2.770125150680542, 2.7754933834075928, 2.7742316722869873, 2.77394437789917, 2.7730178833007812, 2.774648904800415, 2.772399425506592, 2.773081064224243, 2.773768901824951, 2.774836540222168, 2.7727153301239014, 2.7731735706329346, 2.7721691131591797, 2.771411418914795, 2.771369457244873, 2.77093768119812, 2.771878480911255, 2.772153615951538, 2.7714900970458984, 2.770355463027954, 2.7762067317962646, 2.7731375694274902, 2.7703731060028076, 2.7726731300354004, 2.7740659713745117, 2.7734878063201904, 2.7724506855010986, 2.7729086875915527, 2.770472526550293, 2.7744638919830322, 2.7717227935791016], "time_taken": 195.48708248138428, "bit_accuracy": 0.078125}