{"n_front_dense_FE": 2, "n_front_dense_PE": 2, "n_front_dense_RxDec": 2, "state_width": 8, "n_epochs": 40, "n_additional_epochs": 0, "CFO_coef": 1, "SNR": 1, "J_list": [2.772252321243286, 2.790024995803833, 2.780513048171997, 2.780578136444092, 2.7706403732299805, 2.7737183570861816, 2.7529163360595703, 2.766144275665283, 2.7142233848571777, 2.691494941711426, 2.5758578777313232, 2.6175312995910645, 2.6319446563720703, 2.548851251602173, 2.467607021331787, 2.2535431385040283, 2.2671923637390137, 2.239553213119507, 2.0891120433807373, 1.838451623916626, 1.691979169845581, 1.6361697912216187, 1.4213916063308716, 1.5374876260757446, 1.6666500568389893, 1.8922889232635498, 1.059704303741455, 1.2151343822479248, 1.079704999923706, 0.9768432378768921, 1.5302789211273193, 0.9214166402816772, 1.4357669353485107, 0.7028029561042786, 0.6644018292427063, 0.8456207513809204, 0.9827417135238647, 0.7048905491828918, 0.6980223059654236, 0.8884714245796204], "time_taken": 185.32914662361145, "bit_accuracy": 0.709375}