{"n_front_dense_FE": 2, "n_front_dense_PE": 2, "n_front_dense_RxDec": 2, "state_width": 0, "n_epochs": 40, "n_additional_epochs": 0, "CFO_coef": 1, "SNR": 6, "J_list": [2.7725894451141357, 2.772264003753662, 2.772891044616699, 2.7740368843078613, 2.7735626697540283, 2.7725160121917725, 2.7737064361572266, 2.7704317569732666, 2.7705817222595215, 2.7749476432800293, 2.773249387741089, 2.7700157165527344, 2.7742466926574707, 2.7714056968688965, 2.773113965988159, 2.7711586952209473, 2.773313522338867, 2.7748541831970215, 2.7760818004608154, 2.774536609649658, 2.77048921585083, 2.77458119392395, 2.77085542678833, 2.7722487449645996, 2.7762434482574463, 2.7747416496276855, 2.7719950675964355, 2.7739830017089844, 2.773137092590332, 2.7712435722351074, 2.7716994285583496, 2.7711567878723145, 2.772108793258667, 2.769793748855591, 2.7777035236358643, 2.7723848819732666, 2.775496006011963, 2.7723231315612793, 2.774446964263916, 2.7730400562286377], "time_taken": 270.28201603889465, "bit_accuracy": 0.05}