{"n_front_dense_FE": 2, "n_front_dense_PE": 2, "n_front_dense_RxDec": 2, "state_width": 8, "n_epochs": 40, "n_additional_epochs": 0, "CFO_coef": 1, "SNR": 1, "J_list": [2.771893262863159, 2.7885940074920654, 2.7788660526275635, 2.804547071456909, 2.762316942214966, 2.775702953338623, 2.7344329357147217, 2.733069658279419, 2.655263900756836, 2.7083258628845215, 2.479574680328369, 2.751242160797119, 2.4550843238830566, 2.5118765830993652, 2.3949666023254395, 2.3917250633239746, 2.19490122795105, 2.447397232055664, 2.2541403770446777, 2.699958324432373, 2.0544486045837402, 1.9099466800689697, 1.941938042640686, 1.8384068012237549, 1.8287041187286377, 1.4353950023651123, 1.3726240396499634, 1.2396955490112305, 1.2914730310440063, 2.2533326148986816, 1.3973119258880615, 2.508265733718872, 1.9295756816864014, 1.7741750478744507, 1.5756165981292725, 1.256106972694397, 1.3441088199615479, 1.224179744720459, 1.2722539901733398, 1.848131537437439], "time_taken": 184.62352991104126, "bit_accuracy": 0.609375}