{"n_front_dense_FE": 2, "n_front_dense_PE": 2, "n_front_dense_RxDec": 2, "state_width": 16, "n_epochs": 40, "n_additional_epochs": 20, "CFO_coef": 1, "SNR": 5, "J_list": [2.7728142738342285, 2.7737295627593994, 2.7728888988494873, 2.7758350372314453, 2.7468903064727783, 2.7462029457092285, 2.733506679534912, 3.022603988647461, 2.666347026824951, 2.7678894996643066, 2.6018025875091553, 2.641298294067383, 2.5603370666503906, 2.477940082550049, 2.312849283218384, 2.1765894889831543, 2.1169352531433105, 2.066999912261963, 2.6022305488586426, 1.9162156581878662, 1.631188154220581, 2.8159420490264893, 1.7348928451538086, 1.6284396648406982, 1.6006081104278564, 1.6889076232910156, 1.5152767896652222, 1.2743053436279297, 1.5498771667480469, 1.333228588104248, 1.60746169090271, 1.1055219173431396, 0.984277606010437, 0.7782477736473083, 2.1370456218719482, 0.8917516469955444, 0.7085677981376648, 1.914280652999878, 1.035576581954956, 0.6779407262802124, 0.6528375744819641, 0.8209457397460938, 0.5873429179191589, 0.8299422264099121, 0.8711147308349609, 0.5370415449142456, 0.4853605329990387, 0.42684951424598694, 0.5914890170097351, 0.6144472360610962, 0.4324435293674469, 0.3901809751987457, 0.288867712020874, 0.3633959889411926, 3.2157974243164062, 0.7991239428520203, 0.36729973554611206, 1.0351001024246216, 0.42937856912612915, 0.3198832869529724], "time_taken": 715.8064243793488, "bit_accuracy": 0.86875}