{"n_front_dense_FE": 2, "n_front_dense_PE": 2, "n_front_dense_RxDec": 2, "state_width": 8, "n_epochs": 40, "n_additional_epochs": 20, "CFO_coef": 0.5, "SNR": 2, "J_list": [2.7727859020233154, 2.763859510421753, 2.7965071201324463, 2.781765937805176, 2.7558960914611816, 2.7140116691589355, 2.652745008468628, 2.6147966384887695, 2.4358878135681152, 2.340380907058716, 2.442319393157959, 2.482635498046875, 2.1639111042022705, 1.9463132619857788, 2.248957395553589, 1.8490076065063477, 1.720327615737915, 1.6215832233428955, 1.477478265762329, 1.4410375356674194, 1.5753155946731567, 1.4463729858398438, 1.1381049156188965, 1.015082597732544, 1.1270419359207153, 1.0685316324234009, 0.9199590682983398, 0.8057793378829956, 0.7264212369918823, 0.6542043685913086, 0.6640236973762512, 0.541822612285614, 0.4799056053161621, 0.808520495891571, 0.543859601020813, 0.5587717294692993, 0.45140162110328674, 0.6173237562179565, 0.7029715180397034, 0.41747361421585083, 0.40010109543800354, 0.21252644062042236, 0.23314547538757324, 0.23272351920604706, 0.2815271019935608, 0.1881808042526245, 0.35603323578834534, 1.4273403882980347, 1.3414894342422485, 0.1537422239780426, 0.2508348524570465, 0.17537525296211243, 0.3291526436805725, 0.1780954897403717, 0.5262848734855652, 0.17668960988521576, 0.26923665404319763, 0.11514367163181305, 0.1346575915813446, 0.20268642902374268], "time_taken": 700.1588046550751, "bit_accuracy": 0.975}