{"n_front_dense_FE": 2, "n_front_dense_PE": 2, "n_front_dense_RxDec": 2, "state_width": 16, "n_epochs": 40, "n_additional_epochs": 20, "CFO_coef": 0.5, "SNR": 4, "J_list": [2.7728919982910156, 2.770913600921631, 2.7770063877105713, 2.756986379623413, 2.7412757873535156, 2.6538589000701904, 2.523951292037964, 2.6398370265960693, 2.584590196609497, 2.400526523590088, 2.514700412750244, 2.2644028663635254, 2.391695499420166, 2.0983099937438965, 2.081003427505493, 2.144456148147583, 1.8328239917755127, 1.875978708267212, 1.6517845392227173, 1.6210626363754272, 1.835564374923706, 1.6190637350082397, 1.4535630941390991, 1.2666161060333252, 1.2748425006866455, 1.2618162631988525, 1.0611152648925781, 1.4221242666244507, 1.0102115869522095, 1.3309094905853271, 1.0037455558776855, 1.203873872756958, 0.9088226556777954, 0.9367427825927734, 0.8813793063163757, 0.8405179977416992, 0.8735107183456421, 0.9974962472915649, 0.7515029907226562, 0.9294945001602173, 0.7027460336685181, 0.5616780519485474, 0.5045970678329468, 0.4870203137397766, 0.5564521551132202, 0.44618329405784607, 0.6206934452056885, 0.4011574387550354, 0.4975244402885437, 0.38410869240760803, 0.504745602607727, 0.5922408103942871, 0.36111801862716675, 0.3507375419139862, 0.4129432737827301, 0.38680028915405273, 0.47489413619041443, 0.7108482718467712, 0.2757379114627838, 0.48226308822631836], "time_taken": 718.8610961437225, "bit_accuracy": 0.95625}