{"n_front_dense_FE": 2, "n_front_dense_PE": 2, "n_front_dense_RxDec": 2, "state_width": 16, "n_epochs": 40, "n_additional_epochs": 20, "CFO_coef": 0.5, "SNR": 3, "J_list": [2.772113084793091, 2.791961193084717, 2.7657217979431152, 2.7754364013671875, 2.756667375564575, 2.7496514320373535, 2.752260446548462, 2.6782193183898926, 2.4906954765319824, 2.3151960372924805, 2.083763837814331, 2.4337010383605957, 2.4282310009002686, 2.0001912117004395, 2.0197761058807373, 1.8261789083480835, 2.032870292663574, 1.7970378398895264, 2.003551959991455, 1.7471249103546143, 1.8244928121566772, 1.69475519657135, 1.4962266683578491, 2.239800214767456, 1.257982850074768, 1.2229617834091187, 1.172351598739624, 1.0323152542114258, 0.9371135830879211, 0.9949592351913452, 1.5100857019424438, 0.9885967373847961, 1.3380731344223022, 1.2893040180206299, 0.9746900796890259, 0.6562138795852661, 0.8637456893920898, 1.372572660446167, 0.8108574151992798, 0.6464146375656128, 0.8543416857719421, 0.5541704893112183, 0.5028300881385803, 0.4107488691806793, 0.47210806608200073, 0.4360964298248291, 0.478341668844223, 0.36811596155166626, 0.3760262727737427, 0.3848925530910492, 0.3663438856601715, 0.31213945150375366, 0.321870356798172, 0.3148239552974701, 0.2784648537635803, 0.3200262188911438, 0.3509048819541931, 0.2639142870903015, 0.2447679489850998, 0.8373420834541321], "time_taken": 734.9448828697205, "bit_accuracy": 0.928125}