{"n_front_dense_FE": 2, "n_front_dense_PE": 2, "n_front_dense_RxDec": 2, "state_width": 8, "n_epochs": 40, "n_additional_epochs": 20, "CFO_coef": 0.5, "SNR": 5, "J_list": [2.7731680870056152, 2.781412124633789, 2.7792000770568848, 2.7671401500701904, 2.7562899589538574, 2.719583034515381, 2.726527690887451, 2.63673996925354, 2.436479091644287, 2.2971701622009277, 2.6735281944274902, 2.297656297683716, 2.3144302368164062, 2.1506733894348145, 2.118215560913086, 2.093005657196045, 1.8761272430419922, 1.7910534143447876, 1.5457674264907837, 1.4984376430511475, 1.3423187732696533, 1.2644850015640259, 1.3187849521636963, 1.6577503681182861, 0.8628672361373901, 0.9391897916793823, 0.645781397819519, 0.8556631803512573, 0.6363394856452942, 0.609409749507904, 0.7654159665107727, 0.6121115684509277, 0.5441684722900391, 0.534539520740509, 0.4342038035392761, 0.48888087272644043, 0.552052915096283, 0.37598705291748047, 0.6365998983383179, 0.6310275793075562, 0.5636451244354248, 0.23633518815040588, 0.23385290801525116, 0.17778097093105316, 0.13172392547130585, 0.15057428181171417, 0.2714990973472595, 0.1216927319765091, 0.16902168095111847, 0.1287640631198883, 0.10313241183757782, 0.14208701252937317, 0.13093654811382294, 0.1313444823026657, 0.06032441183924675, 0.06464312970638275, 0.14358913898468018, 0.057591866701841354, 0.06403063237667084, 0.09864522516727448], "time_taken": 708.647768497467, "bit_accuracy": 0.996875}