{"n_front_dense_FE": 2, "n_front_dense_PE": 2, "n_front_dense_RxDec": 2, "state_width": 8, "n_epochs": 40, "n_additional_epochs": 20, "CFO_coef": 1, "SNR": 2, "J_list": [2.77241849899292, 2.759087324142456, 2.764026165008545, 2.8116726875305176, 2.7122552394866943, 2.7556333541870117, 2.6896159648895264, 2.6530940532684326, 2.5688328742980957, 2.4390032291412354, 2.486631155014038, 2.395005702972412, 2.23189115524292, 2.2380928993225098, 2.3838658332824707, 2.285052537918091, 2.2258834838867188, 2.2651960849761963, 2.155571460723877, 2.0259883403778076, 2.0379719734191895, 2.043466091156006, 1.9760560989379883, 1.9864256381988525, 2.29243803024292, 1.7831188440322876, 2.022087574005127, 1.9118633270263672, 1.786895513534546, 1.9311532974243164, 2.112626791000366, 1.5788297653198242, 2.2754249572753906, 1.8801422119140625, 1.9270102977752686, 1.7775027751922607, 1.920967698097229, 1.563987135887146, 1.6655452251434326, 1.626409888267517, 1.6071949005126953, 1.4818801879882812, 1.583187460899353, 1.4388748407363892, 1.3932387828826904, 1.3845245838165283, 1.548309326171875, 1.3204076290130615, 1.3488733768463135, 1.299593210220337, 1.570013165473938, 1.8630695343017578, 1.2480905055999756, 1.2495282888412476, 1.2835179567337036, 1.4217058420181274, 1.1937347650527954, 1.2133054733276367, 1.1763505935668945, 1.2616373300552368], "time_taken": 711.4845559597015, "bit_accuracy": 0.63125}