{"n_front_dense_FE": 2, "n_front_dense_PE": 2, "n_front_dense_RxDec": 2, "state_width": 8, "n_epochs": 40, "n_additional_epochs": 20, "CFO_coef": 1, "SNR": 3, "J_list": [2.772686719894409, 2.7911102771759033, 2.7888095378875732, 2.7705466747283936, 2.7788734436035156, 2.7732443809509277, 2.7580647468566895, 2.7486891746520996, 2.760725975036621, 2.6890859603881836, 2.681886911392212, 2.695131778717041, 2.5672783851623535, 2.5783488750457764, 2.388160228729248, 2.495882749557495, 2.1319897174835205, 2.073134183883667, 2.0185203552246094, 1.877274513244629, 2.0748653411865234, 1.5961066484451294, 1.8043915033340454, 2.0907063484191895, 1.7169097661972046, 1.5686910152435303, 1.5190733671188354, 2.0864479541778564, 2.054349422454834, 1.4565269947052002, 1.5307140350341797, 1.8239940404891968, 1.4116452932357788, 1.2438545227050781, 1.0984175205230713, 1.254743218421936, 1.1614906787872314, 1.0804202556610107, 1.1569148302078247, 0.9291424751281738, 0.6549990177154541, 0.5298887491226196, 0.44279828667640686, 0.39921340346336365, 0.7210264205932617, 0.46831244230270386, 0.6178016662597656, 0.3754674792289734, 0.5765014290809631, 0.32563072443008423, 0.3097018599510193, 0.30292949080467224, 0.28960981965065, 0.2736799120903015, 0.8720296621322632, 0.8280447721481323, 0.22539789974689484, 0.28298506140708923, 2.061443328857422, 0.38354718685150146], "time_taken": 708.9060201644897, "bit_accuracy": 0.95}