{"n_front_dense_FE": 2, "n_front_dense_PE": 2, "n_front_dense_RxDec": 2, "state_width": 8, "n_epochs": 40, "n_additional_epochs": 20, "CFO_coef": 0.5, "SNR": 1, "J_list": [2.772718667984009, 2.7743372917175293, 2.7869155406951904, 2.7735531330108643, 2.7471485137939453, 2.718926191329956, 2.694474458694458, 2.6530117988586426, 2.5325958728790283, 2.529330253601074, 2.7464377880096436, 2.325307607650757, 2.475529670715332, 2.262397289276123, 2.131042957305908, 2.088676691055298, 1.9957107305526733, 1.7804977893829346, 1.627176284790039, 1.5562986135482788, 1.3360899686813354, 1.2334333658218384, 1.1566698551177979, 0.9573118090629578, 0.8989507555961609, 0.8520492315292358, 0.6829530000686646, 1.5593054294586182, 1.0228149890899658, 1.2143923044204712, 1.1757980585098267, 0.6388891339302063, 0.997407078742981, 1.011330008506775, 0.7288321256637573, 0.5643821954727173, 0.49869340658187866, 0.42967939376831055, 0.44396838545799255, 0.5896590948104858, 0.37111005187034607, 0.42357176542282104, 0.25113213062286377, 0.2575134336948395, 0.26860132813453674, 0.23252534866333008, 0.622366726398468, 0.2811761796474457, 0.2757485806941986, 0.24396979808807373, 0.15951891243457794, 0.1721157282590866, 0.12715646624565125, 0.12178640067577362, 0.11068721115589142, 0.10824322700500488, 0.18118755519390106, 0.20972523093223572, 0.0962878093123436, 0.7241960167884827], "time_taken": 699.9607360363007, "bit_accuracy": 0.903125}