{"n_front_dense_FE": 2, "n_front_dense_PE": 2, "n_front_dense_RxDec": 2, "state_width": 2, "n_epochs": 100, "n_additional_epochs": 10, "CFO_coef": 1, "SNR": 3, "J_list": [2.772355556488037, 2.775444507598877, 2.762204647064209, 2.7900848388671875, 2.809495449066162, 2.770411729812622, 2.7574689388275146, 2.7584869861602783, 2.7476062774658203, 2.714681386947632, 2.7016501426696777, 2.568227767944336, 2.5453357696533203, 2.4838411808013916, 2.6375999450683594, 2.4330573081970215, 2.2497875690460205, 2.2330830097198486, 2.3075146675109863, 2.2342021465301514, 2.4545466899871826, 2.196857213973999, 2.158817768096924, 2.1275744438171387, 2.0864367485046387, 1.9828227758407593, 1.9933040142059326, 1.9513018131256104, 1.8544719219207764, 1.8577582836151123, 1.7854779958724976, 1.8259029388427734, 2.1027638912200928, 2.9749367237091064, 1.7617861032485962, 1.8406013250350952, 2.752227306365967, 1.7807462215423584, 2.2999260425567627, 1.7991054058074951, 1.990900993347168, 2.8549532890319824, 2.0806102752685547, 2.3221378326416016, 2.252739429473877, 2.0278420448303223, 2.1465442180633545, 2.1935832500457764, 2.0472824573516846, 1.9145698547363281, 1.9605648517608643, 2.0467193126678467, 2.3834149837493896, 1.9439918994903564, 1.8535770177841187, 1.825338363647461, 1.8874038457870483, 1.7934324741363525, 1.8034846782684326, 1.7813880443572998, 1.7849410772323608, 2.173840045928955, 1.7172126770019531, 1.6672661304473877, 1.6746991872787476, 1.605688452720642, 1.6498539447784424, 1.6579954624176025, 1.8186546564102173, 1.5947891473770142, 1.6308552026748657, 1.5322811603546143, 1.452574610710144, 1.444218635559082, 1.7684444189071655, 1.4602845907211304, 1.898769736289978, 1.5222280025482178, 1.4750138521194458, 1.41537344455719, 1.4936559200286865, 1.3513224124908447, 1.3560409545898438, 2.8830323219299316, 1.353165864944458, 1.6240158081054688, 1.480576753616333, 1.3826725482940674, 1.42044997215271, 1.3708888292312622, 1.5058187246322632, 1.435612440109253, 1.3213250637054443, 1.3049166202545166, 1.2747304439544678, 1.302382469177246, 1.2490990161895752, 2.0738136768341064, 1.653150200843811, 1.3748769760131836, 2.295560121536255, 1.3446117639541626, 1.4349358081817627, 1.7751880884170532, 1.2863025665283203, 1.252875566482544, 1.164315938949585, 1.1756541728973389, 1.1630709171295166, 1.2446335554122925], "time_taken": 662.5463943481445, "bit_accuracy": 0.471875}