{"n_front_dense_FE": 2, "n_front_dense_PE": 2, "n_front_dense_RxDec": 2, "state_width": 3, "n_epochs": 100, "n_additional_epochs": 10, "CFO_coef": 1, "SNR": 10, "J_list": [2.7721238136291504, 2.777451992034912, 2.7653613090515137, 2.736966133117676, 2.6703286170959473, 2.7189297676086426, 2.6829991340637207, 2.572920799255371, 2.7033722400665283, 2.498051643371582, 2.8331210613250732, 2.7585251331329346, 2.5033645629882812, 2.5962462425231934, 2.429975986480713, 2.368882656097412, 2.4681849479675293, 2.4615657329559326, 2.1919302940368652, 2.0508456230163574, 1.95916748046875, 1.8304752111434937, 1.7816905975341797, 1.9150497913360596, 1.5603355169296265, 1.5085951089859009, 1.9305458068847656, 1.848293662071228, 1.4998672008514404, 2.2105088233947754, 1.7972208261489868, 1.5203500986099243, 1.6649574041366577, 1.649985671043396, 1.486180067062378, 1.4533504247665405, 1.8590199947357178, 1.3822530508041382, 1.3423337936401367, 2.083442211151123, 1.5922622680664062, 1.9743382930755615, 1.402130126953125, 1.8266359567642212, 1.4002399444580078, 1.339565634727478, 0.9887809753417969, 0.9854190945625305, 1.7491439580917358, 1.36444890499115, 1.0159521102905273, 0.9862373471260071, 0.873849093914032, 0.864122748374939, 1.0655019283294678, 0.9408258199691772, 0.7809443473815918, 0.725440502166748, 0.7330975532531738, 0.6263099312782288, 0.49419981241226196, 0.4797465205192566, 0.6234094500541687, 1.4950612783432007, 0.8855794072151184, 1.0431506633758545, 0.7459959387779236, 0.724084734916687, 0.5944452881813049, 0.7305833697319031, 0.368485689163208, 0.730099081993103, 0.5285682678222656, 1.7353618144989014, 0.8435230255126953, 0.8009501695632935, 0.581760823726654, 0.45025119185447693, 0.3862385153770447, 0.2941625416278839, 0.39553484320640564, 0.7127365469932556, 0.40596652030944824, 0.34069502353668213, 0.3093481659889221, 0.5287126302719116, 1.325058102607727, 0.39741700887680054, 0.5087782144546509, 0.4535825848579407, 1.067143201828003, 0.27445822954177856, 0.7530278563499451, 0.3804173767566681, 0.25572389364242554, 2.969506025314331, 0.2636558413505554, 0.30805298686027527, 0.38085442781448364, 0.5126317143440247, 0.2648429870605469, 0.2845122218132019, 0.3587862551212311, 0.14437749981880188, 0.13085559010505676, 0.3776106834411621, 0.20925462245941162, 0.20349439978599548, 0.10414223372936249, 0.19666528701782227], "time_taken": 845.1905906200409, "bit_accuracy": 0.9615625000000001}