{"n_front_dense_FE": 2, "n_front_dense_PE": 2, "n_front_dense_RxDec": 2, "state_width": 4, "n_epochs": 100, "n_additional_epochs": 10, "CFO_coef": 1, "SNR": 2, "J_list": [2.772307872772217, 2.780355453491211, 2.794081211090088, 2.7773327827453613, 2.7706105709075928, 2.7828102111816406, 2.7681775093078613, 2.757594585418701, 2.7314276695251465, 2.70943021774292, 2.6693882942199707, 2.70499849319458, 2.666118621826172, 2.5411651134490967, 2.4644243717193604, 2.360816478729248, 2.3349545001983643, 2.3285834789276123, 2.1008713245391846, 2.0635979175567627, 2.1849782466888428, 1.9726365804672241, 1.818951964378357, 1.8354949951171875, 3.0247561931610107, 1.8280856609344482, 1.6768226623535156, 1.8173691034317017, 1.7749427556991577, 1.586136817932129, 1.494356393814087, 1.5513923168182373, 1.3711391687393188, 1.3420344591140747, 1.2289619445800781, 1.0168794393539429, 1.341434359550476, 1.0087510347366333, 0.9412592053413391, 0.9485560655593872, 0.7913298606872559, 0.7464272975921631, 2.0494494438171387, 3.97301983833313, 1.289212703704834, 1.2626476287841797, 1.3337644338607788, 1.044602632522583, 1.2588773965835571, 1.124660611152649, 1.011505365371704, 0.9894953966140747, 1.2171404361724854, 1.6303718090057373, 1.1132100820541382, 1.0299514532089233, 1.1725937128067017, 1.126807451248169, 1.0065487623214722, 0.9488099813461304, 0.7953468561172485, 0.7846547961235046, 0.8252919912338257, 1.03767728805542, 0.7160173654556274, 0.9142898321151733, 0.6873494982719421, 0.5658127069473267, 0.48401403427124023, 0.4893895089626312, 0.46359753608703613, 0.7064738273620605, 0.46815842390060425, 0.3257352411746979, 1.0232857465744019, 0.31266918778419495, 0.46222466230392456, 0.3359079957008362, 0.26785141229629517, 0.26447153091430664, 0.7499561309814453, 1.0806732177734375, 0.8479946851730347, 0.4312009811401367, 0.4896947741508484, 0.3145206868648529, 0.5402323603630066, 0.2908426821231842, 0.7097600698471069, 0.3792601525783539, 0.46321016550064087, 0.5854396820068359, 0.23533160984516144, 0.731515109539032, 0.24045094847679138, 0.23284897208213806, 0.36126595735549927, 0.2459695041179657, 0.6031609773635864, 0.17566870152950287, 0.285886287689209, 0.18185491859912872, 0.14211133122444153, 0.30457162857055664, 0.1561475247144699, 0.11800700426101685, 0.15015153586864471, 0.1252521276473999, 1.2610769271850586, 0.22514435648918152], "time_taken": 685.6463584899902, "bit_accuracy": 0.9081250000000001}