{"n_front_dense_FE": 2, "n_front_dense_PE": 2, "n_front_dense_RxDec": 2, "state_width": 0, "n_epochs": 100, "n_additional_epochs": 10, "CFO_coef": 1, "SNR": 10, "J_list": [2.7725894451141357, 2.7717292308807373, 2.7722458839416504, 2.772869110107422, 2.7754178047180176, 2.7755794525146484, 2.77333402633667, 2.7742862701416016, 2.7736105918884277, 2.7738735675811768, 2.771592378616333, 2.7735400199890137, 2.7770028114318848, 2.7703614234924316, 2.7711026668548584, 2.7710676193237305, 2.772697925567627, 2.771544933319092, 2.7723143100738525, 2.772613525390625, 2.773167133331299, 2.7723746299743652, 2.7749459743499756, 2.771103620529175, 2.772667646408081, 2.771451950073242, 2.7762856483459473, 2.773195743560791, 2.7725753784179688, 2.7723281383514404, 2.7689521312713623, 2.773874044418335, 2.7753703594207764, 2.7742185592651367, 2.7748863697052, 2.7689547538757324, 2.7756500244140625, 2.771144151687622, 2.774782180786133, 2.7771472930908203, 2.7735984325408936, 2.7743420600891113, 2.772169589996338, 2.7730250358581543, 2.773589611053467, 2.773212194442749, 2.7721095085144043, 2.77449369430542, 2.772427797317505, 2.7710444927215576, 2.771977186203003, 2.7739288806915283, 2.7767415046691895, 2.7734317779541016, 2.771212100982666, 2.773538112640381, 2.7729744911193848, 2.7755236625671387, 2.7750210762023926, 2.7743403911590576, 2.77358341217041, 2.7708687782287598, 2.772745132446289, 2.7732224464416504, 2.7729828357696533, 2.77211332321167, 2.773033618927002, 2.7732760906219482, 2.7727019786834717, 2.7730977535247803, 2.7721707820892334, 2.77223539352417, 2.777127265930176, 2.770381212234497, 2.771483898162842, 2.773261785507202, 2.770700454711914, 2.7712979316711426, 2.772113561630249, 2.771359920501709, 2.771477460861206, 2.7730307579040527, 2.7721848487854004, 2.7737982273101807, 2.774235248565674, 2.7727553844451904, 2.769871950149536, 2.7698957920074463, 2.775386333465576, 2.7749412059783936, 2.7748091220855713, 2.770528793334961, 2.7699947357177734, 2.773350954055786, 2.771408796310425, 2.7720675468444824, 2.7770097255706787, 2.772885799407959, 2.7712295055389404, 2.7731361389160156, 2.7741904258728027, 2.7729129791259766, 2.7765953540802, 2.7758405208587646, 2.7753658294677734, 2.7745401859283447, 2.7734296321868896, 2.7747795581817627, 2.7751247882843018, 2.7701263427734375], "time_taken": 649.6065657138824, "bit_accuracy": 0.063125}