{"n_front_dense_FE": 2, "n_front_dense_PE": 2, "n_front_dense_RxDec": 2, "state_width": 2, "n_epochs": 100, "n_additional_epochs": 10, "CFO_coef": 1, "SNR": 1, "J_list": [2.7733473777770996, 2.774890422821045, 2.7676327228546143, 2.77384614944458, 2.7504870891571045, 2.7816123962402344, 2.6899266242980957, 2.753723621368408, 2.645371913909912, 2.711130142211914, 2.646782398223877, 2.605808973312378, 2.7159526348114014, 2.6689043045043945, 2.5323753356933594, 2.5631260871887207, 2.7058441638946533, 2.6683170795440674, 2.5566585063934326, 2.6012625694274902, 2.375302314758301, 2.4442715644836426, 2.357715606689453, 2.5346081256866455, 2.4221599102020264, 2.2973532676696777, 2.1783599853515625, 2.338024616241455, 2.114859104156494, 2.189880132675171, 2.0514283180236816, 2.1056571006774902, 1.9048101902008057, 1.9604661464691162, 2.400235652923584, 1.8525722026824951, 1.7931253910064697, 1.943402886390686, 1.8980247974395752, 1.7384135723114014, 2.2922520637512207, 2.3024215698242188, 1.8371880054473877, 1.9836117029190063, 1.8491065502166748, 1.722369909286499, 2.083601474761963, 1.6590297222137451, 1.6509416103363037, 1.5495539903640747, 1.7723219394683838, 1.8532463312149048, 1.6165275573730469, 2.0079164505004883, 1.4638798236846924, 1.5789728164672852, 1.548039197921753, 1.5182548761367798, 1.560136079788208, 1.3848154544830322, 1.3460198640823364, 1.7429563999176025, 1.440656304359436, 1.5790421962738037, 1.206052541732788, 1.1881201267242432, 1.0790430307388306, 1.486737608909607, 1.428186297416687, 1.7149635553359985, 1.4356940984725952, 1.1596322059631348, 1.2458171844482422, 1.1493937969207764, 1.195196270942688, 0.9302127957344055, 0.944771945476532, 0.9547783732414246, 1.233494520187378, 0.8966895937919617, 0.8218681216239929, 1.5313847064971924, 1.2694768905639648, 1.0091150999069214, 0.9778599739074707, 0.9498571157455444, 1.741188406944275, 0.8116050958633423, 0.904214084148407, 0.7535831928253174, 0.9131931066513062, 0.9792054891586304, 0.8972548246383667, 0.781510055065155, 0.6898164749145508, 0.8465277552604675, 0.6440361142158508, 1.3775304555892944, 1.2945927381515503, 0.8007849454879761, 0.7591716647148132, 0.5965429544448853, 0.5935468673706055, 0.5089451670646667, 0.5733292698860168, 1.297346591949463, 0.40161141753196716, 0.6980370283126831, 0.7126537561416626, 0.43201762437820435], "time_taken": 653.5816242694855, "bit_accuracy": 0.8040625}