{"n_front_dense_FE": 2, "n_front_dense_PE": 2, "n_front_dense_RxDec": 2, "state_width": 6, "n_epochs": 100, "n_additional_epochs": 10, "CFO_coef": 1, "SNR": 5, "J_list": [2.7720324993133545, 2.7986056804656982, 2.7746083736419678, 2.783586263656616, 2.7750000953674316, 2.7686150074005127, 2.762856960296631, 2.6975674629211426, 2.7142117023468018, 2.681623935699463, 2.714534282684326, 2.620241403579712, 2.84313702583313, 2.5909805297851562, 2.509417772293091, 2.573483943939209, 2.387873888015747, 2.661592960357666, 2.754674196243286, 2.2216837406158447, 2.1639151573181152, 2.122732639312744, 2.0512642860412598, 1.9699814319610596, 1.7735713720321655, 1.5552442073822021, 1.4923765659332275, 2.7977287769317627, 1.7583448886871338, 1.4960334300994873, 1.3483340740203857, 2.3557870388031006, 1.6059787273406982, 2.5723724365234375, 1.535310983657837, 1.6269696950912476, 1.5533154010772705, 1.7616592645645142, 1.745348334312439, 1.5183188915252686, 1.5547493696212769, 1.5121856927871704, 1.4279565811157227, 1.7325481176376343, 1.3765703439712524, 1.3828216791152954, 1.2515054941177368, 1.0200778245925903, 1.0821185111999512, 1.3151639699935913, 1.1904397010803223, 0.9477767944335938, 1.3559633493423462, 0.9581019282341003, 0.8602811694145203, 0.7834000587463379, 0.7359844446182251, 1.3608815670013428, 0.8671373128890991, 0.6908233761787415, 0.6089717149734497, 0.620693564414978, 0.7345021963119507, 0.7068802714347839, 0.6913453340530396, 0.6582709550857544, 0.634139895439148, 0.4942142069339752, 0.5182158350944519, 0.7439054250717163, 0.5694485902786255, 0.7458879947662354, 0.43995609879493713, 0.39070406556129456, 0.35552331805229187, 0.5372700691223145, 0.2929708957672119, 0.32698002457618713, 0.9998777508735657, 0.5157452821731567, 0.5163399577140808, 0.5317279696464539, 0.4961491525173187, 0.4818841814994812, 0.5040031671524048, 0.2974880039691925, 1.551507592201233, 0.7451921701431274, 0.46296748518943787, 0.6740623116493225, 0.36831235885620117, 0.3671289384365082, 0.47534114122390747, 0.34978950023651123, 0.7271894216537476, 0.44633039832115173, 1.2012580633163452, 0.8380672335624695, 0.527527928352356, 0.4685789942741394, 1.0081287622451782, 0.34120792150497437, 0.24521474540233612, 0.31092873215675354, 0.4344319701194763, 0.2657119929790497, 1.9646857976913452, 0.1772247850894928, 0.2025502622127533, 1.130613088607788], "time_taken": 925.3476836681366, "bit_accuracy": 0.9043749999999999}