{"n_front_dense_FE": 2, "n_front_dense_PE": 2, "n_front_dense_RxDec": 2, "state_width": 3, "n_epochs": 100, "n_additional_epochs": 10, "CFO_coef": 1, "SNR": 5, "J_list": [2.7723474502563477, 2.777479648590088, 2.7764034271240234, 2.765808582305908, 2.7547779083251953, 2.7281196117401123, 2.663633346557617, 2.587515354156494, 2.4174752235412598, 2.4804527759552, 3.5315194129943848, 2.4896514415740967, 2.4055075645446777, 2.4450817108154297, 2.5445902347564697, 2.3920047283172607, 2.5543923377990723, 2.4271042346954346, 2.3560309410095215, 2.352050304412842, 2.500725269317627, 2.36415433883667, 2.0820071697235107, 2.1355481147766113, 1.9604737758636475, 1.8134639263153076, 1.6953452825546265, 1.596512794494629, 1.7290385961532593, 1.789040207862854, 1.5370047092437744, 1.4274251461029053, 1.6065638065338135, 1.3378431797027588, 1.281421184539795, 1.2948280572891235, 1.3573901653289795, 1.363383173942566, 1.4668327569961548, 1.2589260339736938, 1.0755765438079834, 1.3529657125473022, 1.242432951927185, 1.1282284259796143, 1.0185682773590088, 1.2859445810317993, 1.1674785614013672, 0.9837169647216797, 0.9506896734237671, 3.996251344680786, 1.554839849472046, 1.6973453760147095, 2.0133109092712402, 1.2470741271972656, 3.859872817993164, 1.7410409450531006, 1.5619876384735107, 1.7423286437988281, 1.403153657913208, 1.4820888042449951, 1.3945252895355225, 1.3342292308807373, 1.2523231506347656, 1.3426339626312256, 1.2449538707733154, 1.5597326755523682, 1.0609111785888672, 1.0241377353668213, 0.8804289102554321, 0.9053543210029602, 2.223849058151245, 0.8492477536201477, 1.0141507387161255, 0.8703174591064453, 0.8076452016830444, 0.9092022180557251, 1.211247444152832, 1.0123792886734009, 0.8105514645576477, 0.7075428366661072, 0.6060221195220947, 1.3783783912658691, 0.5579899549484253, 0.5590839982032776, 0.5508041977882385, 0.5067170858383179, 0.4902677536010742, 0.395081102848053, 0.3117620348930359, 0.42366504669189453, 0.31078022718429565, 0.5600963830947876, 0.24182012677192688, 0.43879351019859314, 0.21749873459339142, 0.20088490843772888, 0.925602912902832, 0.9342445135116577, 0.31122857332229614, 0.431873619556427, 0.3671720623970032, 0.2588750720024109, 0.18002454936504364, 0.21353189647197723, 0.16500797867774963, 0.14434874057769775, 0.4299039840698242, 0.17139896750450134, 0.278691828250885, 0.17424461245536804], "time_taken": 1116.8741097450256, "bit_accuracy": 0.8412500000000002}