{"n_front_dense_FE": 2, "n_front_dense_PE": 2, "n_front_dense_RxDec": 2, "state_width": 3, "n_epochs": 100, "n_additional_epochs": 10, "CFO_coef": 1, "SNR": 3, "J_list": [2.772447109222412, 2.770343542098999, 2.782189130783081, 2.8095831871032715, 2.7646660804748535, 2.7539162635803223, 2.7605087757110596, 2.7216484546661377, 2.705132007598877, 2.5869274139404297, 2.5193302631378174, 2.7178196907043457, 2.2413623332977295, 2.406571626663208, 2.0364620685577393, 1.8488502502441406, 1.6978676319122314, 1.6635373830795288, 1.450815200805664, 1.4696604013442993, 1.1981005668640137, 2.0300750732421875, 1.924692153930664, 1.3251073360443115, 1.2920620441436768, 1.2838189601898193, 1.2945681810379028, 1.2037174701690674, 1.6524492502212524, 0.9946948885917664, 0.9095785021781921, 1.6917304992675781, 1.0251076221466064, 1.796940565109253, 1.0365132093429565, 0.781999945640564, 0.96478271484375, 0.9504663348197937, 0.9715362787246704, 0.7675450444221497, 0.7137551307678223, 0.5924824476242065, 0.5978838205337524, 0.48799681663513184, 0.46638602018356323, 0.4366334080696106, 0.5257403254508972, 0.3693700432777405, 0.7314062714576721, 0.3680551052093506, 0.5994803309440613, 0.4084196090698242, 0.6335250735282898, 2.2056708335876465, 0.5693583488464355, 0.35397306084632874, 0.40854543447494507, 0.36459240317344666, 0.7103411555290222, 0.31651392579078674, 0.32283100485801697, 0.3811098039150238, 0.8174636960029602, 0.4389922022819519, 0.7926181554794312, 0.7327637076377869, 0.6565159559249878, 1.3131661415100098, 0.6599094271659851, 0.43738874793052673, 0.506867527961731, 1.200345516204834, 0.6297907829284668, 1.0295097827911377, 0.32924574613571167, 0.3447945713996887, 2.6865952014923096, 0.5773550271987915, 0.8467270135879517, 1.4441288709640503, 0.7945531010627747, 0.4733067452907562, 0.4880574643611908, 0.5595642328262329, 0.9318723678588867, 0.6679434776306152, 0.6051911115646362, 0.5906059145927429, 0.6758300065994263, 0.3131372332572937, 0.3238147497177124, 0.3730793297290802, 0.3446948528289795, 0.28767186403274536, 0.4662857949733734, 0.2603697180747986, 0.22655853629112244, 0.21088333427906036, 0.1581990122795105, 0.1842259019613266, 0.20953169465065002, 0.1299399584531784, 0.18841013312339783, 0.08362843096256256, 0.10950076580047607, 0.11099400371313095, 0.08301861584186554, 0.08804844319820404, 0.14528033137321472, 0.07732224464416504], "time_taken": 829.0796899795532, "bit_accuracy": 0.9590624999999999}