{"n_front_dense_FE": 2, "n_front_dense_PE": 2, "n_front_dense_RxDec": 2, "state_width": 0, "n_epochs": 100, "n_additional_epochs": 10, "CFO_coef": 1, "SNR": 4, "J_list": [2.7725894451141357, 2.7730047702789307, 2.7729411125183105, 2.772181749343872, 2.77294921875, 2.771967649459839, 2.774568796157837, 2.7725348472595215, 2.7725090980529785, 2.7710723876953125, 2.771883249282837, 2.770015001296997, 2.775049924850464, 2.7749392986297607, 2.7766196727752686, 2.770892381668091, 2.7730865478515625, 2.7720322608947754, 2.772160768508911, 2.770942449569702, 2.7698402404785156, 2.7696986198425293, 2.7707691192626953, 2.7731804847717285, 2.7698919773101807, 2.7766189575195312, 2.7746148109436035, 2.778597593307495, 2.7737393379211426, 2.7735564708709717, 2.7742905616760254, 2.7758235931396484, 2.7725634574890137, 2.7740139961242676, 2.773254871368408, 2.7748618125915527, 2.7711048126220703, 2.7748138904571533, 2.7706005573272705, 2.776686906814575, 2.775934934616089, 2.7711615562438965, 2.774329662322998, 2.772360324859619, 2.7722866535186768, 2.773036003112793, 2.771693706512451, 2.7715277671813965, 2.775560140609741, 2.774348497390747, 2.775022029876709, 2.773603916168213, 2.7721667289733887, 2.773250102996826, 2.7756752967834473, 2.7736599445343018, 2.7736737728118896, 2.774671792984009, 2.7748143672943115, 2.7721152305603027, 2.7724127769470215, 2.776063919067383, 2.7731757164001465, 2.771796703338623, 2.7743115425109863, 2.7704007625579834, 2.7715232372283936, 2.772965908050537, 2.772012948989868, 2.772489070892334, 2.7747035026550293, 2.7731456756591797, 2.772406816482544, 2.770421028137207, 2.776339054107666, 2.7746033668518066, 2.7691092491149902, 2.773797035217285, 2.7754013538360596, 2.76954984664917, 2.7740180492401123, 2.7706215381622314, 2.769681453704834, 2.7746989727020264, 2.773070812225342, 2.7664504051208496, 2.7737085819244385, 2.774778366088867, 2.7740015983581543, 2.7714531421661377, 2.77598237991333, 2.770409107208252, 2.773481845855713, 2.777270555496216, 2.769871473312378, 2.7733616828918457, 2.772134304046631, 2.7694015502929688, 2.7723846435546875, 2.773287296295166, 2.772083282470703, 2.7738287448883057, 2.7749645709991455, 2.7738308906555176, 2.771501064300537, 2.772536516189575, 2.773106813430786, 2.7718703746795654, 2.7736849784851074, 2.771821975708008], "time_taken": 543.5617218017578, "bit_accuracy": 0.060624999999999984}