{"n_front_dense_FE": 2, "n_front_dense_PE": 2, "n_front_dense_RxDec": 2, "state_width": 8, "n_epochs": 100, "n_additional_epochs": 10, "CFO_coef": 1, "SNR": 5, "J_list": [2.773284673690796, 2.778895378112793, 2.7851059436798096, 2.7756712436676025, 2.7645821571350098, 2.7392187118530273, 2.71101713180542, 2.6471869945526123, 2.492521286010742, 2.627934694290161, 2.9338297843933105, 2.345733404159546, 2.404019832611084, 2.3351969718933105, 2.3252594470977783, 2.3199522495269775, 2.3537418842315674, 1.9450594186782837, 1.804465651512146, 1.710866928100586, 1.5654675960540771, 2.3783183097839355, 1.5725123882293701, 1.8081824779510498, 1.5731929540634155, 1.4569463729858398, 1.176067590713501, 1.1915749311447144, 1.5235860347747803, 1.2314590215682983, 1.1563193798065186, 1.4118366241455078, 1.2666728496551514, 0.9196299314498901, 0.8689830899238586, 0.9012143015861511, 1.5026867389678955, 0.7539056539535522, 1.7091572284698486, 0.9130873680114746, 0.8879587054252625, 0.6745648980140686, 0.5165529847145081, 0.9050499796867371, 0.7415275573730469, 0.7510716915130615, 0.507019579410553, 0.37977489829063416, 0.39454230666160583, 0.9167925119400024, 0.48582810163497925, 0.5398176908493042, 0.87055903673172, 0.34795355796813965, 0.664570152759552, 0.3077418804168701, 0.23785381019115448, 0.33688467741012573, 0.4882183074951172, 0.41559210419654846, 1.094468355178833, 0.25657692551612854, 0.3240925669670105, 0.3637913167476654, 0.8763078451156616, 0.4190501272678375, 0.27094003558158875, 0.30711084604263306, 0.22516874969005585, 0.2649829387664795, 0.894600510597229, 0.3171793222427368, 0.2909761965274811, 0.4324164390563965, 0.3156588077545166, 0.2629004418849945, 1.0967786312103271, 0.28525158762931824, 0.8130480051040649, 0.5474865436553955, 0.36245232820510864, 0.26422441005706787, 0.25314387679100037, 0.2952705919742584, 0.31531840562820435, 0.37716394662857056, 0.31701627373695374, 0.3560231626033783, 0.4982836842536926, 0.23419208824634552, 0.2745470106601715, 0.2149151861667633, 0.2233302891254425, 0.1811831295490265, 0.14873911440372467, 0.13071954250335693, 0.1613677740097046, 0.12215165048837662, 0.15614883601665497, 0.10498225688934326, 0.0897839367389679, 0.4345415532588959, 0.0878029614686966, 0.29959583282470703, 0.10554873943328857, 0.1178734079003334, 0.08228453248739243, 0.10383622348308563, 0.08507801592350006, 0.08001624047756195], "time_taken": 793.9625148773193, "bit_accuracy": 0.8681249999999998}