{"n_front_dense_FE": 2, "n_front_dense_PE": 2, "n_front_dense_RxDec": 2, "state_width": 0, "n_epochs": 100, "n_additional_epochs": 10, "CFO_coef": 1, "SNR": 2, "J_list": [2.7725894451141357, 2.7723209857940674, 2.7732126712799072, 2.7743256092071533, 2.774024248123169, 2.7704243659973145, 2.772141933441162, 2.7734687328338623, 2.7721877098083496, 2.7731852531433105, 2.772242546081543, 2.772371530532837, 2.7736918926239014, 2.773616313934326, 2.773942232131958, 2.7733845710754395, 2.770531415939331, 2.7706501483917236, 2.771726131439209, 2.7735979557037354, 2.7740721702575684, 2.772188901901245, 2.7748656272888184, 2.769240140914917, 2.7707176208496094, 2.7773935794830322, 2.7688965797424316, 2.7722392082214355, 2.7704036235809326, 2.767468214035034, 2.7736144065856934, 2.7774910926818848, 2.767479419708252, 2.768061637878418, 2.7697651386260986, 2.770005702972412, 2.7738964557647705, 2.774988889694214, 2.773263454437256, 2.770324468612671, 2.774352550506592, 2.773169755935669, 2.7764039039611816, 2.774965286254883, 2.770862102508545, 2.7684125900268555, 2.7739505767822266, 2.7699990272521973, 2.7739715576171875, 2.776881694793701, 2.773655652999878, 2.7762675285339355, 2.77414608001709, 2.7726998329162598, 2.7692782878875732, 2.7745981216430664, 2.7751073837280273, 2.7737133502960205, 2.7736127376556396, 2.7748286724090576, 2.7761783599853516, 2.7725367546081543, 2.772707462310791, 2.7755560874938965, 2.7715020179748535, 2.7711658477783203, 2.7737412452697754, 2.7725486755371094, 2.7740166187286377, 2.7709157466888428, 2.772855043411255, 2.773524761199951, 2.772233486175537, 2.7746684551239014, 2.771531105041504, 2.7731070518493652, 2.774089813232422, 2.7728304862976074, 2.772604465484619, 2.7732911109924316, 2.7722675800323486, 2.7754769325256348, 2.7745985984802246, 2.7701401710510254, 2.770432949066162, 2.7709343433380127, 2.770671844482422, 2.7752463817596436, 2.7696728706359863, 2.7704529762268066, 2.7740368843078613, 2.7723045349121094, 2.772265672683716, 2.775413990020752, 2.7708945274353027, 2.7730915546417236, 2.7739672660827637, 2.7672677040100098, 2.775388240814209, 2.7709813117980957, 2.7732577323913574, 2.770251750946045, 2.7729289531707764, 2.7683379650115967, 2.7738256454467773, 2.7708277702331543, 2.773545265197754, 2.776914119720459, 2.771286964416504, 2.7733120918273926], "time_taken": 583.9017882347107, "bit_accuracy": 0.058750000000000004}