{"n_front_dense_FE": 2, "n_front_dense_PE": 2, "n_front_dense_RxDec": 2, "state_width": 1, "n_epochs": 100, "n_additional_epochs": 10, "CFO_coef": 1, "SNR": 3, "J_list": [2.773327350616455, 2.790123224258423, 2.7868380546569824, 2.7789790630340576, 2.7688164710998535, 2.774843215942383, 2.7786126136779785, 2.7709267139434814, 2.7581896781921387, 2.751096487045288, 2.6910014152526855, 2.649611473083496, 2.555830478668213, 2.6134145259857178, 2.5009663105010986, 2.5070033073425293, 2.424980640411377, 2.2734286785125732, 2.3562560081481934, 2.2599122524261475, 2.1842474937438965, 2.2803235054016113, 2.1305899620056152, 2.3392293453216553, 2.1424667835235596, 2.1235127449035645, 2.13212251663208, 2.1427769660949707, 1.9764375686645508, 2.623037815093994, 2.2049708366394043, 1.9218165874481201, 2.4492721557617188, 1.9689782857894897, 2.120131492614746, 2.0128891468048096, 2.0349998474121094, 2.1106724739074707, 1.884742021560669, 2.8437294960021973, 1.879715919494629, 1.8508574962615967, 2.1870102882385254, 1.985324501991272, 1.9724979400634766, 1.7641170024871826, 2.003427505493164, 1.8771005868911743, 1.793642282485962, 2.374539852142334, 1.8106456995010376, 2.207017183303833, 1.6444756984710693, 1.8228384256362915, 1.8839868307113647, 1.6393744945526123, 1.5731840133666992, 1.7066526412963867, 1.6633272171020508, 1.6248012781143188, 1.8244361877441406, 1.5853705406188965, 1.5555782318115234, 1.4340587854385376, 1.3458137512207031, 2.0624356269836426, 1.345662236213684, 1.7202192544937134, 1.6084293127059937, 1.3786671161651611, 2.4297497272491455, 1.4948513507843018, 1.5563552379608154, 1.318625807762146, 1.631874442100525, 2.6678528785705566, 1.6768434047698975, 2.0949530601501465, 1.8663250207901, 1.7539911270141602, 1.751501441001892, 1.561251163482666, 1.6195991039276123, 1.3636726140975952, 1.396404504776001, 1.6239814758300781, 1.4668521881103516, 1.5249216556549072, 1.5591682195663452, 1.5411360263824463, 1.3171766996383667, 1.4843192100524902, 1.3859927654266357, 1.663783073425293, 1.2964699268341064, 1.4855848550796509, 1.486497163772583, 1.5143848657608032, 1.2851018905639648, 1.338189959526062, 1.2624738216400146, 1.251084327697754, 1.1886392831802368, 1.1450272798538208, 1.1758663654327393, 3.452807903289795, 1.2043178081512451, 1.1850894689559937, 1.2325128316879272, 1.9475345611572266], "time_taken": 652.5062386989594, "bit_accuracy": 0.4609375}