{"n_front_dense_FE": 2, "n_front_dense_PE": 2, "n_front_dense_RxDec": 2, "state_width": 5, "n_epochs": 100, "n_additional_epochs": 10, "CFO_coef": 1, "SNR": 1, "J_list": [2.7721195220947266, 2.7813220024108887, 2.7644224166870117, 2.829632520675659, 2.7469871044158936, 2.7707176208496094, 2.7383761405944824, 2.7158327102661133, 2.7515251636505127, 2.6715445518493652, 2.618007183074951, 2.4270501136779785, 2.2989039421081543, 2.2180323600769043, 2.8246071338653564, 2.359405994415283, 2.224177122116089, 2.133801221847534, 2.1932177543640137, 2.190408229827881, 2.081693649291992, 2.002520799636841, 1.9892559051513672, 1.9756572246551514, 1.742719292640686, 2.930598735809326, 1.7661361694335938, 1.789308786392212, 1.8431603908538818, 1.4571411609649658, 1.433390736579895, 1.4288394451141357, 1.4065234661102295, 1.1270005702972412, 1.104351282119751, 1.0935792922973633, 0.9378007650375366, 0.784284770488739, 1.0543736219406128, 0.7228204011917114, 0.7468451261520386, 0.48447147011756897, 0.8026765584945679, 0.6374737024307251, 0.5834970474243164, 0.44798916578292847, 0.46795883774757385, 0.38174569606781006, 0.4856385290622711, 0.49959659576416016, 1.056293249130249, 0.6755648255348206, 0.7659839391708374, 4.5425543785095215, 1.1502923965454102, 1.0017950534820557, 0.7978916168212891, 1.015116810798645, 5.273099422454834, 0.9800938367843628, 2.8722119331359863, 1.186159372329712, 1.281141996383667, 1.3444372415542603, 1.0540002584457397, 1.1288812160491943, 1.2417528629302979, 1.335946798324585, 1.2419660091400146, 1.1259698867797852, 1.1096842288970947, 1.1465014219284058, 0.9185321927070618, 0.7771354913711548, 0.7458473443984985, 0.719796895980835, 0.5868536233901978, 0.8795208930969238, 0.5643681287765503, 0.5117078423500061, 0.4882837235927582, 1.4779572486877441, 0.4312591552734375, 0.8908737301826477, 0.6730461716651917, 0.4076673984527588, 0.5327982902526855, 0.7995758652687073, 0.7922322154045105, 0.23256425559520721, 0.6136317849159241, 0.62559974193573, 0.5519453287124634, 0.27785393595695496, 0.5058143734931946, 0.34952929615974426, 0.3809810280799866, 0.2697001099586487, 0.1985912024974823, 0.22191688418388367, 0.3340754508972168, 0.5673414468765259, 0.17684991657733917, 0.26066356897354126, 0.33624666929244995, 0.2055613100528717, 0.20809821784496307, 0.157560795545578, 0.16392645239830017, 0.32682090997695923], "time_taken": 877.7951765060425, "bit_accuracy": 0.8246874999999999}