{"n_front_dense_FE": 2, "n_front_dense_PE": 2, "n_front_dense_RxDec": 2, "state_width": 4, "n_epochs": 100, "n_additional_epochs": 10, "CFO_coef": 1, "SNR": 6, "J_list": [2.7725412845611572, 2.7580795288085938, 2.7658512592315674, 2.7559814453125, 2.719949722290039, 2.720555067062378, 2.590219497680664, 2.8745760917663574, 2.5186285972595215, 2.7035727500915527, 2.8801331520080566, 2.3720407485961914, 2.3011138439178467, 2.152254581451416, 2.352086305618286, 1.9301458597183228, 2.0328402519226074, 1.9777252674102783, 1.8726688623428345, 1.5380780696868896, 1.4464107751846313, 1.4350473880767822, 1.610398530960083, 1.3227074146270752, 1.1580383777618408, 3.1522762775421143, 1.4076670408248901, 1.351146936416626, 1.2102713584899902, 4.788047790527344, 1.6244304180145264, 1.8303940296173096, 1.547508716583252, 1.8695666790008545, 2.048004627227783, 1.7957290410995483, 1.941011667251587, 2.04516339302063, 1.6093734502792358, 1.611898422241211, 1.5452136993408203, 1.5890941619873047, 1.46112060546875, 1.283420205116272, 1.278700351715088, 1.1421406269073486, 1.2523914575576782, 1.1969537734985352, 0.9023788571357727, 0.8387069702148438, 0.777694582939148, 1.4209363460540771, 0.7165840864181519, 0.604040265083313, 0.6314498782157898, 0.6818748712539673, 0.49514666199684143, 0.5360995531082153, 0.9069114923477173, 0.4720878601074219, 0.739251971244812, 0.5360352396965027, 0.47499123215675354, 2.060229778289795, 0.6960686445236206, 0.6091291308403015, 0.910052478313446, 0.8399345278739929, 0.6163617372512817, 0.8122516870498657, 0.5627328157424927, 1.5940840244293213, 0.5670554041862488, 0.6875729560852051, 0.4298153519630432, 3.203674793243408, 1.2989956140518188, 0.707060694694519, 1.1902884244918823, 0.6630284190177917, 0.9554735422134399, 0.6524718999862671, 0.7961897850036621, 0.7798234224319458, 0.6463173627853394, 0.45085015892982483, 0.614749550819397, 0.512845516204834, 0.6148148775100708, 0.48878389596939087, 0.3874915540218353, 0.35482341051101685, 0.3841305673122406, 0.5000442266464233, 2.0727195739746094, 0.3366946280002594, 0.452313095331192, 0.5154527425765991, 0.33904844522476196, 0.47981733083724976, 0.3666726052761078, 0.2798885405063629, 0.20103640854358673, 0.2245093286037445, 0.5088908672332764, 0.24629202485084534, 0.9483897089958191, 0.22018656134605408, 0.22608080506324768, 0.17948347330093384], "time_taken": 726.1869812011719, "bit_accuracy": 0.8728125}