{"n_front_dense_FE": 2, "n_front_dense_PE": 2, "n_front_dense_RxDec": 2, "state_width": 6, "n_epochs": 100, "n_additional_epochs": 10, "CFO_coef": 1, "SNR": 3, "J_list": [2.7734904289245605, 2.7682549953460693, 2.810203790664673, 2.7970709800720215, 2.7748427391052246, 2.7648227214813232, 2.789510726928711, 2.778351306915283, 2.7665553092956543, 2.754753351211548, 2.7700676918029785, 2.7470293045043945, 2.7276031970977783, 2.66485595703125, 2.656167507171631, 2.6249263286590576, 2.418112277984619, 2.382826328277588, 2.4232630729675293, 2.369948387145996, 2.218743085861206, 2.2304744720458984, 2.522327423095703, 2.1898512840270996, 2.390878200531006, 2.1079728603363037, 2.079561710357666, 2.0081546306610107, 1.9019721746444702, 1.7931684255599976, 1.9039421081542969, 2.188737392425537, 1.8523451089859009, 1.737044334411621, 1.9137789011001587, 1.7014827728271484, 1.9837665557861328, 1.635483980178833, 1.4929198026657104, 1.6699731349945068, 2.322798490524292, 1.3371093273162842, 1.4704426527023315, 2.0891685485839844, 1.3346115350723267, 1.6617553234100342, 1.2982081174850464, 1.140631914138794, 1.2586714029312134, 1.0881706476211548, 1.0800975561141968, 1.150111198425293, 0.9320570230484009, 0.9720140695571899, 0.8516905903816223, 1.3906930685043335, 0.7829004526138306, 0.8475664258003235, 0.9043185114860535, 0.7015289068222046, 0.5721294283866882, 0.5955220460891724, 0.5493620038032532, 0.5716691017150879, 0.36483249068260193, 0.8990052938461304, 0.4422116279602051, 0.4056503176689148, 0.41396626830101013, 0.8284444808959961, 0.48604583740234375, 0.46432772278785706, 0.37920689582824707, 0.4799715578556061, 0.3531811237335205, 0.40199631452560425, 0.4437817931175232, 0.5395630598068237, 0.685371994972229, 0.5390974283218384, 0.3647279143333435, 2.170614004135132, 1.7151142358779907, 0.5718566179275513, 0.7017735242843628, 0.6206462979316711, 0.7264628410339355, 2.3028485774993896, 0.9764194488525391, 1.4637563228607178, 0.8865081071853638, 0.6762511134147644, 0.8033105731010437, 1.539185881614685, 0.731170654296875, 0.8195604085922241, 0.8500223159790039, 0.6640599370002747, 1.499842643737793, 1.0368385314941406, 0.583876371383667, 0.42617303133010864, 0.3460429012775421, 0.4576028883457184, 0.40190306305885315, 0.42553797364234924, 0.35136282444000244, 0.3404378294944763, 0.3800995349884033, 0.3300812542438507], "time_taken": 871.400226354599, "bit_accuracy": 0.8231249999999999}