{"n_front_dense_FE": 2, "n_front_dense_PE": 2, "n_front_dense_RxDec": 2, "state_width": 7, "n_epochs": 100, "n_additional_epochs": 10, "CFO_coef": 1, "SNR": 4, "J_list": [2.7731261253356934, 2.806138515472412, 2.7852323055267334, 2.7736263275146484, 2.769617795944214, 2.7843735218048096, 2.7454495429992676, 2.749729871749878, 2.6979079246520996, 2.6005308628082275, 2.5295376777648926, 2.478198528289795, 2.8398630619049072, 2.3176589012145996, 2.286942958831787, 2.8146815299987793, 2.3256776332855225, 2.783104181289673, 2.260026693344116, 2.2888736724853516, 2.071337938308716, 2.0614089965820312, 1.8682949542999268, 1.713433027267456, 1.655645728111267, 1.6005299091339111, 1.462811827659607, 1.3677124977111816, 2.167726516723633, 1.7376788854599, 1.8929550647735596, 1.7303966283798218, 1.2951698303222656, 1.41725754737854, 1.4213536977767944, 1.2946374416351318, 1.5389589071273804, 1.4027973413467407, 1.1368170976638794, 1.9989769458770752, 1.2461599111557007, 1.3127321004867554, 1.0749051570892334, 1.0711088180541992, 1.6531671285629272, 1.631557822227478, 1.338710069656372, 1.2213733196258545, 1.0318065881729126, 1.0870859622955322, 1.0327792167663574, 0.9390573501586914, 0.9804937243461609, 0.8154340982437134, 0.7398252487182617, 0.7970107197761536, 0.8264538049697876, 0.665748119354248, 1.28274405002594, 0.5158536434173584, 0.476708322763443, 0.4699072241783142, 0.8787767291069031, 1.0709400177001953, 0.6890696287155151, 0.7058645486831665, 0.5942249298095703, 0.5518204569816589, 0.5314549207687378, 1.0075633525848389, 0.5921773314476013, 0.8305900692939758, 0.5008020997047424, 0.8213205337524414, 0.6506019830703735, 0.3625754714012146, 1.5800015926361084, 1.1476351022720337, 1.1366791725158691, 0.6757577061653137, 2.456209659576416, 2.175156593322754, 1.6619853973388672, 1.4856986999511719, 0.5644462704658508, 0.9802461862564087, 1.22307550907135, 1.0992975234985352, 2.065186023712158, 0.7765558958053589, 1.244970440864563, 0.9527327418327332, 0.8092237710952759, 0.6806410551071167, 1.1699414253234863, 0.7798029184341431, 0.7816756963729858, 0.6198254823684692, 0.680243968963623, 0.9981920123100281, 0.649247944355011, 0.5216354131698608, 0.4303010106086731, 0.4619458317756653, 0.4506340026855469, 0.34623584151268005, 0.3859280049800873, 0.3071633279323578, 0.3242796063423157, 0.3189453184604645], "time_taken": 960.5746150016785, "bit_accuracy": 0.9315624999999998}