{"n_front_dense_FE": 2, "n_front_dense_PE": 2, "n_front_dense_RxDec": 2, "state_width": 4, "n_epochs": 100, "n_additional_epochs": 10, "CFO_coef": 1, "SNR": 3, "J_list": [2.7719950675964355, 2.780529499053955, 2.7738215923309326, 2.761824607849121, 2.745238780975342, 2.7720234394073486, 2.737319231033325, 2.73237681388855, 2.667266607284546, 2.589519500732422, 2.6391212940216064, 2.288856029510498, 2.1384615898132324, 2.080584764480591, 1.9326328039169312, 1.8326196670532227, 2.07763409614563, 1.8556894063949585, 1.7445141077041626, 1.6111434698104858, 1.3384411334991455, 2.0690207481384277, 1.361271858215332, 1.7327957153320312, 1.4127509593963623, 1.3518855571746826, 1.192974328994751, 1.1956007480621338, 1.2931119203567505, 1.305066466331482, 1.1278343200683594, 3.961535692214966, 2.4302525520324707, 1.4323756694793701, 1.3985774517059326, 1.2246084213256836, 1.4454400539398193, 1.2001802921295166, 1.333930253982544, 1.2378848791122437, 1.3109205961227417, 1.2199629545211792, 2.224510908126831, 2.0259532928466797, 1.3149497509002686, 1.1454483270645142, 1.21401047706604, 1.2890061140060425, 1.1347007751464844, 1.468592882156372, 0.9301546216011047, 0.7823328375816345, 0.7867727279663086, 1.103126049041748, 0.8800482749938965, 0.7611042857170105, 1.3603096008300781, 0.5803016424179077, 0.7628028392791748, 0.4963192045688629, 0.5757455825805664, 1.7069637775421143, 0.5576520562171936, 0.7212766408920288, 0.5366802215576172, 0.43582725524902344, 0.46556100249290466, 0.5090621113777161, 0.4868392050266266, 0.49609923362731934, 0.49363383650779724, 0.594778835773468, 0.3110276758670807, 0.387765109539032, 5.1029157638549805, 0.8204985857009888, 0.9177916646003723, 0.6327954530715942, 0.8585270643234253, 0.4642886519432068, 0.6195225715637207, 0.7456376552581787, 0.5595938563346863, 0.8444427251815796, 0.858679473400116, 0.621131956577301, 0.4858015179634094, 0.7757309675216675, 0.5009102821350098, 0.4097670614719391, 0.6249966025352478, 0.4085988998413086, 0.5006618499755859, 0.38522547483444214, 0.38401034474372864, 0.9342546463012695, 0.342811644077301, 0.3688187003135681, 0.23363366723060608, 0.5204183459281921, 0.2323552817106247, 0.2512287497520447, 0.19623763859272003, 0.32931190729141235, 0.13165283203125, 0.2139386236667633, 0.15013134479522705, 0.13096067309379578, 0.1389928162097931, 0.9801949262619019], "time_taken": 693.0616636276245, "bit_accuracy": 0.9003124999999998}