{"n_front_dense_FE": 2, "n_front_dense_PE": 2, "n_front_dense_RxDec": 2, "state_width": 1, "n_epochs": 100, "n_additional_epochs": 10, "CFO_coef": 1, "SNR": 2, "J_list": [2.7732582092285156, 2.771613597869873, 2.782115936279297, 2.759730815887451, 2.7367794513702393, 2.713714599609375, 2.699496269226074, 2.6004204750061035, 2.4479610919952393, 2.3953635692596436, 2.9585986137390137, 2.282419204711914, 2.257516384124756, 2.3288838863372803, 2.255847930908203, 2.152963638305664, 2.576254367828369, 2.591393232345581, 2.181101083755493, 2.699101448059082, 2.0643310546875, 2.095379590988159, 2.2100672721862793, 2.040036916732788, 2.1835484504699707, 2.0189077854156494, 1.9519164562225342, 2.030109405517578, 1.7998889684677124, 1.816497802734375, 1.7372398376464844, 2.9188766479492188, 2.417238712310791, 2.992616653442383, 2.2233855724334717, 2.2845263481140137, 1.931079626083374, 1.9241397380828857, 2.017298460006714, 2.079313039779663, 2.261137008666992, 2.1323370933532715, 1.931558609008789, 1.909139633178711, 1.937295913696289, 1.8861334323883057, 2.6272170543670654, 1.997022032737732, 1.8653331995010376, 1.8696191310882568, 2.171107292175293, 2.2685389518737793, 1.944555640220642, 1.8449138402938843, 1.871591329574585, 1.9194999933242798, 1.7663730382919312, 1.7788158655166626, 1.9367268085479736, 1.804145097732544, 1.6725833415985107, 1.7327849864959717, 1.6358531713485718, 1.6811745166778564, 1.6615610122680664, 1.6395409107208252, 1.6396286487579346, 1.564908742904663, 1.503798484802246, 1.4064582586288452, 2.278470516204834, 1.7721796035766602, 1.5462892055511475, 1.496398687362671, 1.4246543645858765, 1.388858675956726, 1.5037857294082642, 1.5817209482192993, 1.2891470193862915, 1.6999788284301758, 1.2851626873016357, 1.3771756887435913, 1.3003053665161133, 1.2727526426315308, 1.2652056217193604, 1.2794324159622192, 1.1908067464828491, 1.1673024892807007, 1.2498964071273804, 1.2611057758331299, 1.1082589626312256, 1.1524264812469482, 1.1440117359161377, 1.0513410568237305, 1.1369277238845825, 1.0655038356781006, 1.0473613739013672, 1.060821294784546, 1.3067442178726196, 1.563643217086792, 1.121138334274292, 0.96819669008255, 0.9552263021469116, 0.9093382954597473, 0.986000657081604, 0.9488105773925781, 0.9312301874160767, 0.8940340280532837, 2.0973758697509766, 0.8623108863830566], "time_taken": 650.0367133617401, "bit_accuracy": 0.553125}