{"n_front_dense_FE": 2, "n_front_dense_PE": 2, "n_front_dense_RxDec": 2, "state_width": 6, "n_epochs": 100, "n_additional_epochs": 10, "CFO_coef": 1, "SNR": 4, "J_list": [2.7734599113464355, 2.794968605041504, 2.7799901962280273, 2.7589352130889893, 2.784048557281494, 2.724766969680786, 2.7937984466552734, 2.755882740020752, 2.7452163696289062, 2.650269031524658, 2.7057979106903076, 2.49794340133667, 2.3843255043029785, 2.4059317111968994, 2.4734814167022705, 3.3355438709259033, 2.3646199703216553, 2.3164114952087402, 2.2649905681610107, 2.360499143600464, 2.3881263732910156, 2.5520362854003906, 2.3710875511169434, 2.3574392795562744, 2.340379238128662, 2.2324867248535156, 2.1844844818115234, 2.149843692779541, 2.2542262077331543, 2.050273895263672, 2.1881604194641113, 1.948147177696228, 2.6334445476531982, 1.9053922891616821, 2.4524753093719482, 1.9363155364990234, 2.128464937210083, 1.7653900384902954, 1.5841436386108398, 1.4390181303024292, 1.4038641452789307, 1.7355279922485352, 1.8096500635147095, 1.602870225906372, 1.6123344898223877, 1.150549292564392, 1.3335225582122803, 1.145164132118225, 1.3005247116088867, 1.1817938089370728, 1.9894464015960693, 1.0568063259124756, 1.6151878833770752, 1.1721231937408447, 1.2038488388061523, 1.226366400718689, 1.0924371480941772, 1.1013784408569336, 0.9058232307434082, 0.8767288327217102, 0.7186635732650757, 1.0002162456512451, 0.8391011953353882, 1.4220306873321533, 0.8254112005233765, 1.0407994985580444, 1.0263093709945679, 0.91583651304245, 1.5653163194656372, 0.8115743398666382, 0.843981146812439, 1.0105841159820557, 0.734552264213562, 0.6611073613166809, 0.5628725290298462, 0.6915623545646667, 0.6838085055351257, 0.9397729635238647, 0.7723198533058167, 1.583465814590454, 0.7166617512702942, 0.7409485578536987, 2.012451648712158, 1.3213074207305908, 1.173345923423767, 0.7224511504173279, 0.8979474306106567, 1.5965259075164795, 0.7212539911270142, 0.5449057817459106, 1.571387529373169, 0.7853625416755676, 0.9028024673461914, 0.7337609529495239, 0.5911930799484253, 0.9443923830986023, 0.47475558519363403, 0.6257106065750122, 0.4998438358306885, 0.45714545249938965, 0.8792964220046997, 0.44382086396217346, 0.39618414640426636, 0.37495529651641846, 0.5778064727783203, 0.708145022392273, 0.34096115827560425, 0.2774781584739685, 0.5206631422042847, 0.3200267255306244], "time_taken": 944.5031723976135, "bit_accuracy": 0.8934375000000001}