{"n_front_dense_FE": 2, "n_front_dense_PE": 2, "n_front_dense_RxDec": 2, "state_width": 3, "n_epochs": 100, "n_additional_epochs": 10, "CFO_coef": 1, "SNR": 1, "J_list": [2.772883892059326, 2.7997539043426514, 2.769721269607544, 2.7810206413269043, 2.7558815479278564, 2.7648541927337646, 2.723536968231201, 2.6977715492248535, 2.8111395835876465, 2.6233091354370117, 2.678964138031006, 2.432746171951294, 2.806922197341919, 2.5319130420684814, 2.2373147010803223, 2.077693223953247, 1.9397270679473877, 1.9917373657226562, 1.7892227172851562, 2.4543070793151855, 1.5632703304290771, 1.731371283531189, 1.7684128284454346, 3.2744717597961426, 1.6921501159667969, 1.973558783531189, 1.6596457958221436, 1.6432358026504517, 1.6769473552703857, 1.4547866582870483, 1.2861995697021484, 2.1460037231445312, 1.3812437057495117, 1.3101541996002197, 1.720926284790039, 1.0789859294891357, 1.7580095529556274, 1.214986801147461, 1.127638578414917, 1.1939220428466797, 1.1921237707138062, 1.3067026138305664, 0.8759862780570984, 0.7228032946586609, 0.920423150062561, 0.5336885452270508, 0.5862711668014526, 1.8699252605438232, 0.679839551448822, 0.8558446764945984, 0.605408251285553, 0.6722568273544312, 0.8691366314888, 1.526127576828003, 0.5887745022773743, 0.7112562656402588, 0.37570738792419434, 0.94707190990448, 0.5415509343147278, 0.6244527101516724, 0.610901951789856, 0.3981271982192993, 0.4148957133293152, 0.6620609164237976, 0.385257363319397, 0.5090798735618591, 0.6103636026382446, 0.5087043642997742, 0.36917680501937866, 1.0592962503433228, 0.36634474992752075, 0.5570074915885925, 0.46812525391578674, 0.45533379912376404, 0.33205604553222656, 0.6771869659423828, 0.3454187512397766, 0.20902948081493378, 0.19351045787334442, 0.23855218291282654, 0.17857755720615387, 0.2549310028553009, 0.3562733232975006, 0.20698606967926025, 0.2393680065870285, 0.08818541467189789, 0.09068099409341812, 1.7624828815460205, 0.2956964373588562, 0.9621959924697876, 0.273939847946167, 0.8790384531021118, 0.39718911051750183, 0.38862985372543335, 0.4183073043823242, 0.2646239399909973, 0.33718276023864746, 0.25055497884750366, 0.2859072685241699, 0.45846325159072876, 0.2194054126739502, 0.2716364562511444, 0.3626078963279724, 0.1199987381696701, 0.38711223006248474, 0.2509404122829437, 0.1535695344209671, 0.08486605435609818, 0.07488290965557098, 0.26721394062042236], "time_taken": 931.7815425395966, "bit_accuracy": 0.976875}