{"n_front_dense_FE": 2, "n_front_dense_PE": 2, "n_front_dense_RxDec": 2, "state_width": 1, "n_epochs": 100, "n_additional_epochs": 10, "CFO_coef": 1, "SNR": 10, "J_list": [2.7724528312683105, 2.7776012420654297, 2.767679452896118, 2.771096706390381, 2.777892589569092, 2.73345685005188, 2.7230136394500732, 2.627310276031494, 2.760741710662842, 2.6529431343078613, 2.3908047676086426, 2.3322038650512695, 2.6109671592712402, 3.2361786365509033, 2.5302176475524902, 2.2924559116363525, 2.525967836380005, 2.621885299682617, 2.4288713932037354, 2.4662399291992188, 2.5008537769317627, 2.4393458366394043, 2.4735019207000732, 2.382038116455078, 2.3966221809387207, 2.3533260822296143, 2.269873857498169, 2.3220858573913574, 2.1686196327209473, 2.1580581665039062, 2.1416091918945312, 2.1962947845458984, 2.112945556640625, 2.1119191646575928, 2.0600016117095947, 1.97869873046875, 1.9985435009002686, 2.0144336223602295, 1.9147605895996094, 2.0062172412872314, 2.032593250274658, 1.8423954248428345, 1.8791271448135376, 1.757828712463379, 1.714948296546936, 2.200592041015625, 1.6659858226776123, 1.902137041091919, 1.6268295049667358, 1.6005430221557617, 1.6895946264266968, 1.790060043334961, 1.5422580242156982, 1.7426307201385498, 1.5296534299850464, 1.4937483072280884, 1.578160047531128, 1.883724570274353, 1.4797595739364624, 1.498464822769165, 2.2039990425109863, 1.7920989990234375, 1.4018726348876953, 1.854758620262146, 1.391646385192871, 1.3980398178100586, 1.4037621021270752, 1.6404006481170654, 1.4739831686019897, 1.3287909030914307, 1.3600609302520752, 1.3471025228500366, 1.313206672668457, 1.5852975845336914, 1.2597408294677734, 1.3874542713165283, 2.049941301345825, 1.2589610815048218, 1.2335681915283203, 1.1609172821044922, 1.550880789756775, 1.2499455213546753, 1.2675228118896484, 1.2502483129501343, 1.08502197265625, 1.2084566354751587, 1.3309403657913208, 1.076996088027954, 1.1589953899383545, 1.5002672672271729, 1.1256059408187866, 1.319955825805664, 1.2473852634429932, 1.0465266704559326, 1.0421406030654907, 1.576641321182251, 1.0391076803207397, 1.1616039276123047, 1.224128007888794, 1.016754150390625, 1.0878530740737915, 0.9763317108154297, 0.970938503742218, 1.2550151348114014, 0.9184446334838867, 0.9165705442428589, 0.9061164855957031, 0.9376896619796753, 1.256793737411499, 0.8697341084480286], "time_taken": 652.275119304657, "bit_accuracy": 0.5784374999999999}