{"n_front_dense_FE": 2, "n_front_dense_PE": 2, "n_front_dense_RxDec": 2, "state_width": 4, "n_epochs": 100, "n_additional_epochs": 10, "CFO_coef": 1, "SNR": 4, "J_list": [2.7728190422058105, 2.767500877380371, 2.795384645462036, 2.761343240737915, 2.7294058799743652, 2.6819357872009277, 2.629056453704834, 2.622633218765259, 2.3971962928771973, 3.2017810344696045, 2.3224284648895264, 2.4605326652526855, 2.4274115562438965, 2.327531337738037, 2.487575054168701, 2.422220230102539, 2.428758144378662, 2.2967960834503174, 2.3842625617980957, 2.601547956466675, 2.2077269554138184, 2.820084810256958, 2.279083251953125, 2.1216320991516113, 2.1976401805877686, 2.2646889686584473, 2.053581476211548, 2.0310730934143066, 2.110565423965454, 2.0050902366638184, 1.7925297021865845, 1.6398826837539673, 1.5947433710098267, 1.8871809244155884, 1.5506950616836548, 1.2531880140304565, 1.1079604625701904, 1.2597596645355225, 1.3129593133926392, 1.0319607257843018, 1.1832042932510376, 1.4435981512069702, 1.0876328945159912, 1.1622588634490967, 1.5786356925964355, 2.3849544525146484, 1.403940200805664, 1.5851590633392334, 2.4493861198425293, 1.4106004238128662, 1.174999475479126, 1.3649892807006836, 1.236667513847351, 1.09475576877594, 1.0225969552993774, 2.0249173641204834, 1.246704339981079, 1.744488000869751, 1.1835254430770874, 1.170985460281372, 1.4839025735855103, 1.1651079654693604, 1.548791766166687, 1.1456886529922485, 0.9454013705253601, 0.976784348487854, 1.0978745222091675, 0.9039389491081238, 0.8922525644302368, 0.7659912109375, 0.7322226762771606, 0.9098349809646606, 0.665734589099884, 0.5281025767326355, 0.7445777058601379, 0.609114944934845, 0.49943000078201294, 0.43154066801071167, 0.42167919874191284, 0.3714696764945984, 2.5969815254211426, 0.440652072429657, 0.6229279637336731, 0.8675786852836609, 0.9059549570083618, 0.8968442678451538, 0.5218837857246399, 1.2956019639968872, 0.3988869786262512, 0.8236467242240906, 0.3765719532966614, 0.5657505989074707, 0.5408467650413513, 0.45849695801734924, 0.3950406014919281, 0.4158726632595062, 0.3364030420780182, 0.31411001086235046, 0.30450311303138733, 0.29432129859924316, 0.27814188599586487, 0.2222277820110321, 1.0193467140197754, 0.1921529918909073, 0.16323794424533844, 0.2282777726650238, 0.23645690083503723, 0.2854446470737457, 0.28012970089912415, 0.14272454380989075], "time_taken": 699.4227430820465, "bit_accuracy": 0.885}