{"n_front_dense_FE": 2, "n_front_dense_PE": 2, "n_front_dense_RxDec": 2, "state_width": 8, "n_epochs": 100, "n_additional_epochs": 10, "CFO_coef": 1, "SNR": 4, "J_list": [2.7721524238586426, 2.851503372192383, 2.777439832687378, 2.767683506011963, 2.7776293754577637, 2.771073341369629, 2.774611711502075, 2.771092176437378, 2.7704410552978516, 2.7677297592163086, 2.75463604927063, 2.749990940093994, 2.695737361907959, 2.644260883331299, 2.638697624206543, 2.484717845916748, 2.471801996231079, 2.5019400119781494, 2.3399393558502197, 2.242497444152832, 2.2304673194885254, 2.1097962856292725, 2.3597686290740967, 2.05367112159729, 2.160853147506714, 2.0903987884521484, 2.0628058910369873, 1.9663788080215454, 1.9791591167449951, 2.323514938354492, 2.1485660076141357, 1.9632456302642822, 2.246811628341675, 1.9360994100570679, 1.7979761362075806, 1.8015190362930298, 1.7593071460723877, 1.987006425857544, 2.062840223312378, 1.883862853050232, 1.8186737298965454, 1.703012228012085, 1.8533916473388672, 1.7507741451263428, 2.0707759857177734, 1.8831923007965088, 1.7393394708633423, 1.6201369762420654, 3.3084654808044434, 1.6831181049346924, 1.7442615032196045, 2.000013828277588, 1.840071439743042, 1.7824825048446655, 1.9500484466552734, 1.697903037071228, 1.6010547876358032, 2.3856492042541504, 1.7335186004638672, 1.8829066753387451, 1.6975269317626953, 1.5368893146514893, 1.6411430835723877, 1.6928060054779053, 1.6324659585952759, 1.509591817855835, 1.4305801391601562, 1.3558478355407715, 1.3623707294464111, 1.274817943572998, 1.3418090343475342, 1.21767258644104, 1.1226731538772583, 1.128028154373169, 1.0132160186767578, 1.1667118072509766, 1.015023946762085, 1.3374669551849365, 1.027967929840088, 0.9327384829521179, 0.9650999903678894, 0.804368793964386, 0.8005159497261047, 0.8001207113265991, 0.725229799747467, 1.0067332983016968, 0.8356008529663086, 1.082838773727417, 0.9681907892227173, 0.9272105097770691, 0.6832822561264038, 2.5865237712860107, 1.2506835460662842, 0.8571597933769226, 1.1507318019866943, 1.391725778579712, 0.9713888168334961, 1.2858396768569946, 1.4082820415496826, 0.9644239544868469, 1.5667166709899902, 0.8933102488517761, 0.8721665143966675, 0.768267035484314, 0.8365488052368164, 0.7622517347335815, 0.7221163511276245, 0.7588657140731812, 0.7504671812057495, 0.7723994255065918], "time_taken": 750.7664983272552, "bit_accuracy": 0.68875}