{"n_front_dense_FE": 2, "n_front_dense_PE": 2, "n_front_dense_RxDec": 2, "state_width": 2, "n_epochs": 100, "n_additional_epochs": 10, "CFO_coef": 1, "SNR": 10, "J_list": [2.772333860397339, 2.77331805229187, 2.77582049369812, 2.770214796066284, 2.7916781902313232, 2.7378039360046387, 2.7611467838287354, 2.730043888092041, 2.675889253616333, 2.5769753456115723, 2.4684557914733887, 2.3802433013916016, 2.4507052898406982, 2.701580762863159, 2.2704734802246094, 2.4126992225646973, 2.407160758972168, 2.252962827682495, 2.3134193420410156, 2.5588631629943848, 2.2805793285369873, 2.3835606575012207, 2.227189779281616, 2.1962227821350098, 2.2204132080078125, 2.2282824516296387, 2.170146942138672, 2.090383529663086, 2.1254029273986816, 2.198176622390747, 2.0751402378082275, 2.018916368484497, 2.136406421661377, 2.0855562686920166, 2.040144443511963, 1.995006799697876, 2.1698124408721924, 1.906829833984375, 2.014556884765625, 1.9203332662582397, 1.8739522695541382, 1.7969303131103516, 1.716056227684021, 1.6523854732513428, 1.6337707042694092, 2.072624683380127, 1.7324512004852295, 1.5390045642852783, 1.7212692499160767, 1.8842194080352783, 1.439208745956421, 1.4206149578094482, 1.9412219524383545, 1.6358964443206787, 1.4145764112472534, 1.2437727451324463, 1.7025220394134521, 1.2857170104980469, 1.023362636566162, 1.8479477167129517, 1.629227876663208, 1.1306955814361572, 1.3390018939971924, 1.04841947555542, 0.8178898096084595, 0.9487097859382629, 0.9636155962944031, 0.7914360761642456, 0.7501550912857056, 1.3660186529159546, 0.7860392332077026, 2.4782211780548096, 0.9738645553588867, 1.3692556619644165, 0.7518280148506165, 0.8964264988899231, 1.7321937084197998, 0.9435688853263855, 0.8515018224716187, 1.1616419553756714, 0.8967496752738953, 0.8910547494888306, 0.7050803303718567, 1.0019378662109375, 0.792901337146759, 0.8153015971183777, 0.6827588081359863, 0.6895769834518433, 0.6264874339103699, 0.5786073803901672, 1.9512321949005127, 0.6408878564834595, 0.827358603477478, 0.8301350474357605, 0.6434248685836792, 0.8512176275253296, 0.6821261644363403, 0.6937651634216309, 0.7517552971839905, 0.49325838685035706, 0.4729230999946594, 0.42172771692276, 0.5600188970565796, 0.44599494338035583, 0.5636458396911621, 0.49552544951438904, 0.47466135025024414, 0.5751339197158813, 0.3975062370300293, 0.37047749757766724], "time_taken": 675.1865110397339, "bit_accuracy": 0.7853125000000001}