{"n_front_dense_FE": 2, "n_front_dense_PE": 2, "n_front_dense_RxDec": 2, "state_width": 1, "n_epochs": 100, "n_additional_epochs": 10, "CFO_coef": 1, "SNR": 6, "J_list": [2.772761344909668, 2.768686056137085, 2.77329683303833, 2.7479984760284424, 2.780975818634033, 2.7590575218200684, 2.6935601234436035, 2.7191643714904785, 2.580662488937378, 2.686978816986084, 2.5584051609039307, 2.319265365600586, 2.355397939682007, 2.4490890502929688, 2.1411032676696777, 2.608180046081543, 2.542811632156372, 2.3107447624206543, 2.4090516567230225, 2.365015745162964, 2.2242255210876465, 2.323108196258545, 2.319068193435669, 2.180591583251953, 2.1010546684265137, 2.1577999591827393, 2.338460683822632, 2.0039048194885254, 2.193817138671875, 2.0222408771514893, 1.991481065750122, 1.9823696613311768, 1.9650013446807861, 1.8791824579238892, 1.8109056949615479, 1.816771149635315, 1.7759716510772705, 1.820299506187439, 1.6050220727920532, 1.798366904258728, 1.5321848392486572, 1.58175790309906, 1.847717523574829, 1.665479302406311, 1.6125444173812866, 1.7325767278671265, 1.5666452646255493, 1.471772313117981, 1.4552212953567505, 1.690690279006958, 1.52909255027771, 1.6511768102645874, 1.553289771080017, 1.650669813156128, 1.3484649658203125, 1.3698723316192627, 1.5560801029205322, 1.3471300601959229, 1.4704869985580444, 1.4229786396026611, 1.2568721771240234, 1.3306013345718384, 1.2553141117095947, 1.8608665466308594, 1.6462844610214233, 1.3807060718536377, 1.6569541692733765, 1.293481469154358, 1.7491638660430908, 1.651922583580017, 1.592918872833252, 1.9081192016601562, 1.8644729852676392, 1.2149600982666016, 1.3327692747116089, 1.5029802322387695, 1.244598627090454, 1.2142722606658936, 2.079211473464966, 1.4280706644058228, 1.946781873703003, 1.9326435327529907, 1.9969708919525146, 1.57820463180542, 1.3671239614486694, 1.3898134231567383, 1.6707496643066406, 1.5363422632217407, 1.2221707105636597, 1.4617919921875, 1.3581031560897827, 1.396630883216858, 1.2686529159545898, 1.133223533630371, 1.1334245204925537, 1.0506517887115479, 1.6351840496063232, 1.399505615234375, 1.054627776145935, 0.9966168403625488, 0.9716347455978394, 0.8396539688110352, 0.8659811019897461, 0.9131224751472473, 1.4630738496780396, 0.7846437692642212, 0.8786738514900208, 0.8414188623428345, 0.8373466730117798, 0.8987696766853333], "time_taken": 650.8222439289093, "bit_accuracy": 0.7453125}