{"n_front_dense_FE": 2, "n_front_dense_PE": 2, "n_front_dense_RxDec": 2, "state_width": 3, "n_epochs": 100, "n_additional_epochs": 10, "CFO_coef": 1, "SNR": 2, "J_list": [2.7724926471710205, 2.7688567638397217, 2.8713858127593994, 2.7708163261413574, 2.7774477005004883, 2.762580394744873, 2.761864423751831, 2.7669548988342285, 2.778224229812622, 2.763927936553955, 2.7396128177642822, 2.7084951400756836, 2.751136064529419, 2.612499952316284, 2.6917221546173096, 2.486034870147705, 2.45605206489563, 2.4124693870544434, 2.2776389122009277, 2.2670886516571045, 2.2629618644714355, 1.9869258403778076, 1.8428560495376587, 1.8424125909805298, 1.675266981124878, 2.4922447204589844, 1.6504501104354858, 1.7159078121185303, 1.6651079654693604, 1.4908921718597412, 1.4355390071868896, 1.2728700637817383, 1.5204592943191528, 1.4654302597045898, 1.291785478591919, 1.2862024307250977, 1.3457679748535156, 1.2315685749053955, 1.1744095087051392, 1.572882890701294, 1.1756025552749634, 1.0895392894744873, 2.1406235694885254, 1.0541330575942993, 0.9825736284255981, 1.0621728897094727, 0.9968312978744507, 1.27693772315979, 1.0599420070648193, 1.0390214920043945, 0.9168696403503418, 0.9456045031547546, 0.8048586845397949, 0.8120522499084473, 1.0637935400009155, 0.736822783946991, 1.056011438369751, 0.6981381177902222, 0.6312834024429321, 0.6301171779632568, 0.6133500933647156, 2.17004656791687, 0.7585562467575073, 0.7709735631942749, 0.7410111427307129, 1.062196135520935, 0.4999658465385437, 0.5398624539375305, 0.6205348372459412, 0.9056634902954102, 0.5880037546157837, 2.457054376602173, 1.2287180423736572, 0.44880199432373047, 1.514880895614624, 0.5512653589248657, 0.4838109016418457, 0.7119175791740417, 0.7013717889785767, 0.8285989761352539, 0.7387470602989197, 0.6476634740829468, 0.5066118240356445, 0.6290651559829712, 0.6034923791885376, 0.397853285074234, 0.4091755747795105, 0.3509867191314697, 0.3777916431427002, 0.3214736878871918, 0.6233653426170349, 0.30845969915390015, 0.45737552642822266, 0.5136017799377441, 0.5756562948226929, 0.3741605877876282, 0.3022176921367645, 0.2701261639595032, 0.3027971684932709, 1.3506510257720947, 0.35608699917793274, 0.27494293451309204, 0.23376402258872986, 0.18503060936927795, 0.23346619307994843, 0.16488489508628845, 0.23428475856781006, 0.1306227594614029, 0.12769484519958496, 0.14779731631278992], "time_taken": 792.0956134796143, "bit_accuracy": 0.9018750000000001}