{"n_front_dense_FE": 2, "n_front_dense_PE": 2, "n_front_dense_RxDec": 2, "state_width": 7, "n_epochs": 100, "n_additional_epochs": 10, "CFO_coef": 1, "SNR": 3, "J_list": [2.772942066192627, 2.7801461219787598, 2.776763916015625, 2.7775657176971436, 2.780796766281128, 2.765401840209961, 2.755946159362793, 2.756025791168213, 2.7398033142089844, 2.732513904571533, 2.699411153793335, 2.672524929046631, 2.589280605316162, 2.551572799682617, 2.4406142234802246, 2.502281904220581, 2.3343896865844727, 2.081634998321533, 2.173710346221924, 1.8536170721054077, 2.050260543823242, 2.356494665145874, 1.9478050470352173, 1.6381556987762451, 1.6643928289413452, 1.5170810222625732, 1.4889416694641113, 1.4246931076049805, 1.1989631652832031, 1.2454891204833984, 1.6867961883544922, 1.7078975439071655, 1.4118807315826416, 1.5023901462554932, 1.763519287109375, 1.506368637084961, 1.0456804037094116, 1.1486707925796509, 1.4790323972702026, 1.1855695247650146, 1.1507049798965454, 1.1512401103973389, 1.5735397338867188, 1.0717365741729736, 1.0260570049285889, 1.1044871807098389, 1.065325379371643, 1.28325617313385, 1.2715786695480347, 1.436479926109314, 1.156823754310608, 1.5164921283721924, 1.3891174793243408, 1.0536996126174927, 0.8989549875259399, 0.9669613838195801, 0.8517169952392578, 0.793556272983551, 0.7524352669715881, 0.6594677567481995, 0.6111849546432495, 0.894849956035614, 0.5925961136817932, 0.5653413534164429, 0.4979701042175293, 0.39083340764045715, 0.49431824684143066, 0.5639922022819519, 0.3251180648803711, 0.256331205368042, 0.26420795917510986, 0.3152289390563965, 0.2973780035972595, 0.9298510551452637, 0.253892719745636, 0.29647088050842285, 0.4618472158908844, 0.345918744802475, 0.498189777135849, 0.8903516530990601, 0.4125441908836365, 0.4311155676841736, 0.16873016953468323, 0.41275614500045776, 0.44998636841773987, 0.3116867244243622, 0.30633822083473206, 0.47114333510398865, 0.5761145353317261, 0.27145639061927795, 0.32113975286483765, 0.2555048167705536, 0.4199787676334381, 0.2695358395576477, 0.19066917896270752, 0.1642230749130249, 0.4492322504520416, 0.17160625755786896, 1.010133147239685, 0.26515135169029236, 0.4376082420349121, 0.12272024154663086, 0.6223402619361877, 0.12968604266643524, 0.17870797216892242, 0.12452539056539536, 0.134330153465271, 0.11822737753391266, 0.18110163509845734, 0.08434377610683441], "time_taken": 943.8146262168884, "bit_accuracy": 0.968125}