{"n_front_dense_FE": 2, "n_front_dense_PE": 2, "n_front_dense_RxDec": 2, "state_width": 8, "n_epochs": 100, "n_additional_epochs": 10, "CFO_coef": 1, "SNR": 6, "J_list": [2.772122859954834, 2.7860119342803955, 2.7644240856170654, 2.8009018898010254, 2.7903811931610107, 2.7788209915161133, 2.7530949115753174, 2.760331869125366, 2.707794189453125, 2.7089309692382812, 2.7692065238952637, 2.7078938484191895, 2.6082992553710938, 2.5357844829559326, 2.507615804672241, 2.4350030422210693, 2.3877596855163574, 2.426673173904419, 2.109009265899658, 2.201897144317627, 2.296480178833008, 2.5126426219940186, 2.0716543197631836, 2.270317792892456, 2.1836259365081787, 2.032566785812378, 1.9404451847076416, 2.2925050258636475, 1.8296715021133423, 1.8578598499298096, 1.6722075939178467, 2.1237406730651855, 1.4950408935546875, 2.8532590866088867, 2.022653102874756, 1.495867371559143, 1.6500011682510376, 1.335517168045044, 1.3521559238433838, 1.1855084896087646, 1.3188092708587646, 1.7079089879989624, 1.2725269794464111, 1.2671092748641968, 0.8830345869064331, 1.0160585641860962, 1.035551905632019, 1.2689182758331299, 1.1278877258300781, 0.8463163375854492, 0.8841970562934875, 0.8842547535896301, 0.7313222289085388, 0.7225291132926941, 0.6996700167655945, 0.5846494436264038, 0.5987621545791626, 1.6877952814102173, 0.48426756262779236, 0.5316113233566284, 0.9073127508163452, 0.4308697581291199, 0.4367828369140625, 0.5021816492080688, 0.645516574382782, 0.45923691987991333, 1.6422359943389893, 0.6825922727584839, 0.5740286111831665, 0.7441318035125732, 0.40318813920021057, 0.6946138143539429, 0.6179150342941284, 0.39455050230026245, 0.5856913328170776, 0.5624100565910339, 0.3924608826637268, 0.37536633014678955, 0.3970281481742859, 0.23785357177257538, 0.41548189520835876, 0.25301915407180786, 1.2265174388885498, 0.22689016163349152, 0.5208770036697388, 0.32325783371925354, 1.2204020023345947, 0.22306104004383087, 0.5058526992797852, 0.2669350504875183, 0.22093501687049866, 0.3822755813598633, 0.3674826920032501, 0.21902699768543243, 0.2909490764141083, 1.1651699542999268, 0.263312429189682, 0.5188749432563782, 0.5048519968986511, 0.24741239845752716, 0.3532251715660095, 0.20732060074806213, 0.14873157441616058, 0.09086243808269501, 0.07754351198673248, 0.15425562858581543, 0.20033244788646698, 0.10165753215551376, 0.07593053579330444, 0.08751031011343002], "time_taken": 785.9356861114502, "bit_accuracy": 0.974375}