{"n_front_dense_FE": 2, "n_front_dense_PE": 2, "n_front_dense_RxDec": 2, "state_width": 0, "n_epochs": 100, "n_additional_epochs": 10, "CFO_coef": 1, "SNR": 6, "J_list": [2.7725894451141357, 2.773197889328003, 2.773015260696411, 2.7732443809509277, 2.774169921875, 2.7728211879730225, 2.7736990451812744, 2.772087574005127, 2.77122163772583, 2.770327091217041, 2.7748568058013916, 2.7767653465270996, 2.771259307861328, 2.7741010189056396, 2.77724027633667, 2.7757418155670166, 2.772747755050659, 2.774132490158081, 2.7712531089782715, 2.7746434211730957, 2.7724313735961914, 2.773197889328003, 2.7721385955810547, 2.7742114067077637, 2.771515130996704, 2.7731082439422607, 2.775714635848999, 2.7730703353881836, 2.7740375995635986, 2.772188663482666, 2.773510217666626, 2.7732913494110107, 2.7717700004577637, 2.775407314300537, 2.7762255668640137, 2.7752957344055176, 2.7732012271881104, 2.7726943492889404, 2.7721264362335205, 2.7722811698913574, 2.7730133533477783, 2.770946502685547, 2.7750649452209473, 2.7740182876586914, 2.7750720977783203, 2.7734973430633545, 2.7710347175598145, 2.773336887359619, 2.772606611251831, 2.7724075317382812, 2.7706141471862793, 2.7712621688842773, 2.771712303161621, 2.7727417945861816, 2.7711856365203857, 2.772139072418213, 2.7714920043945312, 2.7720885276794434, 2.7751853466033936, 2.7749791145324707, 2.7708754539489746, 2.77103328704834, 2.7733654975891113, 2.7707810401916504, 2.77311635017395, 2.771667957305908, 2.7725327014923096, 2.7699341773986816, 2.7746856212615967, 2.7761034965515137, 2.777613401412964, 2.7697505950927734, 2.770522117614746, 2.7774620056152344, 2.778563976287842, 2.7751545906066895, 2.7753567695617676, 2.7710907459259033, 2.7752559185028076, 2.7775847911834717, 2.7733192443847656, 2.770277738571167, 2.7727904319763184, 2.7751357555389404, 2.7756502628326416, 2.772439956665039, 2.7746803760528564, 2.7755813598632812, 2.7731993198394775, 2.773754119873047, 2.7748055458068848, 2.773329973220825, 2.771667003631592, 2.770479917526245, 2.7714624404907227, 2.7729148864746094, 2.774972915649414, 2.77703595161438, 2.770148754119873, 2.7716739177703857, 2.7711551189422607, 2.771902561187744, 2.7705893516540527, 2.7736668586730957, 2.7736518383026123, 2.7737107276916504, 2.7732975482940674, 2.772571086883545, 2.771530866622925, 2.7746901512145996], "time_taken": 661.7326476573944, "bit_accuracy": 0.061875}