{"n_front_dense_FE": 2, "n_front_dense_PE": 2, "n_front_dense_RxDec": 2, "state_width": 0, "n_epochs": 100, "n_additional_epochs": 10, "CFO_coef": 1, "SNR": 3, "J_list": [2.7725894451141357, 2.7736942768096924, 2.7719249725341797, 2.7727177143096924, 2.771737575531006, 2.771475315093994, 2.7715344429016113, 2.7721991539001465, 2.776075839996338, 2.772387742996216, 2.773587703704834, 2.7718279361724854, 2.769017219543457, 2.774545907974243, 2.7715861797332764, 2.7759785652160645, 2.7754313945770264, 2.775721788406372, 2.777569055557251, 2.774211883544922, 2.777888536453247, 2.7734382152557373, 2.775486707687378, 2.7721962928771973, 2.7728431224823, 2.7717199325561523, 2.771185874938965, 2.774801731109619, 2.7722792625427246, 2.77412748336792, 2.769249439239502, 2.774090528488159, 2.7735202312469482, 2.7716095447540283, 2.773563861846924, 2.774169921875, 2.774977922439575, 2.775405168533325, 2.773660898208618, 2.7746658325195312, 2.771946430206299, 2.773772716522217, 2.7717130184173584, 2.768321990966797, 2.772696018218994, 2.776287794113159, 2.7730605602264404, 2.7722606658935547, 2.772737979888916, 2.7741589546203613, 2.7732319831848145, 2.7726519107818604, 2.773651123046875, 2.772700786590576, 2.773573875427246, 2.7721645832061768, 2.7713801860809326, 2.7714874744415283, 2.7757115364074707, 2.773343324661255, 2.772312641143799, 2.7723500728607178, 2.775639295578003, 2.774688243865967, 2.773639678955078, 2.774243116378784, 2.7729830741882324, 2.771925449371338, 2.772029399871826, 2.774367094039917, 2.7710156440734863, 2.7718708515167236, 2.7733709812164307, 2.77048397064209, 2.773186683654785, 2.7754902839660645, 2.770353317260742, 2.7725892066955566, 2.7744526863098145, 2.772674560546875, 2.7782886028289795, 2.7743430137634277, 2.772545576095581, 2.7750391960144043, 2.772986888885498, 2.772125244140625, 2.774082899093628, 2.771547555923462, 2.772404193878174, 2.7720730304718018, 2.7704555988311768, 2.772507905960083, 2.771312713623047, 2.7716877460479736, 2.7719345092773438, 2.7729477882385254, 2.7721152305603027, 2.7750205993652344, 2.7725939750671387, 2.770833730697632, 2.776406764984131, 2.7758049964904785, 2.775092601776123, 2.773895263671875, 2.770458221435547, 2.7742114067077637, 2.776247024536133, 2.7723476886749268, 2.7759621143341064, 2.7731451988220215], "time_taken": 640.5903978347778, "bit_accuracy": 0.05437499999999999}