{"n_front_dense_FE": 2, "n_front_dense_PE": 2, "n_front_dense_RxDec": 2, "state_width": 0, "n_epochs": 100, "n_additional_epochs": 10, "CFO_coef": 1, "SNR": 2, "J_list": [2.7725894451141357, 2.7726974487304688, 2.774590253829956, 2.773573637008667, 2.7728312015533447, 2.771604537963867, 2.772757053375244, 2.773522138595581, 2.772700548171997, 2.7726657390594482, 2.773409366607666, 2.7738044261932373, 2.775186061859131, 2.7703418731689453, 2.773224353790283, 2.774463653564453, 2.7718842029571533, 2.7737443447113037, 2.7740731239318848, 2.772547960281372, 2.7720253467559814, 2.7745890617370605, 2.7735588550567627, 2.7733314037323, 2.771583080291748, 2.7747864723205566, 2.7738876342773438, 2.7708077430725098, 2.7740023136138916, 2.775338649749756, 2.7733795642852783, 2.7748489379882812, 2.771652936935425, 2.7762324810028076, 2.77713942527771, 2.774199962615967, 2.7809088230133057, 2.7715914249420166, 2.7730908393859863, 2.7747669219970703, 2.7725143432617188, 2.773380994796753, 2.7743237018585205, 2.7757458686828613, 2.7765603065490723, 2.7706997394561768, 2.7730751037597656, 2.773085117340088, 2.775224208831787, 2.772608757019043, 2.775059223175049, 2.77250075340271, 2.770761013031006, 2.773512840270996, 2.7730472087860107, 2.777304172515869, 2.7710418701171875, 2.7698826789855957, 2.7713587284088135, 2.7753639221191406, 2.771951675415039, 2.7733967304229736, 2.771730899810791, 2.77104115486145, 2.775325298309326, 2.7775778770446777, 2.7711174488067627, 2.774928331375122, 2.7706758975982666, 2.7740638256073, 2.770843982696533, 2.769282817840576, 2.770388126373291, 2.774143695831299, 2.7737388610839844, 2.7738430500030518, 2.7730495929718018, 2.7732765674591064, 2.7744717597961426, 2.7714200019836426, 2.7714200019836426, 2.7721142768859863, 2.774614095687866, 2.774662494659424, 2.772395372390747, 2.773864269256592, 2.7737107276916504, 2.773449659347534, 2.7742066383361816, 2.775263786315918, 2.7725014686584473, 2.769705295562744, 2.7749176025390625, 2.7725415229797363, 2.7726998329162598, 2.7756729125976562, 2.7729616165161133, 2.77512788772583, 2.773595094680786, 2.7732558250427246, 2.7756307125091553, 2.7726893424987793, 2.772028923034668, 2.7743630409240723, 2.7721264362335205, 2.772368907928467, 2.770780086517334, 2.771280288696289, 2.7754013538360596, 2.7736563682556152], "time_taken": 695.4959042072296, "bit_accuracy": 0.06124999999999999}