{"n_front_dense_FE": 2, "n_front_dense_PE": 2, "n_front_dense_RxDec": 2, "state_width": 0, "n_epochs": 100, "n_additional_epochs": 10, "CFO_coef": 1, "SNR": 10, "J_list": [2.7725894451141357, 2.772632122039795, 2.77293062210083, 2.7742865085601807, 2.7723331451416016, 2.7722294330596924, 2.775712013244629, 2.7731821537017822, 2.775350332260132, 2.772676467895508, 2.7728190422058105, 2.770751714706421, 2.7713186740875244, 2.7729551792144775, 2.772660255432129, 2.7737553119659424, 2.7709834575653076, 2.7729532718658447, 2.772109270095825, 2.773059368133545, 2.772365093231201, 2.773144245147705, 2.7718379497528076, 2.7734768390655518, 2.77248477935791, 2.7716572284698486, 2.7718048095703125, 2.771641731262207, 2.7701315879821777, 2.774498224258423, 2.773193597793579, 2.7762250900268555, 2.770526647567749, 2.777895450592041, 2.7697479724884033, 2.7737152576446533, 2.774218797683716, 2.7721590995788574, 2.7764334678649902, 2.7716662883758545, 2.776141405105591, 2.7765302658081055, 2.775033950805664, 2.773465633392334, 2.770407199859619, 2.776491165161133, 2.773739814758301, 2.7683444023132324, 2.7691171169281006, 2.775700807571411, 2.7747457027435303, 2.7714428901672363, 2.775212526321411, 2.774036407470703, 2.774111270904541, 2.772839307785034, 2.7734298706054688, 2.775083541870117, 2.772233247756958, 2.7717971801757812, 2.776181697845459, 2.773390293121338, 2.7724692821502686, 2.771458148956299, 2.771125555038452, 2.7676193714141846, 2.7754263877868652, 2.77443265914917, 2.7731339931488037, 2.774923801422119, 2.774728536605835, 2.7745823860168457, 2.772677183151245, 2.773483991622925, 2.772627592086792, 2.773949384689331, 2.77101469039917, 2.7723708152770996, 2.776060104370117, 2.772439956665039, 2.76816987991333, 2.7721545696258545, 2.7739977836608887, 2.7706284523010254, 2.7706191539764404, 2.7734546661376953, 2.7756333351135254, 2.7713522911071777, 2.7733170986175537, 2.7755236625671387, 2.771989345550537, 2.7703044414520264, 2.7702503204345703, 2.7723300457000732, 2.7780098915100098, 2.772329330444336, 2.7759900093078613, 2.773066997528076, 2.774458169937134, 2.7732322216033936, 2.7765092849731445, 2.774132490158081, 2.7714593410491943, 2.774620532989502, 2.7745938301086426, 2.7742247581481934, 2.772930860519409, 2.772848129272461, 2.7709708213806152, 2.7717113494873047], "time_taken": 730.8311259746552, "bit_accuracy": 0.058750000000000004}