{"n_front_dense_FE": 2, "n_front_dense_PE": 2, "n_front_dense_RxDec": 2, "state_width": 0, "n_epochs": 100, "n_additional_epochs": 10, "CFO_coef": 0, "SNR": 5, "J_list": [2.789673328399658, 2.7737460136413574, 2.7803726196289062, 2.7889862060546875, 2.785752773284912, 2.782008409500122, 2.785740852355957, 2.7856125831604004, 2.7910361289978027, 2.7799649238586426, 2.7856125831604004, 2.785496234893799, 2.7766308784484863, 2.784780502319336, 2.7824699878692627, 2.791844129562378, 2.7732043266296387, 2.7728447914123535, 2.778787136077881, 2.787322998046875, 2.7695438861846924, 2.7807796001434326, 2.792586088180542, 2.7825350761413574, 2.7844040393829346, 2.755077362060547, 2.780496120452881, 2.784909963607788, 2.784626007080078, 2.7899117469787598, 2.7870395183563232, 2.7744808197021484, 2.7757723331451416, 2.7941038608551025, 2.7777647972106934, 2.776930332183838, 2.7889347076416016, 2.7788383960723877, 2.772986888885498, 2.782891035079956, 2.7876322269439697, 2.7871975898742676, 2.7829501628875732, 2.778653860092163, 2.783987522125244, 2.783419370651245, 2.7900259494781494, 2.7832303047180176, 2.781958818435669, 2.7859444618225098, 2.7843661308288574, 2.7837157249450684, 2.776625156402588, 2.784733533859253, 2.785027265548706, 2.779015064239502, 2.7875287532806396, 2.787022352218628, 2.7829957008361816, 2.7827723026275635, 2.780669689178467, 2.7853875160217285, 2.789053440093994, 2.7805237770080566, 2.777113437652588, 2.7845377922058105, 2.7687954902648926, 2.7891178131103516, 2.780068874359131, 2.777822971343994, 2.774937152862549, 2.777022123336792, 2.776134967803955, 2.7856338024139404, 2.787374258041382, 2.787013292312622, 2.7831473350524902, 2.7789337635040283, 2.7831833362579346, 2.787722110748291, 2.7861804962158203, 2.784956693649292, 2.780642032623291, 2.7870545387268066, 2.7803406715393066, 2.774496555328369, 2.7942724227905273, 2.781656265258789, 2.7822766304016113, 2.7745814323425293, 2.7682201862335205, 2.777843475341797, 2.789414882659912, 2.7845606803894043, 2.7845540046691895, 2.7804722785949707, 2.788001537322998, 2.7734179496765137, 2.780900478363037, 2.785296678543091, 2.777937650680542, 2.7822539806365967, 2.783940076828003, 2.7793877124786377, 2.7749509811401367, 2.7786576747894287, 2.773020029067993, 2.7776217460632324, 2.783475875854492, 2.777683734893799], "time_taken": 816.9528670310974, "bit_accuracy": 0.06468750000000001}