{"n_front_dense_FE": 2, "n_front_dense_PE": 2, "n_front_dense_RxDec": 2, "state_width": 0, "n_epochs": 100, "n_additional_epochs": 10, "CFO_coef": 0, "SNR": 3, "J_list": [2.7903099060058594, 2.7748665809631348, 2.7882347106933594, 2.789806365966797, 2.7756197452545166, 2.7797999382019043, 2.783648729324341, 2.7815756797790527, 2.7813053131103516, 2.7859649658203125, 2.7793071269989014, 2.7848880290985107, 2.7728707790374756, 2.7832412719726562, 2.788084030151367, 2.7821099758148193, 2.77953839302063, 2.78456449508667, 2.777378797531128, 2.7869091033935547, 2.7836480140686035, 2.784132719039917, 2.770170211791992, 2.7729249000549316, 2.7917189598083496, 2.7836406230926514, 2.7800610065460205, 2.780942440032959, 2.7879858016967773, 2.771461009979248, 2.782297134399414, 2.7681212425231934, 2.7861690521240234, 2.780071496963501, 2.778034210205078, 2.79071044921875, 2.7766408920288086, 2.7664520740509033, 2.79864501953125, 2.7814788818359375, 2.7838616371154785, 2.792496919631958, 2.7828824520111084, 2.7922580242156982, 2.7769556045532227, 2.7798118591308594, 2.7789759635925293, 2.7849254608154297, 2.780280113220215, 2.7822070121765137, 2.787527561187744, 2.782581090927124, 2.78517484664917, 2.78057599067688, 2.781217575073242, 2.789088726043701, 2.7719852924346924, 2.791994571685791, 2.784489393234253, 2.7720372676849365, 2.7866928577423096, 2.772883892059326, 2.7815258502960205, 2.781510829925537, 2.784524440765381, 2.7820444107055664, 2.7751004695892334, 2.7895469665527344, 2.78057861328125, 2.779125928878784, 2.7863965034484863, 2.7814135551452637, 2.781723737716675, 2.7783896923065186, 2.78233003616333, 2.7811641693115234, 2.7929744720458984, 2.775559186935425, 2.786435604095459, 2.7859537601470947, 2.780595302581787, 2.761986255645752, 2.7951102256774902, 2.7902259826660156, 2.7904839515686035, 2.784593105316162, 2.77898907661438, 2.7780163288116455, 2.7906317710876465, 2.7785799503326416, 2.787332057952881, 2.781391143798828, 2.7899436950683594, 2.778099775314331, 2.7865936756134033, 2.7807185649871826, 2.7770838737487793, 2.7781169414520264, 2.7850661277770996, 2.7908682823181152, 2.773451328277588, 2.77734375, 2.7639617919921875, 2.779768466949463, 2.7740893363952637, 2.7773468494415283, 2.7757210731506348, 2.7693772315979004, 2.7752280235290527, 2.779827117919922], "time_taken": 786.7496194839478, "bit_accuracy": 0.0615625}