{"n_front_dense_FE": 2, "n_front_dense_PE": 2, "n_front_dense_RxDec": 2, "state_width": 0, "n_epochs": 100, "n_additional_epochs": 10, "CFO_coef": 0, "SNR": 10, "J_list": [2.791191577911377, 2.7733120918273926, 2.79052734375, 2.7811367511749268, 2.7824935913085938, 2.782304048538208, 2.7794246673583984, 2.7740111351013184, 2.7877373695373535, 2.7805569171905518, 2.783109664916992, 2.782142162322998, 2.777895450592041, 2.784654140472412, 2.7799594402313232, 2.7800064086914062, 2.788844585418701, 2.7765026092529297, 2.789213180541992, 2.7819771766662598, 2.7750613689422607, 2.7802250385284424, 2.7855610847473145, 2.780688524246216, 2.779421806335449, 2.790827512741089, 2.7818222045898438, 2.77996563911438, 2.76786470413208, 2.7878963947296143, 2.7735915184020996, 2.7858974933624268, 2.7880702018737793, 2.7861597537994385, 2.7724175453186035, 2.785336971282959, 2.7818751335144043, 2.776332139968872, 2.794666290283203, 2.782231092453003, 2.786930799484253, 2.783651351928711, 2.7789573669433594, 2.7773663997650146, 2.784752368927002, 2.787968158721924, 2.78389310836792, 2.7884521484375, 2.7809524536132812, 2.778921127319336, 2.7798075675964355, 2.7815680503845215, 2.7737536430358887, 2.789677858352661, 2.773942470550537, 2.791059732437134, 2.78348708152771, 2.7777252197265625, 2.7904999256134033, 2.777926206588745, 2.7879409790039062, 2.775139093399048, 2.7850875854492188, 2.7898387908935547, 2.7727932929992676, 2.7811279296875, 2.7948317527770996, 2.7829322814941406, 2.7866904735565186, 2.779369354248047, 2.7861454486846924, 2.7835147380828857, 2.7860615253448486, 2.7838644981384277, 2.7842516899108887, 2.786031723022461, 2.7818031311035156, 2.7762858867645264, 2.781252861022949, 2.78867769241333, 2.784327983856201, 2.783902406692505, 2.7899889945983887, 2.788851499557495, 2.7793750762939453, 2.7873759269714355, 2.785508394241333, 2.788177490234375, 2.7812201976776123, 2.7851617336273193, 2.781646490097046, 2.7733733654022217, 2.7931406497955322, 2.783381223678589, 2.786538600921631, 2.7778472900390625, 2.7916693687438965, 2.7887141704559326, 2.775634765625, 2.783708333969116, 2.7614808082580566, 2.778559446334839, 2.778451442718506, 2.7807178497314453, 2.784585952758789, 2.782452344894409, 2.7783570289611816, 2.772587537765503, 2.7768349647521973, 2.7733545303344727], "time_taken": 752.2855539321899, "bit_accuracy": 0.058437499999999996}