{"n_front_dense_FE": 2, "n_front_dense_PE": 2, "n_front_dense_RxDec": 2, "state_width": 1, "n_epochs": 100, "n_additional_epochs": 10, "CFO_coef": 1, "SNR": 1, "J_list": [2.7727017402648926, 2.784853219985962, 2.7752671241760254, 2.777538776397705, 2.7803547382354736, 2.771010637283325, 2.7654852867126465, 2.7734246253967285, 2.7477405071258545, 2.73073148727417, 2.690140724182129, 2.693270206451416, 2.634653091430664, 2.6972968578338623, 2.603743314743042, 2.5544657707214355, 2.4258811473846436, 2.260120391845703, 2.4317126274108887, 2.1965322494506836, 2.413567304611206, 3.0285704135894775, 2.6993443965911865, 2.629166841506958, 2.3906753063201904, 2.324390411376953, 2.494819164276123, 2.3047900199890137, 2.3109354972839355, 2.2084944248199463, 2.2246687412261963, 2.155374050140381, 2.0244216918945312, 1.930443525314331, 1.9853966236114502, 2.0852484703063965, 1.8946712017059326, 1.8183025121688843, 1.6364381313323975, 1.8097896575927734, 1.7861089706420898, 1.5405261516571045, 1.5594377517700195, 1.4962679147720337, 1.462171196937561, 1.3900434970855713, 1.4916870594024658, 1.3198370933532715, 1.3038761615753174, 1.1580283641815186, 1.4139446020126343, 1.2303073406219482, 1.2101612091064453, 1.3687365055084229, 1.3439369201660156, 1.1697633266448975, 1.1177390813827515, 2.3945679664611816, 1.5088653564453125, 1.348954200744629, 1.069426417350769, 1.1364872455596924, 1.0928583145141602, 1.1656029224395752, 1.5286152362823486, 1.052008867263794, 1.1786224842071533, 1.1056241989135742, 2.9036221504211426, 1.3299146890640259, 1.3814184665679932, 1.328176736831665, 1.2052738666534424, 1.1593544483184814, 1.291156530380249, 1.2103335857391357, 1.2288798093795776, 1.202024221420288, 1.1914149522781372, 1.2668112516403198, 1.0228923559188843, 0.9662866592407227, 0.9732009172439575, 1.7936862707138062, 1.0407421588897705, 1.0372085571289062, 0.9282684326171875, 1.1843637228012085, 0.9688944816589355, 1.0470776557922363, 0.8837135434150696, 0.9760977029800415, 0.8863407969474792, 0.8373055458068848, 0.9130552411079407, 1.4415786266326904, 0.8044053316116333, 0.9050470590591431, 0.935010552406311, 0.7200741171836853, 1.615067720413208, 0.8206894993782043, 0.7224830389022827, 0.7215114831924438, 0.6898794174194336, 0.664807140827179, 0.6169663667678833, 0.6624693870544434, 1.1186672449111938, 0.7498535513877869], "time_taken": 671.3079724311829, "bit_accuracy": 0.733125}