{"n_front_dense_FE": 2, "n_front_dense_PE": 2, "n_front_dense_RxDec": 2, "state_width": 3, "n_epochs": 100, "n_additional_epochs": 10, "CFO_coef": 1, "SNR": 6, "J_list": [2.7714622020721436, 2.8276398181915283, 2.7660131454467773, 2.8088738918304443, 2.7764999866485596, 2.7668347358703613, 2.762423515319824, 2.778441905975342, 2.7557520866394043, 2.7560439109802246, 2.719878673553467, 2.758225679397583, 2.683035373687744, 2.6817924976348877, 2.5224368572235107, 2.419856309890747, 2.264286518096924, 2.2636590003967285, 2.1240897178649902, 2.615920066833496, 2.35447359085083, 1.8420722484588623, 2.042532444000244, 1.934389352798462, 2.4074318408966064, 1.8585691452026367, 1.7976194620132446, 1.8302581310272217, 2.167358875274658, 1.7952619791030884, 1.7046304941177368, 1.3110284805297852, 1.5854721069335938, 1.2962009906768799, 1.209540605545044, 1.7965843677520752, 1.2110440731048584, 1.0473891496658325, 1.1590406894683838, 1.1911207437515259, 0.879604160785675, 1.1836341619491577, 0.9308760762214661, 1.0289819240570068, 0.7932642102241516, 0.6071741580963135, 1.0908782482147217, 0.8687096834182739, 1.3245642185211182, 0.9570871591567993, 0.900985598564148, 0.6101701259613037, 0.6044958829879761, 0.7144633531570435, 0.5532611608505249, 0.6182626485824585, 0.8114593625068665, 0.9548342823982239, 0.7181276082992554, 0.569388747215271, 1.2258433103561401, 0.7189315557479858, 0.48658880591392517, 0.5500453114509583, 0.5089616179466248, 0.44944286346435547, 0.38788288831710815, 0.9237573742866516, 0.3625994026660919, 0.6075651049613953, 0.38126760721206665, 0.4060172438621521, 0.3828674852848053, 0.4014398455619812, 0.3075226843357086, 0.3263258934020996, 0.220611572265625, 0.2230057269334793, 0.3218543827533722, 1.2803548574447632, 0.19455291330814362, 2.1948859691619873, 0.4511784017086029, 0.6290072202682495, 0.889288067817688, 1.7518354654312134, 1.6814603805541992, 0.5926703214645386, 0.4482463002204895, 0.7781335711479187, 1.0795562267303467, 0.6234235763549805, 0.5821500420570374, 0.38653674721717834, 1.0226125717163086, 0.9316034317016602, 0.9224971532821655, 0.6311146020889282, 0.6964588165283203, 0.6630339622497559, 0.8453930020332336, 0.45001500844955444, 0.28947287797927856, 0.29194334149360657, 0.29463401436805725, 0.4453718066215515, 0.39741185307502747, 0.3231659531593323, 0.2985808253288269, 0.25385183095932007], "time_taken": 820.4160180091858, "bit_accuracy": 0.9221874999999999}