{"n_front_dense_FE": 2, "n_front_dense_PE": 2, "n_front_dense_RxDec": 2, "state_width": 1, "n_epochs": 100, "n_additional_epochs": 10, "CFO_coef": 1, "SNR": 5, "J_list": [2.772562026977539, 2.7733683586120605, 2.7791545391082764, 2.7737538814544678, 2.774636745452881, 2.7633249759674072, 2.7570228576660156, 2.744476318359375, 2.7770016193389893, 2.7185449600219727, 2.6868605613708496, 2.6507253646850586, 2.6171393394470215, 2.545802354812622, 2.4941654205322266, 2.3992581367492676, 2.306788206100464, 2.6322073936462402, 2.232661008834839, 2.5685830116271973, 2.5425288677215576, 2.275221347808838, 2.2902426719665527, 2.3605430126190186, 2.2491276264190674, 2.2213549613952637, 2.276660203933716, 2.188382625579834, 2.0881383419036865, 2.0734026432037354, 2.2877492904663086, 2.0430915355682373, 2.046269416809082, 1.8242034912109375, 1.8914111852645874, 1.877052664756775, 1.8119770288467407, 1.746656060218811, 2.416517734527588, 2.3339414596557617, 2.0145795345306396, 1.6451343297958374, 1.8041750192642212, 2.2016024589538574, 1.738610863685608, 1.7970521450042725, 1.7832454442977905, 1.6920284032821655, 1.8582439422607422, 1.8991825580596924, 1.626955270767212, 1.631072998046875, 1.9111006259918213, 1.6304645538330078, 2.042677402496338, 1.7550023794174194, 1.8249698877334595, 1.6496328115463257, 1.6962724924087524, 1.5463403463363647, 1.5949032306671143, 1.5816237926483154, 1.5927079916000366, 1.623653769493103, 1.7894920110702515, 1.6330833435058594, 1.4553035497665405, 1.7169339656829834, 1.4947640895843506, 1.494505763053894, 1.517554521560669, 1.3995922803878784, 1.4359691143035889, 1.6252520084381104, 1.3681797981262207, 1.6511542797088623, 1.3892414569854736, 1.3614270687103271, 1.4407607316970825, 1.4809616804122925, 1.2798370122909546, 1.2805159091949463, 1.4097548723220825, 1.1648757457733154, 1.413057565689087, 1.2290260791778564, 1.4979747533798218, 1.2709782123565674, 1.24066162109375, 1.431961178779602, 1.1934897899627686, 1.4075324535369873, 1.0731661319732666, 1.2172197103500366, 1.1742664575576782, 1.2667169570922852, 2.5544614791870117, 1.1578713655471802, 1.072969913482666, 1.0844968557357788, 1.0969810485839844, 1.083046317100525, 1.110857367515564, 1.0392053127288818, 0.9548036456108093, 1.0002862215042114, 1.2181798219680786, 0.9670848846435547, 0.9705137014389038, 1.1711477041244507], "time_taken": 650.8662502765656, "bit_accuracy": 0.5359375}