{"n_front_dense_FE": 2, "n_front_dense_PE": 2, "n_front_dense_RxDec": 2, "state_width": 0, "n_epochs": 100, "n_additional_epochs": 10, "CFO_coef": 1, "SNR": 5, "J_list": [2.7725894451141357, 2.772949695587158, 2.7735342979431152, 2.771096706390381, 2.7728118896484375, 2.7732303142547607, 2.7733311653137207, 2.7725577354431152, 2.7721359729766846, 2.773757219314575, 2.7728991508483887, 2.7713146209716797, 2.7728805541992188, 2.7722508907318115, 2.775710105895996, 2.7729592323303223, 2.773387908935547, 2.773275852203369, 2.7753803730010986, 2.771785020828247, 2.768016815185547, 2.770913600921631, 2.773974657058716, 2.7741692066192627, 2.7687551975250244, 2.7742018699645996, 2.768000841140747, 2.769770383834839, 2.774663209915161, 2.7724454402923584, 2.768970489501953, 2.773157835006714, 2.772614002227783, 2.7742931842803955, 2.776611566543579, 2.7792837619781494, 2.772519826889038, 2.774029493331909, 2.7721431255340576, 2.770439863204956, 2.7740325927734375, 2.7744622230529785, 2.768756866455078, 2.772308111190796, 2.7758076190948486, 2.772139310836792, 2.775634288787842, 2.771043062210083, 2.770419120788574, 2.7719898223876953, 2.7716922760009766, 2.7711594104766846, 2.7737202644348145, 2.7704944610595703, 2.7742862701416016, 2.774156093597412, 2.7712016105651855, 2.7799291610717773, 2.770747661590576, 2.771179676055908, 2.772921085357666, 2.775698184967041, 2.773089647293091, 2.7740039825439453, 2.772083044052124, 2.7726974487304688, 2.7726528644561768, 2.7709805965423584, 2.775135040283203, 2.7736258506774902, 2.7756874561309814, 2.773890256881714, 2.769045352935791, 2.7741570472717285, 2.7702488899230957, 2.7727530002593994, 2.7705702781677246, 2.7743237018585205, 2.772291898727417, 2.7736470699310303, 2.775960922241211, 2.7783656120300293, 2.7693610191345215, 2.7758536338806152, 2.7729387283325195, 2.772808790206909, 2.7710437774658203, 2.7695810794830322, 2.773224353790283, 2.7709946632385254, 2.775613784790039, 2.773930072784424, 2.7748539447784424, 2.7765984535217285, 2.7736456394195557, 2.7760825157165527, 2.7716269493103027, 2.7737536430358887, 2.7763009071350098, 2.773982524871826, 2.7740793228149414, 2.772639274597168, 2.7742910385131836, 2.77131986618042, 2.7727856636047363, 2.7737765312194824, 2.7751243114471436, 2.7735304832458496, 2.7750918865203857, 2.7709460258483887], "time_taken": 606.3610622882843, "bit_accuracy": 0.06562499999999999}