{"n_front_dense_FE": 2, "n_front_dense_PE": 2, "n_front_dense_RxDec": 2, "state_width": 2, "n_epochs": 100, "n_additional_epochs": 10, "CFO_coef": 1, "SNR": 2, "J_list": [2.772212505340576, 2.784114360809326, 2.758856773376465, 2.793116569519043, 2.7700774669647217, 2.755270481109619, 2.760087251663208, 2.733975648880005, 2.6911873817443848, 2.6067986488342285, 2.520482301712036, 2.3635201454162598, 2.7439980506896973, 2.307403087615967, 2.465691089630127, 2.2237372398376465, 2.238647937774658, 2.3152899742126465, 2.1417136192321777, 2.2408840656280518, 2.143186092376709, 2.0270488262176514, 1.9119867086410522, 1.8734924793243408, 1.716973066329956, 1.6559479236602783, 1.5936675071716309, 1.7891947031021118, 1.8656114339828491, 1.4094420671463013, 1.9592212438583374, 1.3778293132781982, 1.2739826440811157, 1.4159698486328125, 1.212477445602417, 1.4968048334121704, 1.0796020030975342, 0.9368237257003784, 0.9269371032714844, 1.2372405529022217, 2.536970376968384, 1.3333494663238525, 1.197893738746643, 1.1701734066009521, 0.9621171951293945, 0.9587074518203735, 1.7504222393035889, 1.143188238143921, 1.094508409500122, 2.674816370010376, 0.866560161113739, 2.0931453704833984, 1.0313851833343506, 0.7983260750770569, 0.7594831585884094, 0.8276411294937134, 0.982699990272522, 1.0045970678329468, 0.7173859477043152, 0.8328492045402527, 0.7532046437263489, 1.0348783731460571, 0.5941665172576904, 0.5665200352668762, 0.5945853590965271, 0.4666725993156433, 0.77801913022995, 0.49436503648757935, 0.3700576424598694, 0.4174361824989319, 0.32625633478164673, 0.3394564688205719, 0.3607935905456543, 0.36370784044265747, 0.35357341170310974, 0.4090259075164795, 0.4594743847846985, 0.21272435784339905, 0.3702022433280945, 0.25384053587913513, 0.3194328844547272, 2.30035662651062, 0.4682845175266266, 0.4903694689273834, 0.3313612937927246, 0.9356659054756165, 0.6982830166816711, 0.48784223198890686, 0.3807455897331238, 0.6053558588027954, 5.77979040145874, 0.48746442794799805, 3.2802162170410156, 0.5800308585166931, 0.5560746788978577, 0.6527726054191589, 0.9799247980117798, 0.6525505781173706, 0.6943788528442383, 0.7045718431472778, 0.8786548376083374, 0.6849352121353149, 0.6649233102798462, 0.5836957693099976, 0.5185222029685974, 0.584649920463562, 0.43320244550704956, 0.4036034941673279, 1.350893497467041, 1.1933683156967163], "time_taken": 659.476361989975, "bit_accuracy": 0.8284375}