{"n_front_dense_FE": 2, "n_front_dense_PE": 2, "n_front_dense_RxDec": 2, "state_width": 8, "n_epochs": 100, "n_additional_epochs": 10, "CFO_coef": 1, "SNR": 1, "J_list": [2.7726306915283203, 2.792365550994873, 2.7730705738067627, 2.7786343097686768, 2.7828445434570312, 2.764254331588745, 2.764216661453247, 2.725522994995117, 2.7005362510681152, 2.7055797576904297, 2.731388807296753, 2.6276695728302, 2.547710418701172, 2.472975254058838, 2.379274845123291, 2.2051570415496826, 2.207658290863037, 2.217517137527466, 2.1825456619262695, 2.2229530811309814, 2.0212414264678955, 2.162365198135376, 1.9868080615997314, 1.885290503501892, 1.8460681438446045, 1.76132333278656, 1.655726671218872, 3.00687575340271, 2.4645934104919434, 2.0936782360076904, 1.9327280521392822, 1.7873508930206299, 2.1302361488342285, 2.068021297454834, 1.954515814781189, 1.9329913854599, 1.7593333721160889, 1.7845258712768555, 1.7478702068328857, 1.7120262384414673, 1.704125165939331, 1.6491453647613525, 1.5491926670074463, 1.988692045211792, 1.3946974277496338, 1.3520249128341675, 1.6664186716079712, 1.6357448101043701, 1.2896957397460938, 1.2125451564788818, 1.3726707696914673, 1.0434284210205078, 1.0258634090423584, 1.071476697921753, 1.8117595911026, 1.1682255268096924, 1.1207677125930786, 2.5456783771514893, 1.1962685585021973, 0.9974466562271118, 1.0698845386505127, 1.0151039361953735, 1.14504075050354, 1.518210530281067, 1.1884195804595947, 1.3410099744796753, 1.132166862487793, 1.2706689834594727, 0.9489323496818542, 0.9128435850143433, 1.0467731952667236, 0.8030183911323547, 0.8366113901138306, 0.8856146931648254, 0.6851736307144165, 0.7066513299942017, 0.6550486087799072, 1.5944219827651978, 0.6325935125350952, 0.6783198118209839, 0.5858999490737915, 0.6978161931037903, 0.8667346835136414, 0.5505597591400146, 0.7749576568603516, 0.507023811340332, 0.34155917167663574, 0.49410027265548706, 0.45206063985824585, 0.402527391910553, 0.2800077497959137, 1.3220999240875244, 0.4104335904121399, 0.4586719572544098, 0.40145015716552734, 1.046354055404663, 0.3730688691139221, 0.2721264362335205, 0.2654907703399658, 0.48404914140701294, 0.6659725904464722, 0.27222928404808044, 0.3229767680168152, 0.47200697660446167, 0.24403147399425507, 0.8135374188423157, 0.492407888174057, 0.23360908031463623, 0.25705963373184204, 0.19658681750297546], "time_taken": 739.6104049682617, "bit_accuracy": 0.9012500000000001}