{"n_front_dense_FE": 2, "n_front_dense_PE": 2, "n_front_dense_RxDec": 2, "state_width": 6, "n_epochs": 100, "n_additional_epochs": 10, "CFO_coef": 1, "SNR": 2, "J_list": [2.7721245288848877, 2.7727913856506348, 2.779980182647705, 2.7620489597320557, 2.762829065322876, 2.757877826690674, 2.7316458225250244, 2.676072359085083, 2.729130983352661, 2.5413455963134766, 2.4311490058898926, 2.350411891937256, 2.4408347606658936, 2.1743228435516357, 2.053462505340576, 2.339390516281128, 1.9783563613891602, 1.8883793354034424, 2.0752804279327393, 2.0983972549438477, 1.813930869102478, 1.6161702871322632, 1.4221214056015015, 1.2661651372909546, 1.1003984212875366, 1.4214792251586914, 1.0005050897598267, 3.4477875232696533, 1.1124825477600098, 1.8119113445281982, 1.215735673904419, 1.3066126108169556, 1.2764564752578735, 2.350119113922119, 0.941602885723114, 0.907194972038269, 0.9945505857467651, 1.3711553812026978, 1.0514686107635498, 1.044862985610962, 0.9312964677810669, 0.8902538418769836, 0.7857770919799805, 0.715558648109436, 0.6074215769767761, 0.6102916598320007, 0.7406400442123413, 0.6521366834640503, 0.5871847867965698, 1.773747444152832, 0.41544708609580994, 0.4643360674381256, 0.3972094655036926, 0.3634866774082184, 0.3349485993385315, 0.26451215147972107, 0.18548297882080078, 0.2868184447288513, 0.45140838623046875, 0.30525872111320496, 0.40360942482948303, 0.32787126302719116, 0.18212752044200897, 0.18153032660484314, 0.9545982480049133, 0.21854965388774872, 0.5204647779464722, 0.4607049524784088, 0.2824222445487976, 0.12909218668937683, 0.6615413427352905, 0.3992479741573334, 0.4929991662502289, 0.6559284925460815, 0.31206995248794556, 0.633997917175293, 0.23032686114311218, 0.23885567486286163, 0.2883667051792145, 0.3684007227420807, 0.8702442049980164, 0.39637094736099243, 0.435366690158844, 0.20046481490135193, 0.3440924286842346, 0.135543555021286, 0.40985971689224243, 0.18295063078403473, 0.4040316939353943, 1.0630804300308228, 0.33479437232017517, 0.5697652697563171, 0.20881259441375732, 0.12506325542926788, 1.7758601903915405, 0.1354905664920807, 0.29584699869155884, 0.28870445489883423, 0.1237645149230957, 0.15315748751163483, 0.282131552696228, 0.429649293422699, 0.11089235544204712, 0.06755559146404266, 0.2626236081123352, 0.14112503826618195, 0.10534413158893585, 0.05641324445605278, 0.04627396911382675, 0.07240762561559677], "time_taken": 896.4761135578156, "bit_accuracy": 0.9434374999999999}