{"n_front_dense_FE": 2, "n_front_dense_PE": 2, "n_front_dense_RxDec": 2, "state_width": 5, "n_epochs": 100, "n_additional_epochs": 10, "CFO_coef": 1, "SNR": 2, "J_list": [2.772657871246338, 2.7719240188598633, 2.796988010406494, 2.7494254112243652, 2.74916934967041, 2.7058637142181396, 2.8121726512908936, 2.6622414588928223, 2.819697618484497, 2.73362398147583, 2.6599955558776855, 2.634460926055908, 2.545593023300171, 2.422567367553711, 2.3523571491241455, 2.4270153045654297, 3.190535306930542, 2.1954798698425293, 2.4528660774230957, 2.518134355545044, 2.3822739124298096, 2.2936079502105713, 2.2227225303649902, 2.452889919281006, 2.272639274597168, 2.345123767852783, 2.178989887237549, 2.103844404220581, 2.0285675525665283, 1.904241919517517, 1.9568986892700195, 1.869741439819336, 1.6732418537139893, 1.6604537963867188, 1.7160323858261108, 1.4673017263412476, 1.3999422788619995, 1.3447681665420532, 1.556064248085022, 1.3954023122787476, 1.7049652338027954, 1.829149842262268, 1.7552387714385986, 1.4201127290725708, 1.6240323781967163, 1.1076265573501587, 1.2352958917617798, 1.2940287590026855, 1.3064701557159424, 1.1298059225082397, 2.575528621673584, 1.0850207805633545, 1.0777288675308228, 1.1533610820770264, 1.0641047954559326, 1.0504153966903687, 0.9671615362167358, 1.9933360815048218, 1.0135793685913086, 0.9500824213027954, 0.9589990377426147, 4.5127153396606445, 0.9934297800064087, 1.4131791591644287, 2.7057323455810547, 0.9627813100814819, 0.9950990676879883, 0.9504230618476868, 1.1030924320220947, 0.7628577947616577, 0.7365264296531677, 1.0469993352890015, 0.9023024439811707, 0.8219448924064636, 0.6843389272689819, 0.6564845442771912, 0.9067908525466919, 0.9426528215408325, 1.8883317708969116, 0.6876439452171326, 0.6311906576156616, 0.8716336488723755, 1.2775914669036865, 0.5688718557357788, 0.4433521628379822, 0.7891188859939575, 0.7088984251022339, 1.0188108682632446, 0.4372994005680084, 0.6959847211837769, 0.3936155438423157, 0.5190181732177734, 0.43859434127807617, 0.5715116262435913, 0.8257427215576172, 1.4964466094970703, 0.4052644670009613, 0.5833498239517212, 0.45226460695266724, 0.8327334523200989, 0.43257349729537964, 0.33801230788230896, 0.2762603759765625, 0.2634042799472809, 0.35914602875709534, 0.21767067909240723, 0.22307045757770538, 0.2561757564544678, 0.21959686279296875, 0.6853706240653992], "time_taken": 901.9746882915497, "bit_accuracy": 0.9421875}