{"n_front_dense_FE": 2, "n_front_dense_PE": 2, "n_front_dense_RxDec": 2, "state_width": 2, "n_epochs": 100, "n_additional_epochs": 10, "CFO_coef": 1, "SNR": 4, "J_list": [2.772590160369873, 2.798489809036255, 2.780278205871582, 2.777653694152832, 2.7695069313049316, 2.757439136505127, 2.743084669113159, 2.678201198577881, 2.7430057525634766, 2.7272274494171143, 2.6913845539093018, 2.7460503578186035, 2.6428840160369873, 2.702306032180786, 2.6179776191711426, 2.5657992362976074, 2.5526537895202637, 2.513470411300659, 2.5275192260742188, 2.4011359214782715, 2.3328652381896973, 2.2667593955993652, 2.2249178886413574, 2.229360580444336, 2.1311745643615723, 2.197950839996338, 2.1097936630249023, 2.1083617210388184, 2.080615758895874, 1.9777476787567139, 2.005699872970581, 1.9563415050506592, 1.9402873516082764, 2.0192694664001465, 2.010972261428833, 2.0960440635681152, 2.0425732135772705, 1.8767601251602173, 1.8634512424468994, 1.8825162649154663, 1.6883840560913086, 1.640193223953247, 1.6394431591033936, 1.8003610372543335, 1.5803618431091309, 1.6479755640029907, 1.5710241794586182, 1.485607385635376, 1.424320936203003, 1.367948293685913, 1.2942736148834229, 1.43497633934021, 1.5108788013458252, 2.264604091644287, 1.2226994037628174, 1.5026023387908936, 1.197692632675171, 1.7586209774017334, 1.6659961938858032, 1.2394787073135376, 1.4754745960235596, 1.2213830947875977, 1.027877926826477, 1.08035147190094, 1.4923166036605835, 0.8962700963020325, 0.9948310852050781, 0.945243239402771, 1.0023508071899414, 1.377730369567871, 0.9317286610603333, 0.9472881555557251, 0.7022237181663513, 0.8107748031616211, 0.7812262773513794, 0.6910070180892944, 1.3735582828521729, 0.7522064447402954, 0.6038186550140381, 1.2165096998214722, 1.0794563293457031, 0.9764782190322876, 0.8415991067886353, 1.416648268699646, 1.3332728147506714, 1.3486225605010986, 0.8092389106750488, 1.110108494758606, 0.6454510688781738, 0.878391444683075, 0.8411760330200195, 0.5254710912704468, 0.6825004816055298, 0.6440991759300232, 0.6036640405654907, 0.5840030908584595, 0.6433886289596558, 0.4951844811439514, 0.38476139307022095, 0.3974667191505432, 0.40927618741989136, 0.4504465162754059, 0.35746321082115173, 0.5243972539901733, 0.33358559012413025, 0.33734092116355896, 0.30816635489463806, 0.29641491174697876, 0.30401811003685, 0.3304314613342285], "time_taken": 662.8064517974854, "bit_accuracy": 0.9384375}