{"n_front_dense_FE": 2, "n_front_dense_PE": 2, "n_front_dense_RxDec": 2, "state_width": 6, "n_epochs": 100, "n_additional_epochs": 10, "CFO_coef": 1, "SNR": 10, "J_list": [2.7726683616638184, 2.77374267578125, 2.8080742359161377, 2.7753846645355225, 2.778975009918213, 2.7653145790100098, 2.7647109031677246, 2.746436595916748, 2.746436357498169, 2.7206027507781982, 2.7060418128967285, 2.62461519241333, 2.5486435890197754, 2.6487529277801514, 2.438603639602661, 2.2920782566070557, 2.204282283782959, 2.1012911796569824, 1.9646552801132202, 1.7070640325546265, 2.0633888244628906, 1.8531017303466797, 1.9423472881317139, 1.952564001083374, 1.4433813095092773, 1.4721362590789795, 1.733947992324829, 1.4445574283599854, 1.33879816532135, 1.362743616104126, 1.301961898803711, 1.3089395761489868, 1.1434495449066162, 1.1407136917114258, 1.4413326978683472, 1.008174180984497, 0.8711010217666626, 0.8857309222221375, 1.2196967601776123, 0.6878736615180969, 0.7941773533821106, 0.6939388513565063, 0.678990364074707, 2.4779562950134277, 1.4005625247955322, 0.6626821756362915, 0.8023786544799805, 2.3487017154693604, 1.1931612491607666, 1.2017571926116943, 0.7982843518257141, 1.157488226890564, 0.8890256881713867, 0.8293803930282593, 0.8535369634628296, 0.7599107027053833, 0.9993525743484497, 3.015535831451416, 0.9934306144714355, 0.9805980920791626, 0.9182183146476746, 0.822356104850769, 0.8679025769233704, 1.8454145193099976, 1.6678259372711182, 0.807111382484436, 1.3587820529937744, 0.7871357798576355, 0.8783845901489258, 0.7375512719154358, 0.7228699922561646, 0.6749456524848938, 0.6989530920982361, 0.4932432174682617, 0.4307436943054199, 0.3708394467830658, 0.33885452151298523, 0.3643716275691986, 0.4827578663825989, 1.2146250009536743, 0.2738150656223297, 0.3040788769721985, 0.2607083320617676, 0.18407414853572845, 0.3859001696109772, 0.24938151240348816, 0.2777606248855591, 0.5234988927841187, 0.24740536510944366, 0.3071552813053131, 0.24673624336719513, 0.21506698429584503, 0.15989825129508972, 0.35067814588546753, 0.2549751400947571, 0.25629669427871704, 0.7333626747131348, 0.4022103250026703, 0.4338816702365875, 0.3788948059082031, 0.484854131937027, 0.1948111355304718, 0.16529789566993713, 0.19574753940105438, 0.27777549624443054, 0.16163606941699982, 0.29474472999572754, 0.1485019475221634, 0.3201494812965393, 0.11722730100154877], "time_taken": 918.046092748642, "bit_accuracy": 0.9140625000000002}