{"n_front_dense_FE": 2, "n_front_dense_PE": 2, "n_front_dense_RxDec": 2, "state_width": 2, "n_epochs": 100, "n_additional_epochs": 10, "CFO_coef": 1, "SNR": 5, "J_list": [2.772675037384033, 2.777535915374756, 2.78273344039917, 2.773597240447998, 2.7617809772491455, 2.7566967010498047, 2.8047738075256348, 2.7115721702575684, 2.695204496383667, 2.729504108428955, 2.6396303176879883, 2.6072325706481934, 2.513421058654785, 2.3445210456848145, 2.3295607566833496, 2.242264986038208, 2.123129367828369, 2.3560516834259033, 2.007103681564331, 2.364778518676758, 1.8735973834991455, 2.139378309249878, 2.0567545890808105, 2.278277635574341, 1.8058477640151978, 1.8974956274032593, 1.7550771236419678, 1.8558616638183594, 1.938598871231079, 1.712994933128357, 1.503475308418274, 1.6409416198730469, 1.5974361896514893, 1.4278526306152344, 1.3608076572418213, 1.2249746322631836, 1.2133708000183105, 1.1687971353530884, 0.9905792474746704, 1.1240307092666626, 0.9372798800468445, 0.8558367490768433, 1.0342531204223633, 0.904125988483429, 2.019958972930908, 1.0379635095596313, 0.9424535036087036, 0.9523041844367981, 1.011748194694519, 1.1104881763458252, 0.7548839449882507, 1.490794062614441, 2.1280605792999268, 1.2007837295532227, 1.2137248516082764, 1.4537416696548462, 1.1936163902282715, 0.9215691685676575, 1.107772946357727, 1.6112407445907593, 1.0054223537445068, 0.8445776104927063, 1.4223918914794922, 0.8830000162124634, 1.174492597579956, 1.234606385231018, 0.6742846965789795, 1.1842197179794312, 0.837633490562439, 0.7233889698982239, 0.7063007950782776, 0.85882169008255, 0.6369551420211792, 0.6707404851913452, 0.6138449311256409, 0.5930060148239136, 0.5654417276382446, 0.5118169784545898, 0.4346140921115875, 0.7259405255317688, 0.6464430093765259, 0.6379972696304321, 0.4158701002597809, 0.4123857617378235, 0.4565350115299225, 2.6734871864318848, 0.6918774843215942, 1.2786589860916138, 0.5384907126426697, 0.4522997736930847, 1.0185813903808594, 1.070324182510376, 0.7068870663642883, 0.5797694325447083, 0.5539931058883667, 0.610426127910614, 0.46203988790512085, 0.4702754020690918, 0.3606488108634949, 0.4216575622558594, 0.6050431132316589, 0.2907237112522125, 0.23472490906715393, 0.23532262444496155, 0.40728816390037537, 0.25017935037612915, 0.20962591469287872, 0.20079462230205536, 0.2105739563703537, 0.18269015848636627], "time_taken": 667.7135608196259, "bit_accuracy": 0.9028124999999999}