{"n_front_dense_FE": 2, "n_front_dense_PE": 2, "n_front_dense_RxDec": 2, "state_width": 4, "n_epochs": 100, "n_additional_epochs": 10, "CFO_coef": 1, "SNR": 10, "J_list": [2.7727017402648926, 2.785155773162842, 2.776050567626953, 2.7707679271698, 2.766719341278076, 2.7565581798553467, 2.75614857673645, 2.6853058338165283, 2.6840806007385254, 2.7606000900268555, 2.60762095451355, 2.566432237625122, 2.4647319316864014, 2.560209274291992, 2.778286933898926, 2.2416510581970215, 2.2746424674987793, 2.51550030708313, 2.2094860076904297, 2.161120653152466, 2.323665142059326, 1.9804553985595703, 2.0398240089416504, 1.9073231220245361, 1.771630048751831, 2.0778565406799316, 1.4494410753250122, 1.477964997291565, 1.367040753364563, 1.3494908809661865, 1.3166449069976807, 1.1528854370117188, 1.1267975568771362, 1.0300379991531372, 1.7230781316757202, 1.0799347162246704, 1.0041972398757935, 0.9067389369010925, 1.1347671747207642, 0.7472271919250488, 1.4721037149429321, 1.0577541589736938, 1.1497583389282227, 1.0094045400619507, 1.3644506931304932, 1.197251319885254, 0.9319076538085938, 1.104610800743103, 1.3294473886489868, 0.6827985644340515, 0.8375126123428345, 0.7655475735664368, 0.8890193104743958, 0.7564572095870972, 0.6446021199226379, 0.8400766253471375, 0.7580583691596985, 0.9605873823165894, 0.6616047024726868, 0.5151823163032532, 0.5436643362045288, 0.4705868661403656, 0.47820615768432617, 2.164440631866455, 0.34768134355545044, 0.5982095003128052, 0.4975719451904297, 0.731777548789978, 0.5794848203659058, 0.5536521077156067, 1.629115104675293, 0.568491518497467, 0.45022687315940857, 0.30292385816574097, 0.41860896348953247, 1.0501055717468262, 0.25633853673934937, 0.8176552057266235, 0.2008662223815918, 0.44493454694747925, 0.5378488302230835, 0.35858529806137085, 0.7899084091186523, 0.5257734656333923, 0.8049504160881042, 0.30393457412719727, 0.2489027976989746, 0.35254696011543274, 0.42373743653297424, 0.24343855679035187, 0.36846381425857544, 0.3150459825992584, 0.14570043981075287, 0.24064478278160095, 0.2929726243019104, 1.0364129543304443, 0.13434544205665588, 0.5050548315048218, 0.5353198051452637, 0.2553550899028778, 0.44476643204689026, 0.22102156281471252, 0.18634264171123505, 0.2589210569858551, 0.1264270544052124, 0.2250821590423584, 0.12437669187784195, 0.1543220579624176, 0.11409609019756317, 0.09598495066165924], "time_taken": 731.8029088973999, "bit_accuracy": 0.8659375}