{"n_front_dense_FE": 2, "n_front_dense_PE": 2, "n_front_dense_RxDec": 2, "state_width": 7, "n_epochs": 100, "n_additional_epochs": 10, "CFO_coef": 1, "SNR": 2, "J_list": [2.772789239883423, 2.7711341381073, 2.8038153648376465, 2.768214464187622, 2.764955997467041, 2.7662692070007324, 2.727599620819092, 2.7046256065368652, 2.629988670349121, 2.5648491382598877, 2.6163735389709473, 2.5860323905944824, 2.370894193649292, 2.680576801300049, 2.5113685131073, 2.2931723594665527, 2.4919650554656982, 2.7167868614196777, 2.287106990814209, 2.224029302597046, 2.114607095718384, 1.8116251230239868, 1.8944406509399414, 1.7168216705322266, 2.6974642276763916, 2.048245429992676, 1.793728232383728, 2.121473789215088, 1.788856863975525, 1.8516079187393188, 1.6272598505020142, 2.424415111541748, 1.4951159954071045, 1.7516758441925049, 1.602338194847107, 1.532431960105896, 1.4051790237426758, 1.5440471172332764, 1.2011626958847046, 1.303451418876648, 1.224818468093872, 0.9919750094413757, 1.015993356704712, 1.8637797832489014, 0.8016265630722046, 0.7349680066108704, 0.5930092930793762, 1.105631947517395, 1.6989593505859375, 1.0572248697280884, 1.2075531482696533, 0.6070380210876465, 0.5787891149520874, 0.49026617407798767, 0.7000882625579834, 2.1714160442352295, 0.8684147000312805, 0.6390211582183838, 0.5249835252761841, 0.5030434727668762, 0.47578877210617065, 0.3856210708618164, 0.3934842646121979, 0.29606831073760986, 0.864824116230011, 1.296728491783142, 0.3722694516181946, 0.5361887216567993, 0.4719583988189697, 0.30951279401779175, 0.36745789647102356, 0.40171346068382263, 0.252777636051178, 0.3262879252433777, 0.6911041140556335, 0.2631637454032898, 0.4189182221889496, 0.5451673269271851, 0.22435232996940613, 0.542228639125824, 0.3959852457046509, 0.38915079832077026, 0.2851767838001251, 0.2861916422843933, 0.34041744470596313, 0.18915389478206635, 0.3162829279899597, 0.5095871686935425, 0.31212499737739563, 0.2312573492527008, 0.19565370678901672, 0.158594012260437, 0.7160571813583374, 0.16858765482902527, 0.3053719401359558, 0.5522217750549316, 0.2991752028465271, 0.4798293113708496, 0.24524573981761932, 0.5090947151184082, 0.3119159936904907, 0.22908851504325867, 0.17132528126239777, 0.28167837858200073, 0.08789026737213135, 0.09351799637079239, 0.1265735775232315, 0.11410389840602875, 0.062235333025455475, 0.06004917621612549], "time_taken": 937.0988466739655, "bit_accuracy": 0.9559374999999999}