{"n_front_dense_FE": 2, "n_front_dense_PE": 2, "n_front_dense_RxDec": 2, "state_width": 7, "n_epochs": 100, "n_additional_epochs": 10, "CFO_coef": 1, "SNR": 1, "J_list": [2.7728118896484375, 2.7798056602478027, 2.776914119720459, 2.7950501441955566, 2.7723302841186523, 2.791381359100342, 2.767688035964966, 2.7606778144836426, 2.7294304370880127, 2.741269588470459, 2.676675319671631, 2.637517213821411, 2.685123920440674, 2.6394262313842773, 2.5903892517089844, 2.4711015224456787, 2.391808271408081, 2.2669191360473633, 2.0495312213897705, 1.8727633953094482, 1.9689209461212158, 1.6723639965057373, 2.3473472595214844, 1.5138463973999023, 1.562792420387268, 1.4589940309524536, 1.470136046409607, 1.2730246782302856, 1.1841766834259033, 1.3503737449645996, 1.532672643661499, 1.2824928760528564, 1.5053879022598267, 1.3327325582504272, 1.9064702987670898, 1.14168381690979, 1.2622363567352295, 1.3033373355865479, 1.0583051443099976, 1.1719869375228882, 1.1857621669769287, 3.0927939414978027, 1.6736475229263306, 1.3779298067092896, 1.3534224033355713, 1.6626121997833252, 1.2450543642044067, 1.987892508506775, 1.650627851486206, 1.3722344636917114, 1.3378009796142578, 1.3698976039886475, 1.2240302562713623, 1.1199449300765991, 1.063643217086792, 1.0729286670684814, 1.0073425769805908, 0.8347955942153931, 0.8682234883308411, 1.0978596210479736, 0.7704629898071289, 0.8679691553115845, 1.4779481887817383, 0.7402269840240479, 0.6695142984390259, 0.6869566440582275, 0.5869817733764648, 0.5903438925743103, 1.1679326295852661, 0.48720303177833557, 0.8574060201644897, 0.7541059255599976, 0.5852147340774536, 0.7316055297851562, 0.9462920427322388, 0.5192505717277527, 0.7987415194511414, 0.4814358651638031, 0.7061503529548645, 0.7548989653587341, 0.5829452276229858, 0.6207505464553833, 1.3877551555633545, 0.4088405668735504, 0.7182878255844116, 0.5112312436103821, 0.511992335319519, 0.44307154417037964, 0.4433002471923828, 0.4039410650730133, 0.3665986657142639, 0.3150009512901306, 0.4980234205722809, 0.6170791983604431, 0.3133191764354706, 0.33872589468955994, 0.335794597864151, 0.2896481454372406, 0.34741485118865967, 0.30531349778175354, 0.27117449045181274, 0.26829370856285095, 0.21179454028606415, 0.18583062291145325, 0.18107715249061584, 0.14480100572109222, 0.1764066219329834, 0.39280006289482117, 0.1651565283536911, 0.1408241242170334], "time_taken": 922.8269286155701, "bit_accuracy": 0.915625}