{"n_front_dense_FE": 2, "n_front_dense_PE": 2, "n_front_dense_RxDec": 2, "state_width": 6, "n_epochs": 100, "n_additional_epochs": 10, "CFO_coef": 1, "SNR": 1, "J_list": [2.7722973823547363, 2.7734217643737793, 2.7831778526306152, 2.7637815475463867, 2.750976800918579, 2.687304973602295, 2.690239429473877, 2.6784579753875732, 2.574688673019409, 2.942767381668091, 2.4239935874938965, 2.617506504058838, 2.403769016265869, 2.332301378250122, 2.237835645675659, 2.380214214324951, 2.296560764312744, 2.0989043712615967, 1.8808714151382446, 1.9266637563705444, 1.9340078830718994, 1.8923641443252563, 1.7525955438613892, 1.7068111896514893, 1.6285839080810547, 1.6274042129516602, 1.4490057229995728, 1.4177136421203613, 1.4069808721542358, 1.342722773551941, 1.119059681892395, 1.1193782091140747, 1.5991214513778687, 1.3005930185317993, 1.866807222366333, 2.651918649673462, 1.6063613891601562, 1.3990156650543213, 2.1435132026672363, 1.4056310653686523, 1.4057363271713257, 1.5244940519332886, 1.4441181421279907, 1.5016454458236694, 1.7509483098983765, 1.5343449115753174, 1.3468952178955078, 1.3421608209609985, 1.4782438278198242, 1.2577370405197144, 1.1398731470108032, 1.077302098274231, 1.2843017578125, 1.2608088254928589, 1.0382946729660034, 1.0261787176132202, 0.8929201364517212, 0.7956646084785461, 0.7432013750076294, 0.7641493082046509, 0.6028798818588257, 0.5890417098999023, 2.4080488681793213, 0.8350034952163696, 0.9932324290275574, 0.7842080593109131, 0.6330568194389343, 0.8432924151420593, 0.6299511790275574, 1.584259033203125, 0.7130575180053711, 0.724206805229187, 0.707198441028595, 0.5781849026679993, 0.7277041673660278, 0.6162969470024109, 0.6210179924964905, 1.0482919216156006, 0.5865620374679565, 0.874781608581543, 0.6896175146102905, 0.7463594675064087, 0.5217229723930359, 0.7708584666252136, 0.9476011395454407, 0.82783043384552, 0.694581151008606, 0.7557269334793091, 1.135244369506836, 0.4727940559387207, 0.45385655760765076, 0.6690148115158081, 0.5513367056846619, 0.41920632123947144, 0.7615303993225098, 0.4461895525455475, 0.3937036991119385, 0.5790249109268188, 0.3189924359321594, 0.37895330786705017, 1.8190233707427979, 0.3978928029537201, 0.3241809010505676, 0.3568498194217682, 0.3142824172973633, 0.33999985456466675, 0.33029842376708984, 0.32563090324401855, 0.2704438269138336, 0.3190876543521881], "time_taken": 898.1895318031311, "bit_accuracy": 0.8790624999999999}