{"n_front_dense_FE": 2, "n_front_dense_PE": 2, "n_front_dense_RxDec": 2, "state_width": 5, "n_epochs": 100, "n_additional_epochs": 10, "CFO_coef": 1, "SNR": 10, "J_list": [2.772843837738037, 2.782914400100708, 2.769439697265625, 2.759791851043701, 2.7586679458618164, 2.761153221130371, 2.806663990020752, 2.6792471408843994, 2.6539225578308105, 2.6502561569213867, 2.5504205226898193, 2.3680551052093506, 2.330737829208374, 2.1358542442321777, 2.0568060874938965, 2.1047139167785645, 1.6454483270645142, 1.571580171585083, 1.8331623077392578, 1.4060628414154053, 1.8116668462753296, 1.5379762649536133, 1.2944796085357666, 1.6555677652359009, 1.231398582458496, 1.3625085353851318, 1.3565527200698853, 1.1908869743347168, 1.216436505317688, 1.537388801574707, 1.8739013671875, 1.1965469121932983, 1.0520102977752686, 1.1427252292633057, 1.0931743383407593, 0.8596922159194946, 0.964342474937439, 0.8609519004821777, 0.7147959470748901, 2.6753182411193848, 0.9640447497367859, 1.1691064834594727, 1.3378159999847412, 1.0294979810714722, 1.0430445671081543, 1.2926928997039795, 0.9603287577629089, 0.9117240905761719, 1.1379941701889038, 1.4218111038208008, 0.8620597720146179, 1.00313401222229, 0.8882600665092468, 1.4832675457000732, 0.9110441207885742, 0.9425767064094543, 0.8377302289009094, 0.6886439323425293, 0.7177868485450745, 2.4029769897460938, 0.9771028757095337, 0.9793316125869751, 0.8682311177253723, 0.690391480922699, 0.5151996612548828, 0.4747989773750305, 0.6762086153030396, 0.5636691451072693, 0.5172120332717896, 0.36372607946395874, 0.32820558547973633, 0.37669700384140015, 1.0633151531219482, 0.5351831316947937, 0.3920806348323822, 0.3227030038833618, 0.9962149858474731, 0.34871187806129456, 0.470158189535141, 0.7401996850967407, 0.32610541582107544, 1.3943016529083252, 0.48993754386901855, 0.36666005849838257, 0.6710236668586731, 0.26022255420684814, 0.2676161825656891, 0.35593166947364807, 0.42030543088912964, 0.3725907802581787, 0.3132004141807556, 0.396357923746109, 0.3205672800540924, 0.19721916317939758, 0.20401373505592346, 0.18252626061439514, 0.4788021445274353, 0.2665036618709564, 0.18894793093204498, 0.11655733734369278, 0.45568838715553284, 0.10379129648208618, 0.12950149178504944, 0.13383319973945618, 0.10387740284204483, 0.10790208727121353, 0.39918771386146545, 0.10896651446819305, 0.07386066019535065, 0.08258827030658722], "time_taken": 878.750593662262, "bit_accuracy": 0.9275}