{"n_front_dense_FE": 2, "n_front_dense_PE": 2, "n_front_dense_RxDec": 2, "state_width": 8, "n_epochs": 100, "n_additional_epochs": 10, "CFO_coef": 1, "SNR": 3, "J_list": [2.772233247756958, 2.8032290935516357, 2.771477460861206, 2.7683303356170654, 2.767021894454956, 2.7676124572753906, 2.775487184524536, 2.685753583908081, 2.7413737773895264, 2.578878879547119, 2.405937910079956, 2.5002810955047607, 2.383732318878174, 2.7887046337127686, 1.9848581552505493, 2.018582820892334, 1.7559502124786377, 1.7462555170059204, 2.7112908363342285, 2.0585036277770996, 1.5250800848007202, 1.7505048513412476, 1.3759193420410156, 1.5106377601623535, 1.468947410583496, 1.3089746236801147, 1.4081509113311768, 1.0282841920852661, 1.8423748016357422, 1.244175910949707, 1.1111102104187012, 1.407571792602539, 0.8219808340072632, 0.7399682402610779, 1.6106441020965576, 1.5331157445907593, 0.9199800491333008, 0.6652255654335022, 0.7816449403762817, 0.5636152029037476, 1.1365123987197876, 1.018020510673523, 0.5709162950515747, 1.0255216360092163, 0.6026961207389832, 0.5387375950813293, 0.6704283952713013, 0.428605854511261, 0.41951799392700195, 0.5391619801521301, 0.39758798480033875, 0.4512634873390198, 0.47870659828186035, 0.5372173190116882, 0.23230881989002228, 0.2666707932949066, 2.0865495204925537, 0.46138253808021545, 1.0067192316055298, 0.49572545289993286, 0.9391639828681946, 0.7391315698623657, 0.5474635362625122, 0.46965160965919495, 1.5250359773635864, 0.39561620354652405, 0.25364384055137634, 0.257317453622818, 0.28615236282348633, 0.5932677388191223, 0.3380421996116638, 0.3682084083557129, 0.3544672131538391, 0.48372191190719604, 0.24401263892650604, 0.32143983244895935, 0.8043320775032043, 0.4140337109565735, 0.3138106167316437, 0.24961814284324646, 0.24756602942943573, 0.2587346136569977, 0.19399157166481018, 0.15135407447814941, 0.15286211669445038, 0.16848871111869812, 0.6117562055587769, 0.1967591941356659, 0.2826825976371765, 0.1632191240787506, 0.12051556259393692, 0.11408963054418564, 0.11544845253229141, 0.3514300286769867, 0.34818869829177856, 0.22859516739845276, 0.1433723270893097, 0.15074396133422852, 0.2152632474899292, 1.9193694591522217, 0.5354059338569641, 0.6804491281509399, 0.1415882706642151, 0.3086089491844177, 0.07370752096176147, 0.09431418776512146, 0.18845990300178528, 0.10935197025537491, 0.09374885261058807, 0.11290872097015381], "time_taken": 751.5408368110657, "bit_accuracy": 0.9075}