{"n_front_dense_FE": 2, "n_front_dense_PE": 2, "n_front_dense_RxDec": 2, "state_width": 0, "n_epochs": 100, "n_additional_epochs": 10, "CFO_coef": 1, "SNR": 3, "J_list": [2.7725894451141357, 2.772700786590576, 2.772064447402954, 2.7739226818084717, 2.773240089416504, 2.7719504833221436, 2.7709412574768066, 2.7720565795898438, 2.7768237590789795, 2.768744468688965, 2.774169445037842, 2.7717411518096924, 2.77142596244812, 2.776522159576416, 2.771883726119995, 2.77402925491333, 2.7709555625915527, 2.7729992866516113, 2.771643877029419, 2.7750091552734375, 2.773871898651123, 2.7744483947753906, 2.777569055557251, 2.7732274532318115, 2.7743542194366455, 2.7739791870117188, 2.774467945098877, 2.7714171409606934, 2.7782058715820312, 2.77653431892395, 2.7723212242126465, 2.7720634937286377, 2.7717983722686768, 2.7751832008361816, 2.772866725921631, 2.772000551223755, 2.773277997970581, 2.774421453475952, 2.774034023284912, 2.7696642875671387, 2.7728805541992188, 2.7722363471984863, 2.773862600326538, 2.773510217666626, 2.7745373249053955, 2.7721080780029297, 2.7776637077331543, 2.7746646404266357, 2.7740657329559326, 2.7732787132263184, 2.7728817462921143, 2.7701802253723145, 2.7722651958465576, 2.772439956665039, 2.773627281188965, 2.7730367183685303, 2.7730822563171387, 2.7723827362060547, 2.7712864875793457, 2.772765636444092, 2.772444009780884, 2.773791551589966, 2.7712090015411377, 2.771481990814209, 2.7725720405578613, 2.7729601860046387, 2.7724621295928955, 2.771833896636963, 2.7748377323150635, 2.771456241607666, 2.776527166366577, 2.775315046310425, 2.773113250732422, 2.7736735343933105, 2.773993730545044, 2.768986463546753, 2.774768829345703, 2.774820327758789, 2.7729859352111816, 2.7751400470733643, 2.7745890617370605, 2.7753376960754395, 2.7749717235565186, 2.7759792804718018, 2.772986888885498, 2.7708182334899902, 2.7735581398010254, 2.7744240760803223, 2.774104356765747, 2.7715086936950684, 2.7726850509643555, 2.774644136428833, 2.773102283477783, 2.7742106914520264, 2.7713139057159424, 2.7726588249206543, 2.7724461555480957, 2.7742323875427246, 2.77585506439209, 2.773568868637085, 2.7732796669006348, 2.778317928314209, 2.7747557163238525, 2.77435564994812, 2.771352767944336, 2.7753138542175293, 2.7737553119659424, 2.777819871902466, 2.772841215133667, 2.7744781970977783], "time_taken": 592.8270506858826, "bit_accuracy": 0.0634375}