{"n_front_dense_FE": 2, "n_front_dense_PE": 2, "n_front_dense_RxDec": 2, "state_width": 3, "n_epochs": 100, "n_additional_epochs": 10, "CFO_coef": 1, "SNR": 4, "J_list": [2.773074150085449, 2.787601947784424, 2.775888204574585, 2.773475408554077, 2.7814278602600098, 2.766535520553589, 2.764981508255005, 2.7628753185272217, 2.7742340564727783, 2.7277824878692627, 2.659515857696533, 2.7016756534576416, 2.9536023139953613, 2.524198532104492, 2.55659556388855, 2.5758957862854004, 2.4969143867492676, 2.3835296630859375, 2.356386661529541, 2.9268295764923096, 2.909968614578247, 2.3188681602478027, 2.3900911808013916, 2.548675060272217, 2.496760606765747, 2.470916271209717, 2.4012703895568848, 2.3365464210510254, 2.3261160850524902, 2.4815750122070312, 2.336958646774292, 2.2751760482788086, 2.2592720985412598, 2.38458514213562, 2.4660093784332275, 2.190748453140259, 2.2395102977752686, 2.1527140140533447, 2.066025972366333, 2.094188690185547, 2.048116683959961, 2.084362506866455, 1.9878915548324585, 1.985835313796997, 1.8767954111099243, 1.9226198196411133, 1.8182475566864014, 1.8574445247650146, 1.773277997970581, 1.6895698308944702, 2.0848171710968018, 1.7911924123764038, 1.732073187828064, 1.5649113655090332, 1.6010490655899048, 1.749444603919983, 1.7914202213287354, 1.707108736038208, 2.5618648529052734, 1.9416942596435547, 2.739201784133911, 2.2976698875427246, 2.1132240295410156, 1.7377640008926392, 1.7754977941513062, 1.8430852890014648, 1.8213913440704346, 2.294330596923828, 1.6358692646026611, 1.6664752960205078, 1.7157351970672607, 1.7051570415496826, 1.7567325830459595, 1.6853145360946655, 1.5916284322738647, 1.604753851890564, 1.567827582359314, 1.4967029094696045, 1.7724778652191162, 1.4772367477416992, 1.4414002895355225, 1.3889118432998657, 1.2826197147369385, 1.3148396015167236, 2.8240153789520264, 1.3383679389953613, 1.7550643682479858, 1.1601002216339111, 1.1387226581573486, 1.3569726943969727, 1.304687261581421, 1.3213603496551514, 1.2162034511566162, 1.1227551698684692, 1.0838820934295654, 1.1847715377807617, 0.9995551109313965, 1.0255200862884521, 1.0274085998535156, 0.9114121198654175, 0.8424270749092102, 0.894483208656311, 1.3631762266159058, 0.9754093885421753, 1.8442777395248413, 1.2056773900985718, 0.9018844366073608, 0.9125145673751831, 0.916854977607727, 0.9309748411178589], "time_taken": 868.4077215194702, "bit_accuracy": 0.5825}