{"n_front_dense_FE": 2, "n_front_dense_PE": 2, "n_front_dense_RxDec": 2, "state_width": 2, "n_epochs": 100, "n_additional_epochs": 10, "CFO_coef": 1, "SNR": 6, "J_list": [2.7727630138397217, 2.7807106971740723, 2.757053852081299, 2.7536988258361816, 2.758164167404175, 2.787397861480713, 2.731231212615967, 2.737236738204956, 2.6899571418762207, 2.732299566268921, 2.672292947769165, 2.6135671138763428, 2.697481870651245, 2.598978042602539, 2.544616460800171, 2.448254108428955, 2.496805191040039, 2.4101059436798096, 2.761209487915039, 2.326767683029175, 2.660639762878418, 2.3893282413482666, 2.294038772583008, 2.412632465362549, 2.312227964401245, 2.323734760284424, 2.170947551727295, 2.1404361724853516, 2.007293701171875, 2.36582612991333, 2.0092692375183105, 1.9766511917114258, 2.2480998039245605, 1.8805859088897705, 1.7341334819793701, 1.9288311004638672, 1.8322117328643799, 1.6008083820343018, 1.426690697669983, 1.4761003255844116, 1.3966925144195557, 1.5981969833374023, 1.4820098876953125, 1.418953537940979, 1.5981847047805786, 1.3244268894195557, 1.3142566680908203, 1.2799981832504272, 1.5204654932022095, 1.5747063159942627, 1.408180594444275, 1.6703662872314453, 1.3187810182571411, 1.2241140604019165, 1.2347261905670166, 1.159377098083496, 1.0883681774139404, 1.0071542263031006, 1.0081514120101929, 2.0952107906341553, 1.0746186971664429, 0.97614586353302, 0.9009897112846375, 0.9892705678939819, 1.505707025527954, 1.0529221296310425, 0.9341115951538086, 1.8654283285140991, 1.2744786739349365, 1.0339291095733643, 0.8936483263969421, 0.7484205365180969, 1.0040032863616943, 0.9678270220756531, 0.8460392951965332, 0.704426646232605, 0.8652083277702332, 0.6280511617660522, 0.6776202321052551, 0.6423693895339966, 0.9347546696662903, 0.6730872392654419, 0.5576326251029968, 0.5756699442863464, 0.5205913782119751, 0.3692871332168579, 0.39846789836883545, 0.3280867338180542, 0.3502877652645111, 0.4117199778556824, 0.27674493193626404, 0.25109073519706726, 0.5289368629455566, 0.265262633562088, 0.3171693980693817, 0.28734052181243896, 0.22323469817638397, 0.5230764150619507, 0.41819992661476135, 0.5695067644119263, 0.39502134919166565, 2.2669594287872314, 0.27639275789260864, 0.3349599242210388, 0.15208075940608978, 0.2511241137981415, 0.172317773103714, 0.2637409269809723, 0.11338233947753906, 0.12935149669647217], "time_taken": 670.189197063446, "bit_accuracy": 0.9550000000000001}