{"n_front_dense_FE": 2, "n_front_dense_PE": 2, "n_front_dense_RxDec": 2, "state_width": 8, "n_epochs": 100, "n_additional_epochs": 10, "CFO_coef": 1, "SNR": 10, "J_list": [2.7722954750061035, 2.781663417816162, 2.7706503868103027, 2.7611544132232666, 2.7358481884002686, 2.6348814964294434, 2.5277373790740967, 2.925015926361084, 2.840378761291504, 2.8122718334198, 2.510063886642456, 2.5941267013549805, 2.5626816749572754, 2.5690531730651855, 2.7924959659576416, 2.7041850090026855, 2.5160164833068848, 2.4519906044006348, 2.3890814781188965, 2.6196861267089844, 2.225970506668091, 2.414942502975464, 2.0335490703582764, 1.8680229187011719, 2.030858039855957, 2.055985689163208, 1.6894915103912354, 2.4113731384277344, 1.9161412715911865, 1.7288089990615845, 1.317204236984253, 1.51568603515625, 1.3716453313827515, 1.411992073059082, 1.0478626489639282, 2.426030397415161, 1.2001889944076538, 1.125812292098999, 1.1388381719589233, 1.390440583229065, 1.3352830410003662, 0.9814451336860657, 0.7854019403457642, 1.1417043209075928, 0.8942108154296875, 0.7460132241249084, 0.5610062479972839, 0.534325122833252, 0.598387598991394, 1.0221507549285889, 0.5885255336761475, 0.5015394687652588, 0.47078174352645874, 0.7187296152114868, 1.260255217552185, 0.8235749006271362, 0.9236540794372559, 0.5001891255378723, 0.7512878775596619, 0.47919216752052307, 0.7909148931503296, 0.7849760055541992, 0.5827219486236572, 0.575569212436676, 0.4984293580055237, 0.42098721861839294, 0.57346510887146, 1.0754435062408447, 0.9201236963272095, 0.5559833645820618, 0.5169705748558044, 0.8928661346435547, 0.7646894454956055, 0.44624170660972595, 0.4570621848106384, 0.7999408841133118, 0.33123183250427246, 0.6790461540222168, 0.32294169068336487, 0.33924150466918945, 0.30823463201522827, 0.41281548142433167, 0.2492780238389969, 0.2419683039188385, 0.2789810299873352, 0.7025723457336426, 0.42688193917274475, 0.2259003221988678, 0.23941564559936523, 0.17569062113761902, 0.15064844489097595, 0.15617462992668152, 0.2896167039871216, 0.2590083181858063, 0.20359361171722412, 0.2211161106824875, 0.1975327432155609, 0.15821006894111633, 0.14294329285621643, 0.9668574333190918, 0.45735102891921997, 0.2401435822248459, 0.09737373888492584, 0.08263976871967316, 0.17090432345867157, 0.2715853154659271, 0.10077325999736786, 0.1270793229341507, 0.0773855596780777, 0.07795876264572144], "time_taken": 836.3338034152985, "bit_accuracy": 0.9281250000000002}