{"n_front_dense_FE": 2, "n_front_dense_PE": 2, "n_front_dense_RxDec": 2, "state_width": 0, "n_epochs": 100, "n_additional_epochs": 10, "CFO_coef": 1, "SNR": 6, "J_list": [2.7725894451141357, 2.77232027053833, 2.773317813873291, 2.7715859413146973, 2.771996021270752, 2.774205446243286, 2.7723984718322754, 2.771284818649292, 2.774888515472412, 2.77270770072937, 2.7750844955444336, 2.773176670074463, 2.7732505798339844, 2.772947311401367, 2.7676968574523926, 2.77532958984375, 2.7758750915527344, 2.775843858718872, 2.7705116271972656, 2.773771286010742, 2.7756781578063965, 2.7717881202697754, 2.770576000213623, 2.7766928672790527, 2.769599199295044, 2.772869825363159, 2.7699027061462402, 2.7720866203308105, 2.778372287750244, 2.7688701152801514, 2.7726025581359863, 2.771611452102661, 2.7713348865509033, 2.772843360900879, 2.7709574699401855, 2.769784450531006, 2.7758193016052246, 2.7734975814819336, 2.7736194133758545, 2.7727255821228027, 2.7749879360198975, 2.774139642715454, 2.7730822563171387, 2.773770809173584, 2.7728018760681152, 2.7763051986694336, 2.7680602073669434, 2.7745120525360107, 2.7700960636138916, 2.7699108123779297, 2.772944688796997, 2.7740635871887207, 2.7697668075561523, 2.7683067321777344, 2.776949405670166, 2.771730422973633, 2.7727062702178955, 2.7716221809387207, 2.772139310836792, 2.7704098224639893, 2.773261070251465, 2.7755379676818848, 2.7763447761535645, 2.774550676345825, 2.772160053253174, 2.772740125656128, 2.773632764816284, 2.775670289993286, 2.77360200881958, 2.7739124298095703, 2.774031162261963, 2.7723028659820557, 2.7714085578918457, 2.7785372734069824, 2.7720084190368652, 2.7726712226867676, 2.7701687812805176, 2.772014617919922, 2.775299072265625, 2.7746219635009766, 2.769475221633911, 2.770836353302002, 2.7715141773223877, 2.7740795612335205, 2.7737812995910645, 2.772134780883789, 2.7708842754364014, 2.7742514610290527, 2.7743406295776367, 2.7739741802215576, 2.7758917808532715, 2.7747979164123535, 2.771427869796753, 2.770524263381958, 2.7724967002868652, 2.7757580280303955, 2.772735595703125, 2.7751078605651855, 2.7727105617523193, 2.773547649383545, 2.774290084838867, 2.7720940113067627, 2.773886203765869, 2.7740108966827393, 2.7721304893493652, 2.7723841667175293, 2.7733988761901855, 2.77323579788208, 2.774634599685669, 2.770998954772949], "time_taken": 643.0483734607697, "bit_accuracy": 0.06000000000000001}