{"n_front_dense_FE": 2, "n_front_dense_PE": 2, "n_front_dense_RxDec": 2, "state_width": 5, "n_epochs": 100, "n_additional_epochs": 10, "CFO_coef": 1, "SNR": 4, "J_list": [2.7729296684265137, 2.7886171340942383, 2.781520128250122, 2.778224229812622, 2.7647101879119873, 2.7603096961975098, 2.764106035232544, 2.7717952728271484, 2.7692809104919434, 2.7051169872283936, 2.7129428386688232, 2.626953601837158, 2.5137832164764404, 2.5552797317504883, 2.576202869415283, 2.6165771484375, 2.2303786277770996, 2.3603949546813965, 2.260197877883911, 2.061802625656128, 1.9431072473526, 2.3759615421295166, 2.1604485511779785, 1.7153772115707397, 2.080862522125244, 1.8717374801635742, 1.687453031539917, 1.590742826461792, 1.600604772567749, 1.5168392658233643, 1.6376104354858398, 1.3676568269729614, 1.2858564853668213, 1.566476583480835, 1.1106077432632446, 1.1630935668945312, 1.0431443452835083, 1.6458696126937866, 0.9749972224235535, 0.9831245541572571, 0.8458875417709351, 0.9946282505989075, 0.95965176820755, 0.8817653656005859, 0.7330626249313354, 2.406989812850952, 0.9711815118789673, 1.2612360715866089, 0.7695692777633667, 0.9339300394058228, 1.1880652904510498, 0.8807489275932312, 0.7940493822097778, 0.9112468957901001, 0.9011939764022827, 0.9139481782913208, 1.0827467441558838, 0.9642796516418457, 0.7361974716186523, 1.2523689270019531, 0.8127900958061218, 0.7187072038650513, 0.7651442885398865, 0.7204486131668091, 0.6310141086578369, 0.7348531484603882, 0.7549763321876526, 1.2744300365447998, 1.0820635557174683, 0.6835392713546753, 1.08551824092865, 0.6294411420822144, 0.5945717096328735, 0.5527595281600952, 0.6349062919616699, 1.433092713356018, 0.4781215190887451, 0.564906895160675, 1.0373191833496094, 0.4731064438819885, 0.4628496766090393, 0.4776146411895752, 0.42666083574295044, 0.41950997710227966, 1.1845743656158447, 0.5694459676742554, 0.6391059160232544, 0.453744500875473, 0.7990681529045105, 0.571182370185852, 0.6736255288124084, 0.46958550810813904, 0.48692092299461365, 0.47098103165626526, 0.4600280225276947, 0.5108978152275085, 1.1419377326965332, 0.6864744424819946, 0.8552217483520508, 0.5043262243270874, 0.44902142882347107, 0.785688042640686, 0.32037052512168884, 0.30754321813583374, 0.3526095449924469, 0.45677584409713745, 0.5480430722236633, 0.4087750017642975, 0.3361620306968689, 0.2691780626773834], "time_taken": 934.7976305484772, "bit_accuracy": 0.8540625000000001}