{"n_front_dense_FE": 2, "n_front_dense_PE": 2, "n_front_dense_RxDec": 2, "state_width": 6, "n_epochs": 100, "n_additional_epochs": 10, "CFO_coef": 1, "SNR": 6, "J_list": [2.7728352546691895, 2.788022994995117, 2.769287586212158, 2.7753665447235107, 2.7598204612731934, 2.7316060066223145, 2.6988844871520996, 2.6372361183166504, 2.581374406814575, 2.968508243560791, 2.366237163543701, 2.295745372772217, 2.065474033355713, 2.2911574840545654, 2.0203568935394287, 2.794067859649658, 2.4755988121032715, 1.9821841716766357, 1.7784297466278076, 2.16794753074646, 1.7284590005874634, 2.0234124660491943, 1.722633719444275, 1.8243236541748047, 1.7831233739852905, 1.8021644353866577, 1.7196247577667236, 1.570067286491394, 1.5427335500717163, 1.3835489749908447, 1.5688436031341553, 1.690683126449585, 1.416152000427246, 1.4404789209365845, 1.0947808027267456, 1.1623642444610596, 2.060213088989258, 1.0082032680511475, 1.0510859489440918, 1.1258236169815063, 0.9097191095352173, 1.4756609201431274, 0.8678218722343445, 1.4046070575714111, 1.2685823440551758, 1.138953685760498, 0.8773274421691895, 0.7742326855659485, 0.9979606866836548, 0.9001782536506653, 0.9158064126968384, 1.738446593284607, 0.713512122631073, 0.6216160655021667, 0.8688116073608398, 0.990534782409668, 0.7009170055389404, 0.6042739748954773, 0.7948102951049805, 0.5051043033599854, 0.6298316717147827, 0.6487072110176086, 0.4098259508609772, 0.6384211778640747, 0.516612708568573, 0.5097726583480835, 0.4001326560974121, 0.32839876413345337, 0.2311469316482544, 0.28296154737472534, 0.3687322437763214, 0.3221476674079895, 0.35714849829673767, 0.19757211208343506, 0.30350130796432495, 0.7072209119796753, 0.29687637090682983, 0.2801898121833801, 0.19913841784000397, 0.7493265271186829, 0.24124331772327423, 0.8244714736938477, 0.25959691405296326, 0.34075304865837097, 0.3987700641155243, 0.29831838607788086, 0.2380351722240448, 0.2748636305332184, 0.19404813647270203, 0.3554782271385193, 0.39138370752334595, 0.23996560275554657, 1.4656541347503662, 1.8226864337921143, 0.5228770971298218, 1.096935510635376, 0.4712945818901062, 0.4043814539909363, 0.6129192113876343, 0.9069156646728516, 0.49620184302330017, 0.32713884115219116, 0.29292482137680054, 0.28579947352409363, 1.0500500202178955, 0.20980441570281982, 0.21130332350730896, 0.2373688519001007, 0.19504427909851074, 0.18727470934391022], "time_taken": 918.0148220062256, "bit_accuracy": 0.9087500000000001}