{"n_front_dense_FE": 2, "n_front_dense_PE": 2, "n_front_dense_RxDec": 2, "state_width": 7, "n_epochs": 100, "n_additional_epochs": 10, "CFO_coef": 1, "SNR": 6, "J_list": [2.771859645843506, 2.8050055503845215, 2.7799293994903564, 2.777137279510498, 2.78926420211792, 2.7720329761505127, 2.7750558853149414, 2.7690839767456055, 2.7736408710479736, 2.764782190322876, 2.763920307159424, 2.748403549194336, 2.7210001945495605, 2.74666166305542, 2.6884427070617676, 2.757662296295166, 2.6649868488311768, 2.617605209350586, 2.6405158042907715, 2.5305933952331543, 2.4781126976013184, 2.3959784507751465, 2.335897207260132, 2.502288341522217, 2.29402494430542, 2.1891472339630127, 2.2668185234069824, 2.2120354175567627, 2.2002296447753906, 2.1613991260528564, 2.054605007171631, 2.179933786392212, 2.063053607940674, 1.988745093345642, 1.8615162372589111, 1.924398422241211, 1.939934492111206, 1.761347770690918, 1.7393229007720947, 1.7482751607894897, 1.6897375583648682, 1.600313425064087, 1.7363792657852173, 1.6608222723007202, 1.602234125137329, 1.616971731185913, 1.2685922384262085, 1.513188123703003, 1.2899259328842163, 1.151206374168396, 1.0562937259674072, 1.0887620449066162, 1.3820737600326538, 1.1417691707611084, 1.7633270025253296, 1.097887635231018, 2.1846225261688232, 1.1414082050323486, 1.5611680746078491, 1.4465895891189575, 1.3510377407073975, 1.2411421537399292, 1.236067533493042, 1.1138546466827393, 1.1171391010284424, 1.3969160318374634, 1.2639836072921753, 1.1035423278808594, 1.1455663442611694, 1.2094602584838867, 0.9286382794380188, 1.0475648641586304, 0.9540184140205383, 0.9025279879570007, 0.8066291809082031, 0.8171640634536743, 1.2081379890441895, 0.6582622528076172, 0.7660030126571655, 0.5980666875839233, 0.7000093460083008, 0.48498719930648804, 0.5843642950057983, 1.166475534439087, 0.5533429384231567, 1.8189213275909424, 0.5818983912467957, 0.5235938429832458, 0.7643575668334961, 0.4651595652103424, 0.43023681640625, 0.5133925080299377, 0.33451831340789795, 0.9650384187698364, 0.4539669156074524, 0.3867347836494446, 0.5097271203994751, 0.37453439831733704, 0.3014577031135559, 0.27449411153793335, 0.18714900314807892, 0.17970822751522064, 0.3219681680202484, 0.17217452824115753, 0.10878737270832062, 0.25922635197639465, 0.2762089669704437, 0.20499029755592346, 0.2582157254219055, 0.11468436568975449], "time_taken": 962.8350095748901, "bit_accuracy": 0.9240625}