{"n_front_dense_FE": 2, "n_front_dense_PE": 2, "n_front_dense_RxDec": 2, "state_width": 5, "n_epochs": 100, "n_additional_epochs": 10, "CFO_coef": 1, "SNR": 3, "J_list": [2.7730369567871094, 2.782186508178711, 2.7889857292175293, 2.762617588043213, 2.7628509998321533, 2.726949691772461, 2.7949326038360596, 2.629539966583252, 2.6780059337615967, 2.573619842529297, 2.4785618782043457, 2.447025775909424, 2.227773904800415, 2.4561378955841064, 2.556488513946533, 2.044276237487793, 1.954729437828064, 2.1592369079589844, 1.7703291177749634, 1.751286268234253, 1.5645554065704346, 1.4484684467315674, 1.605730414390564, 1.1278514862060547, 1.013871431350708, 2.6225132942199707, 1.0045483112335205, 1.035638451576233, 1.0045166015625, 0.9057945013046265, 1.015155553817749, 0.7750300168991089, 0.9768859148025513, 1.453088641166687, 0.7388632297515869, 0.7531583309173584, 0.643473744392395, 1.2380695343017578, 0.7780707478523254, 0.9313085675239563, 1.2789208889007568, 0.7271745800971985, 0.9511134028434753, 0.5615086555480957, 0.7007664442062378, 0.40774017572402954, 0.4671103358268738, 0.4477677345275879, 0.4510175287723541, 0.40564194321632385, 0.3801007568836212, 0.5157373547554016, 0.3299345374107361, 0.28046712279319763, 0.20224249362945557, 0.3017944097518921, 0.26421236991882324, 0.4052957594394684, 0.235012486577034, 0.47768473625183105, 0.28668975830078125, 0.25393611192703247, 0.4973737597465515, 0.4505239427089691, 0.20250065624713898, 0.2918011546134949, 0.37558212876319885, 2.4686026573181152, 0.6929899454116821, 0.8856208920478821, 0.3865823745727539, 0.697675883769989, 1.1593878269195557, 0.38644880056381226, 0.6288371682167053, 0.45563870668411255, 0.693655252456665, 0.41074323654174805, 1.2374522686004639, 0.399778813123703, 0.4689905047416687, 0.5100840330123901, 0.2962125539779663, 0.2860671877861023, 2.4155545234680176, 0.36720794439315796, 0.45247745513916016, 1.3932470083236694, 0.37605008482933044, 1.3979049921035767, 0.38548433780670166, 0.5623326301574707, 0.4661891460418701, 0.30785518884658813, 0.3458581864833832, 1.512807846069336, 0.38402262330055237, 0.5036254525184631, 0.4030682146549225, 0.6792768239974976, 0.2333931028842926, 0.3678860366344452, 0.2545636296272278, 0.5103168487548828, 0.12770840525627136, 0.1453859508037567, 0.12398362159729004, 0.10568702220916748, 0.09006103873252869, 0.18630221486091614], "time_taken": 1055.812397480011, "bit_accuracy": 0.974375}