{"n_front_dense_FE": 2, "n_front_dense_PE": 2, "n_front_dense_RxDec": 2, "state_width": 7, "n_epochs": 100, "n_additional_epochs": 10, "CFO_coef": 1, "SNR": 10, "J_list": [2.7729992866516113, 2.781942129135132, 2.775533437728882, 2.7768752574920654, 2.7713303565979004, 2.7452943325042725, 2.769392490386963, 2.7626736164093018, 2.7314727306365967, 2.7073066234588623, 2.6220812797546387, 2.5084681510925293, 2.420792818069458, 2.2209835052490234, 2.4730541706085205, 2.38786244392395, 2.576669216156006, 2.0789241790771484, 1.936945915222168, 1.8696820735931396, 1.7339870929718018, 1.8856489658355713, 1.6891162395477295, 1.346937894821167, 1.4273407459259033, 1.4667377471923828, 1.0379139184951782, 1.2032592296600342, 2.117027997970581, 1.872490644454956, 1.5727108716964722, 1.00192391872406, 2.0961363315582275, 1.282098412513733, 1.134164571762085, 0.9280868768692017, 1.0145889520645142, 0.8986401557922363, 2.0272698402404785, 0.7932143211364746, 0.9101050496101379, 0.7606403231620789, 0.7242018580436707, 0.6357136964797974, 0.6267637014389038, 0.6081099510192871, 0.9485214948654175, 0.5087076425552368, 0.5503541827201843, 1.7702579498291016, 0.797376275062561, 0.6948986053466797, 0.543444037437439, 0.578503429889679, 0.7011197805404663, 0.5917700529098511, 0.5056395530700684, 0.42248964309692383, 0.4510778486728668, 2.304640293121338, 0.46794557571411133, 0.49941524863243103, 0.527205228805542, 0.42124852538108826, 0.3867711126804352, 0.3266962766647339, 0.2936500608921051, 0.3111630082130432, 0.6830960512161255, 0.32447847723960876, 0.2341742217540741, 0.43230152130126953, 0.22733859717845917, 2.12414813041687, 0.5653616786003113, 0.6339606046676636, 0.229289248585701, 0.256572425365448, 0.32495278120040894, 0.7791520357131958, 0.33136647939682007, 0.3098708987236023, 0.22896595299243927, 0.24000880122184753, 1.0099856853485107, 0.24326565861701965, 0.206638902425766, 0.17130354046821594, 0.1466488093137741, 0.1771465539932251, 0.4784336984157562, 0.13901109993457794, 0.22261682152748108, 0.579908013343811, 0.3266640603542328, 0.21472787857055664, 0.22041770815849304, 0.14202137291431427, 0.6469535827636719, 0.17554554343223572, 0.40366965532302856, 0.07440375536680222, 0.12267835438251495, 0.6881601214408875, 0.1495092362165451, 0.07267198711633682, 0.09404667466878891, 0.09411325305700302, 0.04250422865152359, 0.041648466140031815], "time_taken": 809.4953498840332, "bit_accuracy": 0.9565625000000001}