{"n_front_dense_FE": 2, "n_front_dense_PE": 2, "n_front_dense_RxDec": 2, "state_width": 5, "n_epochs": 100, "n_additional_epochs": 10, "CFO_coef": 1, "SNR": 6, "J_list": [2.773503065109253, 2.7747859954833984, 2.7790868282318115, 2.7722506523132324, 2.7841601371765137, 2.773048162460327, 2.756326198577881, 2.7719902992248535, 2.723811626434326, 2.6341278553009033, 2.6194777488708496, 2.575989246368408, 2.5221855640411377, 2.330620527267456, 2.337815523147583, 2.5123188495635986, 2.3442912101745605, 2.2374320030212402, 2.210768938064575, 2.190821409225464, 2.1224632263183594, 2.0932884216308594, 2.110198497772217, 1.9694328308105469, 2.11775803565979, 1.8643243312835693, 1.811486840248108, 1.8342792987823486, 1.6091874837875366, 1.8591194152832031, 1.6729835271835327, 1.763153076171875, 1.7786403894424438, 1.3557897806167603, 1.6039842367172241, 1.3505923748016357, 1.2608318328857422, 1.543640375137329, 1.2824589014053345, 1.6271833181381226, 1.1693556308746338, 1.0631405115127563, 2.7730343341827393, 1.5088074207305908, 1.2457170486450195, 1.2809536457061768, 0.9621399641036987, 1.2043973207473755, 0.9542649984359741, 0.9515416026115417, 0.8934857249259949, 1.1419252157211304, 0.9486467242240906, 1.088931679725647, 1.099455714225769, 0.9297540783882141, 0.7806371450424194, 0.6904036998748779, 0.7065281271934509, 0.8576849102973938, 0.991894543170929, 0.655732274055481, 0.6747614741325378, 0.9004491567611694, 0.5424697995185852, 0.4930489659309387, 0.42133578658103943, 0.5765246748924255, 0.2855699956417084, 0.3521295487880707, 0.3132460117340088, 0.7085493206977844, 0.34251171350479126, 0.5461012125015259, 0.8191750645637512, 0.5180578231811523, 0.8267369270324707, 0.23891091346740723, 0.8294132351875305, 0.7801164984703064, 0.427117258310318, 0.4005700945854187, 0.40944424271583557, 0.3127767741680145, 0.3795328140258789, 0.5595720410346985, 0.23949328064918518, 0.28506818413734436, 0.26429933309555054, 0.6016172170639038, 0.2149343490600586, 1.134080410003662, 0.44633740186691284, 0.31845253705978394, 0.21891574561595917, 0.23788726329803467, 0.27550214529037476, 0.603348433971405, 0.2342463731765747, 0.28978222608566284, 0.29007190465927124, 0.18213267624378204, 0.18438974022865295, 0.09718793630599976, 0.10112378746271133, 0.680519163608551, 0.3781276345252991, 0.04705282673239708, 0.06457891315221786, 0.04327481985092163], "time_taken": 857.5953311920166, "bit_accuracy": 0.9881249999999999}