{"n_front_dense_FE": 2, "n_front_dense_PE": 2, "n_front_dense_RxDec": 2, "state_width": 4, "n_epochs": 100, "n_additional_epochs": 10, "CFO_coef": 1, "SNR": 5, "J_list": [2.7720751762390137, 2.777867317199707, 2.7720024585723877, 2.7727291584014893, 2.7657461166381836, 2.7269768714904785, 2.7443771362304688, 2.657876491546631, 2.635854721069336, 2.582721471786499, 2.678936004638672, 2.6793367862701416, 2.315279006958008, 2.248955011367798, 2.3187196254730225, 2.679649829864502, 2.7666759490966797, 2.308584213256836, 2.2164807319641113, 2.0873210430145264, 2.020712375640869, 1.8539193868637085, 1.764837622642517, 1.9120010137557983, 1.629041075706482, 1.590259313583374, 1.6893291473388672, 1.5175502300262451, 1.2908350229263306, 1.3505713939666748, 1.3468332290649414, 1.0990276336669922, 1.9958797693252563, 1.233629822731018, 1.2274078130722046, 1.0182377099990845, 1.218873143196106, 0.9587846994400024, 0.9717825055122375, 1.1387503147125244, 1.922228217124939, 1.2547870874404907, 1.507779836654663, 1.3123706579208374, 1.5485570430755615, 1.5171056985855103, 1.8056819438934326, 1.260746955871582, 1.5453630685806274, 1.1902580261230469, 1.113745093345642, 0.9618726968765259, 1.0391126871109009, 0.9636695981025696, 1.4028890132904053, 1.1180129051208496, 1.0356543064117432, 0.9051669836044312, 0.860295295715332, 1.0892245769500732, 0.8195252418518066, 0.7605202198028564, 0.7497917413711548, 0.8852957487106323, 0.7908153533935547, 0.9533134698867798, 0.6550923585891724, 0.5677956342697144, 0.7335217595100403, 0.4439006745815277, 0.49386486411094666, 0.3835683763027191, 0.36509791016578674, 0.30162402987480164, 0.28516384959220886, 0.5123158097267151, 0.23620620369911194, 0.6352216005325317, 0.2431778460741043, 0.4108671545982361, 0.36707597970962524, 2.9842941761016846, 0.4981750547885895, 1.0902475118637085, 0.6651725769042969, 2.7141008377075195, 0.7072155475616455, 0.8023165464401245, 0.7363488674163818, 0.8666418790817261, 0.6553542613983154, 0.7218455076217651, 0.7825893759727478, 0.866956889629364, 0.6338311433792114, 0.5310743451118469, 0.6351404190063477, 0.55686354637146, 0.6217480897903442, 0.6223899722099304, 0.538238525390625, 0.5490398406982422, 0.46823635697364807, 0.6991856098175049, 0.7191987037658691, 0.4658747613430023, 0.36775481700897217, 0.35175028443336487, 0.36974406242370605, 0.43890315294265747], "time_taken": 712.6537837982178, "bit_accuracy": 0.89375}