{"n_front_dense_FE": 2, "n_front_dense_PE": 2, "n_front_dense_RxDec": 2, "state_width": 4, "n_epochs": 100, "n_additional_epochs": 10, "CFO_coef": 1, "SNR": 1, "J_list": [2.7727408409118652, 2.7745213508605957, 2.7709014415740967, 2.749216079711914, 2.741966724395752, 2.7075436115264893, 2.752185106277466, 2.597836971282959, 2.6342244148254395, 2.579735279083252, 2.6300342082977295, 2.38664174079895, 2.303651809692383, 2.164316177368164, 2.0008740425109863, 2.1938931941986084, 1.803548812866211, 2.5451977252960205, 1.8789207935333252, 1.6488500833511353, 1.9519962072372437, 1.542921543121338, 1.3470423221588135, 1.5474679470062256, 1.4846502542495728, 1.2508665323257446, 1.2248857021331787, 1.028612732887268, 2.6584160327911377, 1.5218662023544312, 1.7924480438232422, 1.2219666242599487, 1.0001370906829834, 2.9317734241485596, 1.4164822101593018, 1.2809480428695679, 2.20890212059021, 1.2118724584579468, 1.2506496906280518, 1.2734739780426025, 0.8465781211853027, 0.9727475047111511, 1.1549451351165771, 1.3060247898101807, 0.8028696179389954, 0.8282777070999146, 0.738798975944519, 0.7341254949569702, 0.9592310190200806, 0.6686927080154419, 0.5335413217544556, 0.4445177912712097, 0.3608597218990326, 0.5841240286827087, 0.3431152403354645, 0.37424927949905396, 0.25312110781669617, 0.6659139394760132, 0.3444828987121582, 0.24627485871315002, 0.19839121401309967, 0.28569453954696655, 1.8904310464859009, 0.3069330155849457, 0.9192973971366882, 0.29796022176742554, 0.6372755765914917, 0.6817566752433777, 0.2897166311740875, 0.3569510281085968, 0.6280933618545532, 0.5392442941665649, 0.37847834825515747, 0.3711581230163574, 1.049770712852478, 0.35147008299827576, 0.4581490457057953, 0.7423680424690247, 0.6429087519645691, 0.3617815375328064, 0.6546847224235535, 0.2922394573688507, 0.6112280488014221, 0.6967161893844604, 0.37540072202682495, 0.480640172958374, 0.3055497109889984, 0.4493226110935211, 0.3088134229183197, 0.3922809958457947, 1.2836202383041382, 0.18152892589569092, 0.28207162022590637, 0.3417800962924957, 0.14842650294303894, 0.2235681563615799, 0.20011599361896515, 0.6227738857269287, 0.6198980808258057, 0.19512535631656647, 0.3154169023036957, 0.19264180958271027, 0.1682249903678894, 0.14625179767608643, 0.18050773441791534, 0.08200640976428986, 0.15677472949028015, 0.07473350316286087, 0.08662375062704086, 0.07112586498260498], "time_taken": 677.6663537025452, "bit_accuracy": 0.990625}