{"n_front_dense_FE": 2, "n_front_dense_PE": 2, "n_front_dense_RxDec": 2, "state_width": 5, "n_epochs": 100, "n_additional_epochs": 10, "CFO_coef": 1, "SNR": 5, "J_list": [2.7726681232452393, 2.7812020778656006, 2.767883777618408, 2.773620843887329, 2.7648067474365234, 2.748271942138672, 2.715430974960327, 2.757119655609131, 2.6408944129943848, 2.607795476913452, 2.501340866088867, 2.427251100540161, 2.252103090286255, 2.8434736728668213, 2.4573545455932617, 3.0307209491729736, 2.5486900806427, 2.776876926422119, 2.3968722820281982, 2.4550507068634033, 2.318397283554077, 2.5871129035949707, 2.1372106075286865, 2.0738091468811035, 2.2621026039123535, 1.8299121856689453, 1.8018029928207397, 2.0332560539245605, 1.593764066696167, 1.5034832954406738, 1.7421400547027588, 1.8348506689071655, 1.3833307027816772, 2.2026634216308594, 1.5408880710601807, 1.321420431137085, 2.012418031692505, 1.340083122253418, 1.1898791790008545, 1.36733877658844, 1.2248179912567139, 1.2511048316955566, 1.2567020654678345, 1.5427417755126953, 1.1570326089859009, 1.4055564403533936, 1.2815792560577393, 1.2757112979888916, 1.0301408767700195, 1.2877094745635986, 0.9353316426277161, 0.8887718319892883, 0.8132072687149048, 1.2681201696395874, 1.079939603805542, 0.9560470581054688, 1.0116074085235596, 0.8682038187980652, 0.6697266101837158, 0.7656713128089905, 1.7271426916122437, 1.062692403793335, 1.0143370628356934, 0.60850590467453, 0.8266741037368774, 0.8414095044136047, 0.7951914072036743, 0.8217281103134155, 1.000903844833374, 0.6755707859992981, 0.5948891043663025, 0.5627537965774536, 1.031073808670044, 0.596828281879425, 0.7217127680778503, 0.6760913729667664, 0.6433010101318359, 0.6132078766822815, 0.4171193242073059, 0.39564767479896545, 0.5369266271591187, 0.36890870332717896, 0.6910504102706909, 0.34738487005233765, 0.4515434205532074, 0.6688916683197021, 0.32034391164779663, 0.339322030544281, 0.27722999453544617, 3.3073246479034424, 0.7953731417655945, 0.8429158926010132, 1.1817601919174194, 0.8309923410415649, 0.5129143595695496, 0.8467939496040344, 0.6317509412765503, 0.531341552734375, 0.5537786483764648, 0.43179669976234436, 1.0052318572998047, 0.6163978576660156, 0.6363964080810547, 0.7797902226448059, 0.25317949056625366, 0.2720993459224701, 0.5086010694503784, 0.3536277115345001, 0.38997042179107666, 0.3551595211029053], "time_taken": 1025.1180574893951, "bit_accuracy": 0.8725000000000002}