{"n_front_dense_FE": 2, "n_front_dense_PE": 2, "n_front_dense_RxDec": 2, "state_width": 7, "n_epochs": 100, "n_additional_epochs": 10, "CFO_coef": 1, "SNR": 5, "J_list": [2.771212577819824, 2.7891430854797363, 2.774700880050659, 2.804811954498291, 2.7701213359832764, 2.7634925842285156, 2.804123640060425, 2.7603466510772705, 2.7504661083221436, 2.743759870529175, 2.6549606323242188, 2.645423173904419, 2.605027675628662, 2.3453052043914795, 2.491671085357666, 2.8998920917510986, 2.553931713104248, 2.461798906326294, 2.350403308868408, 2.3487820625305176, 2.428281307220459, 2.321564197540283, 2.3057332038879395, 2.284025192260742, 2.3657710552215576, 2.227631092071533, 2.1791865825653076, 2.131304979324341, 2.0947840213775635, 2.1229615211486816, 1.9127261638641357, 2.4728035926818848, 1.861681342124939, 1.8662363290786743, 1.8718922138214111, 1.80499267578125, 1.8386878967285156, 2.048737049102783, 1.693943738937378, 2.4695117473602295, 1.8125579357147217, 1.7812153100967407, 1.712794303894043, 1.8966842889785767, 1.7514911890029907, 1.581133246421814, 1.6852262020111084, 2.083281993865967, 1.6762974262237549, 1.689182996749878, 1.4359112977981567, 2.541668653488159, 1.4451931715011597, 1.2769639492034912, 1.4207286834716797, 1.2476322650909424, 1.1115314960479736, 1.4363059997558594, 1.7856849431991577, 1.7579905986785889, 0.956015408039093, 1.2319767475128174, 1.323160171508789, 1.1751612424850464, 0.9901474118232727, 0.9741598963737488, 1.1036704778671265, 1.127187967300415, 1.1279982328414917, 0.7393060922622681, 0.9718108177185059, 0.8116182088851929, 0.6675865054130554, 0.6706144213676453, 0.5729964971542358, 0.7048743963241577, 0.6043567061424255, 0.6296259164810181, 0.469564288854599, 0.44633978605270386, 0.5270587205886841, 0.4200684428215027, 0.2869672477245331, 0.37337666749954224, 0.321411669254303, 0.2830107808113098, 0.31651127338409424, 0.41063299775123596, 0.1828984022140503, 0.20456993579864502, 0.30003049969673157, 0.22962436079978943, 0.16071908175945282, 0.22079166769981384, 1.0880615711212158, 0.16926546394824982, 0.372227281332016, 0.28558140993118286, 0.24361829459667206, 0.4038615822792053, 0.6168274879455566, 1.485906720161438, 0.1720006912946701, 0.14358365535736084, 2.4221444129943848, 0.16506871581077576, 0.14906823635101318, 0.18555329740047455, 0.17322373390197754, 0.1903441846370697], "time_taken": 964.666642665863, "bit_accuracy": 0.8778125000000001}