{"n_front_dense_FE": 2, "n_front_dense_PE": 2, "n_front_dense_RxDec": 2, "state_width": 8, "n_epochs": 100, "n_additional_epochs": 10, "CFO_coef": 1, "SNR": 2, "J_list": [2.7729103565216064, 2.7671990394592285, 2.7712295055389404, 2.7637321949005127, 2.6992740631103516, 2.6610851287841797, 2.5593323707580566, 2.447251081466675, 2.2860634326934814, 2.3538620471954346, 3.4268136024475098, 3.108182430267334, 2.7527637481689453, 2.520117998123169, 2.551804780960083, 2.7327163219451904, 2.479581356048584, 2.5334949493408203, 2.5693209171295166, 2.4775466918945312, 2.3309378623962402, 2.2174057960510254, 2.1862635612487793, 2.012716293334961, 2.011016368865967, 1.8209269046783447, 1.6785968542099, 1.7508094310760498, 1.6498470306396484, 2.103476047515869, 1.69808828830719, 1.881974220275879, 1.5683319568634033, 1.4633125066757202, 1.3378655910491943, 1.2823611497879028, 1.262251853942871, 1.3680506944656372, 1.2514965534210205, 1.047507405281067, 1.2338218688964844, 0.9792451858520508, 1.9254945516586304, 1.1614373922348022, 1.6216342449188232, 1.487591028213501, 1.2858524322509766, 0.9664056897163391, 1.4062191247940063, 0.9707587957382202, 1.0252482891082764, 1.3548781871795654, 0.9445632696151733, 1.7640422582626343, 1.3279896974563599, 1.0955209732055664, 0.9051655530929565, 0.9830949902534485, 1.3166048526763916, 0.8421732783317566, 0.7605116367340088, 0.8184958696365356, 1.1720958948135376, 0.7151051759719849, 1.8098697662353516, 0.8720356822013855, 0.8749029040336609, 1.554961919784546, 0.9334672689437866, 0.9426606893539429, 0.7215462923049927, 0.9519087076187134, 0.8939336538314819, 0.9146190881729126, 1.0965447425842285, 0.6244791746139526, 0.7004203796386719, 0.719452977180481, 0.5355138778686523, 0.6000226140022278, 0.5279184579849243, 0.5734811425209045, 0.8133848905563354, 0.6182922720909119, 0.5048108100891113, 0.9449572563171387, 0.9509397745132446, 0.45086583495140076, 0.832043468952179, 0.4922179579734802, 0.3808695673942566, 0.7593975067138672, 0.3680301308631897, 0.3156502842903137, 0.2527190148830414, 0.29012352228164673, 0.3178829252719879, 0.2723146080970764, 1.2934739589691162, 0.5216487050056458, 0.41629520058631897, 0.4151555895805359, 0.40718182921409607, 0.20436331629753113, 0.23534855246543884, 0.1518024206161499, 0.247669979929924, 0.2222049981355667, 0.727178692817688, 0.19407744705677032], "time_taken": 741.8309688568115, "bit_accuracy": 0.9634375000000001}