{"n_front_dense_FE": 2, "n_front_dense_PE": 2, "n_front_dense_RxDec": 2, "state_width": 0, "n_epochs": 100, "n_additional_epochs": 10, "CFO_coef": 1, "SNR": 1, "J_list": [2.7725894451141357, 2.772382974624634, 2.7728989124298096, 2.7726962566375732, 2.774265766143799, 2.771451234817505, 2.7722179889678955, 2.7747550010681152, 2.7729854583740234, 2.7739367485046387, 2.771851062774658, 2.773372173309326, 2.7716259956359863, 2.7694268226623535, 2.7759814262390137, 2.772886276245117, 2.774430513381958, 2.7725348472595215, 2.772125244140625, 2.770738124847412, 2.7739245891571045, 2.7766354084014893, 2.7712669372558594, 2.772352695465088, 2.775120496749878, 2.770977735519409, 2.7742295265197754, 2.7726097106933594, 2.7718429565429688, 2.774242639541626, 2.7728209495544434, 2.773411273956299, 2.7742416858673096, 2.7735595703125, 2.771233558654785, 2.77484130859375, 2.772212028503418, 2.77384614944458, 2.771604537963867, 2.7733006477355957, 2.770901918411255, 2.7736804485321045, 2.7720065116882324, 2.7759876251220703, 2.7780816555023193, 2.7750515937805176, 2.773965358734131, 2.772775173187256, 2.7758069038391113, 2.7761800289154053, 2.772203207015991, 2.7704405784606934, 2.7724430561065674, 2.7729084491729736, 2.7732651233673096, 2.7734649181365967, 2.7725882530212402, 2.7725563049316406, 2.7731616497039795, 2.7730908393859863, 2.774108409881592, 2.7707114219665527, 2.7728261947631836, 2.7757201194763184, 2.776569366455078, 2.774860382080078, 2.771632671356201, 2.7714953422546387, 2.771667242050171, 2.7709453105926514, 2.7722504138946533, 2.7735214233398438, 2.772426128387451, 2.772414445877075, 2.7724502086639404, 2.7725019454956055, 2.7744874954223633, 2.7761266231536865, 2.7728710174560547, 2.7719204425811768, 2.7753639221191406, 2.77488374710083, 2.774182081222534, 2.773001194000244, 2.7753567695617676, 2.776221513748169, 2.772392988204956, 2.77363657951355, 2.7755520343780518, 2.7746288776397705, 2.7718424797058105, 2.7699389457702637, 2.773522138595581, 2.7736501693725586, 2.7727999687194824, 2.77138352394104, 2.771878719329834, 2.772158145904541, 2.773505449295044, 2.7712700366973877, 2.7735724449157715, 2.773674488067627, 2.773974657058716, 2.7752346992492676, 2.774348735809326, 2.773878335952759, 2.7701029777526855, 2.7766876220703125, 2.7731614112854004, 2.7762322425842285], "time_taken": 564.2443783283234, "bit_accuracy": 0.06593750000000001}