{"n_front_dense_FE": 2, "n_front_dense_PE": 2, "n_front_dense_RxDec": 2, "state_width": 1, "n_epochs": 100, "n_additional_epochs": 10, "CFO_coef": 1, "SNR": 4, "J_list": [2.7725749015808105, 2.778001546859741, 2.7787539958953857, 2.819031000137329, 2.7777204513549805, 2.7807626724243164, 2.784278392791748, 2.7724711894989014, 2.7575125694274902, 2.744969367980957, 2.7337772846221924, 2.701758623123169, 2.6433894634246826, 2.563187837600708, 2.4840996265411377, 2.417207717895508, 2.5123417377471924, 2.3391265869140625, 2.8209331035614014, 2.350440740585327, 2.2457470893859863, 2.4307756423950195, 2.3156611919403076, 2.2440578937530518, 2.176647663116455, 2.353679656982422, 2.2929816246032715, 2.1057987213134766, 2.117910385131836, 2.1581971645355225, 1.9701725244522095, 2.035987138748169, 2.69221568107605, 2.0483293533325195, 2.168114423751831, 1.9669721126556396, 2.025904417037964, 2.09208345413208, 2.011146306991577, 1.8653796911239624, 1.9393384456634521, 1.8773759603500366, 1.917839765548706, 2.2336411476135254, 1.9982147216796875, 1.7742449045181274, 1.743474006652832, 2.257204532623291, 1.7269067764282227, 1.7170242071151733, 1.713576316833496, 1.6496490240097046, 1.59976327419281, 1.61080801486969, 2.094024658203125, 1.7759761810302734, 1.5982673168182373, 2.59297513961792, 1.750091552734375, 1.9931265115737915, 1.5811482667922974, 1.594215989112854, 1.6236217021942139, 1.507007360458374, 1.5085123777389526, 1.9339996576309204, 1.7922000885009766, 1.757764220237732, 1.6203769445419312, 1.6059467792510986, 1.454998254776001, 1.756964087486267, 1.7359399795532227, 1.6332346200942993, 1.4972856044769287, 1.91140878200531, 1.575327754020691, 1.6955194473266602, 1.5980284214019775, 1.6531652212142944, 1.4851595163345337, 1.4259788990020752, 1.4876010417938232, 1.4404163360595703, 1.5582329034805298, 1.4312999248504639, 1.3243522644042969, 1.2863420248031616, 1.2369940280914307, 1.3152694702148438, 1.322969675064087, 1.3557392358779907, 1.444536566734314, 1.291858196258545, 1.2161921262741089, 1.1680457592010498, 1.194440484046936, 1.1863082647323608, 1.3251374959945679, 1.2403597831726074, 1.1458487510681152, 1.082010269165039, 1.201399564743042, 1.0867960453033447, 2.8538002967834473, 1.0148159265518188, 1.0582435131072998, 1.3200724124908447, 1.1703702211380005, 1.0577260255813599], "time_taken": 653.6767635345459, "bit_accuracy": 0.47718750000000004}