{"n_front_dense_FE": 2, "n_front_dense_PE": 2, "n_front_dense_RxDec": 2, "state_width": 0, "n_epochs": 100, "n_additional_epochs": 10, "CFO_coef": 0.1, "SNR": 10, "J_list": [2.7725894451141357, 2.772162914276123, 2.7719643115997314, 2.7707712650299072, 2.774986743927002, 2.7747225761413574, 2.772508144378662, 2.7760403156280518, 2.771078109741211, 2.771277904510498, 2.7725882530212402, 2.7732439041137695, 2.7743887901306152, 2.773512601852417, 2.7676823139190674, 2.7734620571136475, 2.773162364959717, 2.774430751800537, 2.771024227142334, 2.7739949226379395, 2.778489589691162, 2.7740225791931152, 2.7710418701171875, 2.7762317657470703, 2.773860454559326, 2.772939682006836, 2.7722420692443848, 2.772988796234131, 2.7700462341308594, 2.774595022201538, 2.775596857070923, 2.775423765182495, 2.772995710372925, 2.773263931274414, 2.769287347793579, 2.773483991622925, 2.772531747817993, 2.774430751800537, 2.7727954387664795, 2.773715019226074, 2.7776637077331543, 2.768507480621338, 2.7706661224365234, 2.7726197242736816, 2.7727248668670654, 2.773347854614258, 2.7743964195251465, 2.7701759338378906, 2.770879030227661, 2.7767977714538574, 2.777111530303955, 2.774139404296875, 2.7719712257385254, 2.7735085487365723, 2.773728609085083, 2.7750701904296875, 2.7726428508758545, 2.7713186740875244, 2.773322105407715, 2.7751667499542236, 2.771667957305908, 2.775024890899658, 2.77592396736145, 2.771169662475586, 2.770965099334717, 2.7718863487243652, 2.769364833831787, 2.7715814113616943, 2.771282196044922, 2.771285057067871, 2.7736704349517822, 2.7693583965301514, 2.774959087371826, 2.7747888565063477, 2.7732741832733154, 2.773803234100342, 2.772444486618042, 2.7727551460266113, 2.7745745182037354, 2.7728610038757324, 2.773081064224243, 2.7762770652770996, 2.7712600231170654, 2.772468090057373, 2.772183656692505, 2.777175188064575, 2.771528720855713, 2.7741990089416504, 2.77199125289917, 2.7686309814453125, 2.7730255126953125, 2.772221803665161, 2.7760791778564453, 2.7705702781677246, 2.7725136280059814, 2.775193214416504, 2.7789463996887207, 2.7712035179138184, 2.7727582454681396, 2.7710461616516113, 2.7698123455047607, 2.778610944747925, 2.775066614151001, 2.7752597332000732, 2.7741923332214355, 2.772792339324951, 2.775362491607666, 2.7723758220672607, 2.7714359760284424, 2.7716071605682373], "time_taken": 554.981119632721, "bit_accuracy": 0.06281250000000001}