{"n_front_dense_FE": 2, "n_front_dense_PE": 2, "n_front_dense_RxDec": 2, "state_width": 0, "n_epochs": 100, "n_additional_epochs": 10, "CFO_coef": 0.1, "SNR": 6, "J_list": [2.7725894451141357, 2.7726266384124756, 2.7730798721313477, 2.773092031478882, 2.773186206817627, 2.7715201377868652, 2.7729549407958984, 2.7742919921875, 2.7728374004364014, 2.772555351257324, 2.773486614227295, 2.776688575744629, 2.7712767124176025, 2.7725486755371094, 2.772818088531494, 2.7729251384735107, 2.7731785774230957, 2.7705700397491455, 2.7743754386901855, 2.7743263244628906, 2.770428419113159, 2.7737934589385986, 2.7730491161346436, 2.7733395099639893, 2.773536205291748, 2.771996259689331, 2.774674892425537, 2.774799346923828, 2.7740955352783203, 2.775996446609497, 2.7723968029022217, 2.7739734649658203, 2.7692222595214844, 2.774019479751587, 2.774104595184326, 2.776632785797119, 2.775841474533081, 2.7728524208068848, 2.774487257003784, 2.7714993953704834, 2.7720181941986084, 2.7697055339813232, 2.7733497619628906, 2.7736294269561768, 2.7713372707366943, 2.772897243499756, 2.7737457752227783, 2.770106315612793, 2.7746973037719727, 2.773463726043701, 2.7742562294006348, 2.770932912826538, 2.77518892288208, 2.7743098735809326, 2.7733395099639893, 2.7737441062927246, 2.769512176513672, 2.7733051776885986, 2.776906967163086, 2.773951768875122, 2.77819561958313, 2.7713918685913086, 2.771894931793213, 2.772829055786133, 2.774742603302002, 2.7737033367156982, 2.7743701934814453, 2.7696728706359863, 2.769444227218628, 2.7764892578125, 2.7716143131256104, 2.7727205753326416, 2.7709033489227295, 2.773024320602417, 2.7755119800567627, 2.7755560874938965, 2.7735800743103027, 2.7701289653778076, 2.7724661827087402, 2.7729384899139404, 2.7752537727355957, 2.771707057952881, 2.771960735321045, 2.7703309059143066, 2.7755837440490723, 2.7699055671691895, 2.7762084007263184, 2.773959159851074, 2.7724549770355225, 2.7708747386932373, 2.7702548503875732, 2.7700798511505127, 2.7754693031311035, 2.7733848094940186, 2.771857500076294, 2.7744970321655273, 2.7680320739746094, 2.7726802825927734, 2.7742016315460205, 2.7747585773468018, 2.775958299636841, 2.767911434173584, 2.7751128673553467, 2.7745842933654785, 2.775583505630493, 2.772083282470703, 2.774655818939209, 2.775225877761841, 2.7767977714538574, 2.7731502056121826], "time_taken": 590.0156426429749, "bit_accuracy": 0.053125}