{"n_front_dense_FE": 1, "n_front_dense_PE": 1, "n_front_dense_RxDec": 2, "state_width": 8, "n_epochs": 15, "J_list": [2.772578001022339, 2.7718136310577393, 2.7718334197998047, 2.768378734588623, 2.7686736583709717, 2.769533634185791, 2.7663588523864746, 2.7591984272003174, 2.75993275642395, 2.7623956203460693, 2.757390260696411, 2.756052017211914, 2.7446491718292236, 2.7426552772521973, 2.74220609664917], "time_taken": 63.4184992313385}