{"n_front_dense_FE": 1, "n_front_dense_PE": 1, "n_front_dense_RxDec": 2, "state_width": 8, "n_epochs": 15, "J_list": [2.77351975440979, 2.771087646484375, 2.7696316242218018, 2.769056797027588, 2.7665903568267822, 2.765171527862549, 2.7637248039245605, 2.761857032775879, 2.7572178840637207, 2.752000093460083, 2.7468502521514893, 2.7425501346588135, 2.7365670204162598, 2.7267909049987793, 2.7182068824768066], "time_taken": 63.204740047454834}