{"n_front_dense_FE": 1, "n_front_dense_PE": 1, "n_front_dense_RxDec": 2, "state_width": 8, "n_epochs": 15, "J_list": [2.7723116874694824, 2.7740650177001953, 2.7704851627349854, 2.7697486877441406, 2.7666821479797363, 2.7675445079803467, 2.7654061317443848, 2.7604644298553467, 2.759255886077881, 2.7575416564941406, 2.760922908782959, 2.751300811767578, 2.7467384338378906, 2.73903489112854, 2.733647346496582], "time_taken": 70.38136982917786}