{"n_front_dense_FE": 3, "n_front_dense_PE": 1, "n_front_dense_RxDec": 2, "state_width": 8, "n_epochs": 15, "J_list": [2.772611141204834, 2.7710273265838623, 2.772456645965576, 2.7695348262786865, 2.7667007446289062, 2.7650108337402344, 2.76708722114563, 2.758885145187378, 2.752429723739624, 2.7445051670074463, 2.7341723442077637, 2.7279388904571533, 2.700145721435547, 2.694262981414795, 2.6809258460998535], "time_taken": 63.17596125602722}