{"n_front_dense_FE": 2, "n_front_dense_PE": 1, "n_front_dense_RxDec": 2, "state_width": 8, "n_epochs": 15, "J_list": [2.77201509475708, 2.7712130546569824, 2.770491361618042, 2.768117904663086, 2.766031265258789, 2.7620081901550293, 2.7611217498779297, 2.75253963470459, 2.7446765899658203, 2.738245725631714, 2.7271568775177, 2.7129383087158203, 2.69344425201416, 2.684605360031128, 2.669005870819092], "time_taken": 55.470186948776245}