{"n_front_dense_FE": 3, "n_front_dense_PE": 1, "n_front_dense_RxDec": 2, "state_width": 8, "n_epochs": 15, "J_list": [2.772657871246338, 2.771848678588867, 2.7712295055389404, 2.7700138092041016, 2.7678062915802, 2.767984628677368, 2.7684736251831055, 2.7665786743164062, 2.76328706741333, 2.755819797515869, 2.757296323776245, 2.751910448074341, 2.748093366622925, 2.728436231613159, 2.7275633811950684], "time_taken": 91.150146484375}