{"n_front_dense_FE": 1, "n_front_dense_PE": 1, "n_front_dense_RxDec": 2, "state_width": 8, "n_epochs": 15, "J_list": [2.7738165855407715, 2.771120071411133, 2.7688515186309814, 2.7713427543640137, 2.768773317337036, 2.7672171592712402, 2.7616896629333496, 2.768505096435547, 2.758303165435791, 2.7555928230285645, 2.756138563156128, 2.7515602111816406, 2.7469143867492676, 2.737494707107544, 2.733494281768799], "time_taken": 53.55939531326294}