{"n_front_dense_FE": 3, "n_front_dense_PE": 1, "n_front_dense_RxDec": 2, "state_width": 8, "n_epochs": 15, "J_list": [2.772935390472412, 2.771578788757324, 2.7724218368530273, 2.770850658416748, 2.7712700366973877, 2.7709434032440186, 2.7676239013671875, 2.7660293579101562, 2.763280153274536, 2.761103630065918, 2.7537882328033447, 2.7503230571746826, 2.7365453243255615, 2.725555896759033, 2.7067313194274902], "time_taken": 59.649845600128174}