{"n_front_dense_FE": 2, "n_front_dense_PE": 1, "n_front_dense_RxDec": 2, "state_width": 8, "n_epochs": 15, "J_list": [2.77213716506958, 2.771724224090576, 2.7716517448425293, 2.7702863216400146, 2.765010356903076, 2.766549825668335, 2.7634711265563965, 2.7594282627105713, 2.761821746826172, 2.75681734085083, 2.746983289718628, 2.7371654510498047, 2.7386348247528076, 2.7291908264160156, 2.7199063301086426], "time_taken": 54.910770654678345}