{"n_front_dense_FE": 3, "n_front_dense_PE": 1, "n_front_dense_RxDec": 2, "state_width": 8, "n_epochs": 15, "J_list": [2.7722504138946533, 2.7713286876678467, 2.771723508834839, 2.770019769668579, 2.769409656524658, 2.7700612545013428, 2.767869234085083, 2.7607054710388184, 2.762425184249878, 2.7580389976501465, 2.7525651454925537, 2.741537094116211, 2.741891860961914, 2.7329230308532715, 2.720125436782837], "time_taken": 72.98925614356995}