{"n_front_dense_FE": 2, "n_front_dense_PE": 1, "n_front_dense_RxDec": 2, "state_width": 8, "n_epochs": 15, "J_list": [2.772716999053955, 2.771268844604492, 2.770195722579956, 2.76990008354187, 2.7674596309661865, 2.7622909545898438, 2.7616350650787354, 2.7590975761413574, 2.749751567840576, 2.7455153465270996, 2.7376034259796143, 2.7299952507019043, 2.7207088470458984, 2.7216928005218506, 2.69791841506958], "time_taken": 54.81476902961731}