{"n_front_dense_FE": 2, "n_front_dense_PE": 1, "n_front_dense_RxDec": 2, "state_width": 8, "n_epochs": 15, "J_list": [2.7721076011657715, 2.77183198928833, 2.7711398601531982, 2.76788330078125, 2.767209768295288, 2.7684264183044434, 2.7662596702575684, 2.7585270404815674, 2.7557373046875, 2.755246639251709, 2.746936798095703, 2.736576557159424, 2.725015163421631, 2.716679334640503, 2.7138898372650146], "time_taken": 54.76679015159607}