{"n_front_dense_FE": 2, "n_front_dense_PE": 1, "n_front_dense_RxDec": 2, "state_width": 8, "n_epochs": 15, "J_list": [2.772873640060425, 2.770914316177368, 2.7694196701049805, 2.7706189155578613, 2.7663025856018066, 2.7699310779571533, 2.764949083328247, 2.759788990020752, 2.759812355041504, 2.7542057037353516, 2.7505040168762207, 2.741014003753662, 2.7325279712677, 2.7207131385803223, 2.7135982513427734], "time_taken": 55.119667053222656}