{"n_front_dense_FE": 2, "n_front_dense_PE": 1, "n_front_dense_RxDec": 2, "state_width": 8, "n_epochs": 15, "J_list": [2.7726807594299316, 2.772594690322876, 2.7707555294036865, 2.76892352104187, 2.767465353012085, 2.766369104385376, 2.7635738849639893, 2.7609970569610596, 2.7515981197357178, 2.7485790252685547, 2.745251417160034, 2.7370734214782715, 2.721466541290283, 2.7088143825531006, 2.7078726291656494], "time_taken": 55.68508815765381}