{"n_front_dense_FE": 2, "n_front_dense_PE": 1, "n_front_dense_RxDec": 2, "state_width": 8, "n_epochs": 15, "J_list": [2.7729830741882324, 2.7722017765045166, 2.7710320949554443, 2.768126964569092, 2.7681660652160645, 2.76934552192688, 2.7603113651275635, 2.7622005939483643, 2.755460739135742, 2.7462868690490723, 2.7463796138763428, 2.743978261947632, 2.7177932262420654, 2.715027093887329, 2.7004554271698], "time_taken": 57.63668918609619}