{"n_front_dense_FE": 1, "n_front_dense_PE": 1, "n_front_dense_RxDec": 2, "state_width": 8, "n_epochs": 15, "J_list": [2.7720322608947754, 2.771721363067627, 2.769660472869873, 2.7677135467529297, 2.7650816440582275, 2.764138698577881, 2.759485960006714, 2.7609143257141113, 2.75142240524292, 2.751697540283203, 2.7436397075653076, 2.7428059577941895, 2.7350401878356934, 2.732964515686035, 2.723374843597412], "time_taken": 53.74510145187378}