{"n_front_dense_FE": 2, "n_front_dense_PE": 1, "n_front_dense_RxDec": 2, "state_width": 8, "n_epochs": 15, "J_list": [2.7719578742980957, 2.7723357677459717, 2.77001953125, 2.7680981159210205, 2.765615940093994, 2.7657997608184814, 2.761021852493286, 2.760434627532959, 2.749910831451416, 2.743046522140503, 2.729445219039917, 2.7251181602478027, 2.715256929397583, 2.6965410709381104, 2.6832823753356934], "time_taken": 55.03862953186035}