{"n_front_dense_FE": 3, "n_front_dense_PE": 1, "n_front_dense_RxDec": 2, "state_width": 8, "n_epochs": 15, "J_list": [2.772930145263672, 2.7719531059265137, 2.7727181911468506, 2.7695019245147705, 2.768735647201538, 2.7693653106689453, 2.76387357711792, 2.7606072425842285, 2.7636561393737793, 2.752769947052002, 2.750450611114502, 2.7439513206481934, 2.7291200160980225, 2.715658187866211, 2.6955618858337402], "time_taken": 68.39465808868408}