{"n_front_dense_FE": 3, "n_front_dense_PE": 1, "n_front_dense_RxDec": 2, "state_width": 8, "n_epochs": 15, "J_list": [2.7722630500793457, 2.771413564682007, 2.7716915607452393, 2.77055025100708, 2.765225887298584, 2.7620697021484375, 2.7584452629089355, 2.74931001663208, 2.7456552982330322, 2.7371010780334473, 2.7177329063415527, 2.70881724357605, 2.682598829269409, 2.6566169261932373, 2.6554551124572754], "time_taken": 74.52495837211609}