{"n_front_dense_FE": 3, "n_front_dense_PE": 1, "n_front_dense_RxDec": 2, "state_width": 8, "n_epochs": 15, "J_list": [2.773432493209839, 2.7727489471435547, 2.7711775302886963, 2.770656108856201, 2.7690322399139404, 2.765714168548584, 2.764497756958008, 2.759852886199951, 2.7542614936828613, 2.7492783069610596, 2.7416508197784424, 2.7301082611083984, 2.718947172164917, 2.705251693725586, 2.6803717613220215], "time_taken": 101.18019390106201}