{"n_front_dense_FE": 2, "n_front_dense_PE": 1, "n_front_dense_RxDec": 2, "state_width": 8, "n_epochs": 15, "J_list": [2.7729337215423584, 2.771566390991211, 2.7730283737182617, 2.769624710083008, 2.7689902782440186, 2.7671151161193848, 2.762901782989502, 2.758881092071533, 2.750617504119873, 2.7483577728271484, 2.743755578994751, 2.7309863567352295, 2.7204697132110596, 2.7192494869232178, 2.6945579051971436], "time_taken": 54.749818086624146}