{"n_front_dense_FE": 2, "n_front_dense_PE": 1, "n_front_dense_RxDec": 2, "state_width": 8, "n_epochs": 15, "J_list": [2.7737936973571777, 2.772204637527466, 2.7719900608062744, 2.770031690597534, 2.7700161933898926, 2.767609119415283, 2.766258716583252, 2.763110637664795, 2.758661985397339, 2.7528812885284424, 2.752087116241455, 2.7430357933044434, 2.732475757598877, 2.7324187755584717, 2.7063159942626953], "time_taken": 57.639984130859375}