{"n_front_dense_FE": 1, "n_front_dense_PE": 1, "n_front_dense_RxDec": 2, "state_width": 8, "n_epochs": 15, "J_list": [2.771618604660034, 2.7703213691711426, 2.7706031799316406, 2.7680413722991943, 2.7672836780548096, 2.7694218158721924, 2.76707124710083, 2.7646870613098145, 2.761486530303955, 2.7622458934783936, 2.7562270164489746, 2.7505505084991455, 2.746858596801758, 2.741849422454834, 2.732998847961426], "time_taken": 54.30078053474426}