{"n_front_dense_FE": 3, "n_front_dense_PE": 1, "n_front_dense_RxDec": 2, "state_width": 8, "n_epochs": 15, "J_list": [2.771857500076294, 2.7729907035827637, 2.771066665649414, 2.7727527618408203, 2.769465208053589, 2.767332077026367, 2.764029026031494, 2.7598628997802734, 2.759385585784912, 2.757098436355591, 2.737787961959839, 2.729642391204834, 2.718064785003662, 2.6920828819274902, 2.688669443130493], "time_taken": 68.30643844604492}