{"n_front_dense_FE": 3, "n_front_dense_PE": 1, "n_front_dense_RxDec": 2, "state_width": 8, "n_epochs": 15, "J_list": [2.7728233337402344, 2.7722887992858887, 2.772310733795166, 2.77112078666687, 2.7698798179626465, 2.7672781944274902, 2.7670092582702637, 2.7596161365509033, 2.7615325450897217, 2.753617763519287, 2.746381998062134, 2.7399473190307617, 2.7303245067596436, 2.716524600982666, 2.7165257930755615], "time_taken": 66.67952990531921}