{"n_front_dense_FE": 1, "n_front_dense_PE": 1, "n_front_dense_RxDec": 2, "state_width": 8, "n_epochs": 15, "J_list": [2.7736258506774902, 2.7714405059814453, 2.7710633277893066, 2.7709801197052, 2.770936965942383, 2.769031047821045, 2.7706093788146973, 2.76676607131958, 2.765798568725586, 2.7630863189697266, 2.761491060256958, 2.7616775035858154, 2.7546112537384033, 2.754790782928467, 2.751089572906494], "time_taken": 53.85976052284241}