{"n_front_dense_FE": 3, "n_front_dense_PE": 1, "n_front_dense_RxDec": 2, "state_width": 8, "n_epochs": 15, "J_list": [2.773375988006592, 2.772244691848755, 2.7714552879333496, 2.7711846828460693, 2.7676215171813965, 2.7650692462921143, 2.766159772872925, 2.76389741897583, 2.757399797439575, 2.751660108566284, 2.7453901767730713, 2.7444636821746826, 2.7266862392425537, 2.718587875366211, 2.692431688308716], "time_taken": 67.64928793907166}