{"n_front_dense_FE": 2, "n_front_dense_PE": 1, "n_front_dense_RxDec": 2, "state_width": 8, "n_epochs": 15, "J_list": [2.773258686065674, 2.772040367126465, 2.7700722217559814, 2.7706899642944336, 2.7699081897735596, 2.767214298248291, 2.7662065029144287, 2.764885902404785, 2.760618209838867, 2.756375789642334, 2.7551441192626953, 2.7464606761932373, 2.745934009552002, 2.728834867477417, 2.71630859375], "time_taken": 56.52766942977905}