{"n_front_dense_FE": 3, "n_front_dense_PE": 1, "n_front_dense_RxDec": 2, "state_width": 8, "n_epochs": 15, "J_list": [2.772806167602539, 2.7715609073638916, 2.7710750102996826, 2.7704358100891113, 2.7707715034484863, 2.770942449569702, 2.767061948776245, 2.761202573776245, 2.7620317935943604, 2.7585413455963135, 2.753566026687622, 2.7424869537353516, 2.7357611656188965, 2.7170965671539307, 2.696683883666992], "time_taken": 90.4452600479126}