{"n_front_dense_FE": 3, "n_front_dense_PE": 1, "n_front_dense_RxDec": 2, "state_width": 8, "n_epochs": 15, "J_list": [2.772613048553467, 2.7725493907928467, 2.769995927810669, 2.770798921585083, 2.768324851989746, 2.764854907989502, 2.7612926959991455, 2.7599589824676514, 2.7496554851531982, 2.7446885108947754, 2.7369277477264404, 2.7295472621917725, 2.6980297565460205, 2.6987481117248535, 2.6629819869995117], "time_taken": 59.754658222198486}