{"n_front_dense_FE": 2, "n_front_dense_PE": 1, "n_front_dense_RxDec": 2, "state_width": 8, "n_epochs": 15, "J_list": [2.772595167160034, 2.771101474761963, 2.7703969478607178, 2.768429756164551, 2.768885374069214, 2.763279676437378, 2.7640106678009033, 2.758434772491455, 2.748749017715454, 2.7463808059692383, 2.7339141368865967, 2.7328295707702637, 2.71779203414917, 2.7064743041992188, 2.704226493835449], "time_taken": 55.14556622505188}