{"n_front_dense_FE": 2, "n_front_dense_PE": 1, "n_front_dense_RxDec": 2, "state_width": 8, "n_epochs": 15, "J_list": [2.7727274894714355, 2.771392822265625, 2.7715773582458496, 2.77055287361145, 2.7669920921325684, 2.7696316242218018, 2.764786958694458, 2.7650160789489746, 2.763127565383911, 2.7563209533691406, 2.7501511573791504, 2.7488338947296143, 2.7394988536834717, 2.738569498062134, 2.7226336002349854], "time_taken": 54.626452684402466}