{"n_front_dense_FE": 2, "n_front_dense_PE": 1, "n_front_dense_RxDec": 2, "state_width": 8, "n_epochs": 15, "J_list": [2.7723255157470703, 2.7722384929656982, 2.770359754562378, 2.769753932952881, 2.768221139907837, 2.7651076316833496, 2.7680068016052246, 2.7596702575683594, 2.7635111808776855, 2.754629611968994, 2.761120319366455, 2.7551651000976562, 2.740797519683838, 2.7310733795166016, 2.729984998703003], "time_taken": 55.3298122882843}