{"n_front_dense_FE": 1, "n_front_dense_PE": 1, "n_front_dense_RxDec": 2, "state_width": 8, "n_epochs": 15, "J_list": [2.7722270488739014, 2.770685911178589, 2.7711310386657715, 2.7682547569274902, 2.7673659324645996, 2.767387866973877, 2.7661986351013184, 2.7608113288879395, 2.762220859527588, 2.7592625617980957, 2.7494568824768066, 2.7477269172668457, 2.7354750633239746, 2.738597869873047, 2.725229024887085], "time_taken": 63.26143956184387}