{"n_front_dense_FE": 1, "n_front_dense_PE": 1, "n_front_dense_RxDec": 2, "state_width": 8, "n_epochs": 15, "J_list": [2.7722508907318115, 2.770660638809204, 2.7717528343200684, 2.7696213722229004, 2.7696259021759033, 2.7647228240966797, 2.7636871337890625, 2.7620201110839844, 2.756401538848877, 2.7539267539978027, 2.7512567043304443, 2.7463948726654053, 2.7479915618896484, 2.7371315956115723, 2.721550941467285], "time_taken": 65.42032766342163}