{"n_front_dense_FE": 1, "n_front_dense_PE": 1, "n_front_dense_RxDec": 2, "state_width": 8, "n_epochs": 15, "J_list": [2.7727341651916504, 2.7723445892333984, 2.7717738151550293, 2.770886182785034, 2.7696943283081055, 2.768193006515503, 2.7658443450927734, 2.7626049518585205, 2.762631893157959, 2.7606747150421143, 2.756700038909912, 2.7557594776153564, 2.7537710666656494, 2.7480130195617676, 2.7436695098876953], "time_taken": 66.6943633556366}