{"n_front_dense_FE": 2, "n_front_dense_PE": 1, "n_front_dense_RxDec": 2, "state_width": 8, "n_epochs": 15, "J_list": [2.7735342979431152, 2.77180552482605, 2.7707595825195312, 2.769749402999878, 2.768031120300293, 2.764374256134033, 2.7602732181549072, 2.7573678493499756, 2.7522189617156982, 2.7435309886932373, 2.740034580230713, 2.7223992347717285, 2.721374988555908, 2.699553966522217, 2.6898422241210938], "time_taken": 56.854018211364746}