{"n_front_dense_FE": 3, "n_front_dense_PE": 1, "n_front_dense_RxDec": 2, "state_width": 8, "n_epochs": 15, "J_list": [2.77221417427063, 2.7722384929656982, 2.77091121673584, 2.7685420513153076, 2.7692179679870605, 2.763732433319092, 2.763855457305908, 2.7567543983459473, 2.7485122680664062, 2.7455697059631348, 2.7279603481292725, 2.7339909076690674, 2.725215435028076, 2.6786508560180664, 2.6793220043182373], "time_taken": 66.73952555656433}