{"n_front_dense_FE": 2, "n_front_dense_PE": 1, "n_front_dense_RxDec": 2, "state_width": 8, "n_epochs": 15, "J_list": [2.7731773853302, 2.7729239463806152, 2.771030902862549, 2.7715535163879395, 2.766212224960327, 2.765850305557251, 2.7616384029388428, 2.761194944381714, 2.7604660987854004, 2.7477352619171143, 2.7424888610839844, 2.7357687950134277, 2.7322704792022705, 2.723942995071411, 2.7176709175109863], "time_taken": 55.47967267036438}