{"n_front_dense_FE": 2, "n_front_dense_PE": 1, "n_front_dense_RxDec": 2, "state_width": 8, "n_epochs": 15, "J_list": [2.772406816482544, 2.771178722381592, 2.7713427543640137, 2.770674228668213, 2.7700984477996826, 2.765690565109253, 2.7668795585632324, 2.7622039318084717, 2.7583720684051514, 2.7546684741973877, 2.761033296585083, 2.7457070350646973, 2.7365994453430176, 2.7323927879333496, 2.7169132232666016], "time_taken": 55.44962430000305}