{"n_front_dense_FE": 1, "n_front_dense_PE": 1, "n_front_dense_RxDec": 2, "state_width": 8, "n_epochs": 15, "J_list": [2.773177146911621, 2.7721903324127197, 2.7704639434814453, 2.7704710960388184, 2.7689146995544434, 2.767192840576172, 2.761734962463379, 2.766719341278076, 2.7583909034729004, 2.7575793266296387, 2.751354932785034, 2.749690532684326, 2.746243953704834, 2.7397265434265137, 2.731720447540283], "time_taken": 62.34339189529419}