{"n_front_dense_FE": 2, "n_front_dense_PE": 1, "n_front_dense_RxDec": 2, "state_width": 8, "n_epochs": 15, "J_list": [2.772622585296631, 2.771838426589966, 2.7709484100341797, 2.77215313911438, 2.7683751583099365, 2.7665953636169434, 2.7635185718536377, 2.7617392539978027, 2.757438898086548, 2.754335403442383, 2.7487988471984863, 2.7427926063537598, 2.7276177406311035, 2.715535879135132, 2.7121357917785645], "time_taken": 55.14206027984619}