{"n_front_dense_FE": 3, "n_front_dense_PE": 1, "n_front_dense_RxDec": 2, "state_width": 8, "n_epochs": 15, "J_list": [2.7729785442352295, 2.772900104522705, 2.770998477935791, 2.7709460258483887, 2.7695939540863037, 2.768946886062622, 2.7679460048675537, 2.7643096446990967, 2.758309841156006, 2.7552967071533203, 2.748288631439209, 2.736933469772339, 2.733400344848633, 2.717374086380005, 2.706841230392456], "time_taken": 60.732407093048096}