{"n_front_dense_FE": 2, "n_front_dense_PE": 1, "n_front_dense_RxDec": 2, "state_width": 8, "n_epochs": 15, "J_list": [2.772085428237915, 2.770251512527466, 2.7708382606506348, 2.7682909965515137, 2.7677745819091797, 2.7605748176574707, 2.7627713680267334, 2.7532079219818115, 2.7598557472229004, 2.7442679405212402, 2.7393946647644043, 2.7422866821289062, 2.725278377532959, 2.7212352752685547, 2.7136616706848145], "time_taken": 54.85966229438782}