{"n_front_dense_FE": 3, "n_front_dense_PE": 1, "n_front_dense_RxDec": 2, "state_width": 8, "n_epochs": 15, "J_list": [2.772876262664795, 2.7727675437927246, 2.7717597484588623, 2.770632266998291, 2.7703919410705566, 2.768749475479126, 2.765888214111328, 2.76475191116333, 2.7567646503448486, 2.757477283477783, 2.747770309448242, 2.738368511199951, 2.731177568435669, 2.716700792312622, 2.684770107269287], "time_taken": 68.76870465278625}