{"n_front_dense_FE": 1, "n_front_dense_PE": 1, "n_front_dense_RxDec": 2, "state_width": 8, "n_epochs": 15, "J_list": [2.7742888927459717, 2.7715003490448, 2.7701680660247803, 2.768428087234497, 2.7659735679626465, 2.7656655311584473, 2.763737201690674, 2.761643171310425, 2.7572147846221924, 2.757680892944336, 2.7503855228424072, 2.7487130165100098, 2.744356155395508, 2.7340495586395264, 2.7302494049072266], "time_taken": 54.440043687820435}