{"n_front_dense_FE": 2, "n_front_dense_PE": 1, "n_front_dense_RxDec": 2, "state_width": 8, "n_epochs": 15, "J_list": [2.772230625152588, 2.771585464477539, 2.7704453468322754, 2.768989324569702, 2.7662036418914795, 2.7660088539123535, 2.763493776321411, 2.7570745944976807, 2.7539734840393066, 2.743701934814453, 2.749080181121826, 2.7437655925750732, 2.7411749362945557, 2.70978045463562, 2.705597400665283], "time_taken": 54.684345722198486}