{"n_front_dense_FE": 1, "n_front_dense_PE": 1, "n_front_dense_RxDec": 2, "state_width": 8, "n_epochs": 15, "J_list": [2.7739109992980957, 2.770857572555542, 2.769866943359375, 2.771427631378174, 2.76806378364563, 2.7643187046051025, 2.7638659477233887, 2.7634024620056152, 2.760218858718872, 2.754725933074951, 2.75327730178833, 2.7446365356445312, 2.7421460151672363, 2.734503984451294, 2.7335991859436035], "time_taken": 53.44172143936157}