{"n_front_dense_FE": 3, "n_front_dense_PE": 1, "n_front_dense_RxDec": 2, "state_width": 8, "n_epochs": 15, "J_list": [2.7730319499969482, 2.7720255851745605, 2.771317958831787, 2.769252061843872, 2.7689425945281982, 2.768585443496704, 2.762702465057373, 2.757997512817383, 2.7540478706359863, 2.7481746673583984, 2.7377750873565674, 2.732278823852539, 2.7166972160339355, 2.69274640083313, 2.695995807647705], "time_taken": 62.41917538642883}