{"n_front_dense_FE": 1, "n_front_dense_PE": 1, "n_front_dense_RxDec": 2, "state_width": 8, "n_epochs": 15, "J_list": [2.772437572479248, 2.7716259956359863, 2.7703778743743896, 2.768777847290039, 2.7680580615997314, 2.764627456665039, 2.7631161212921143, 2.757824420928955, 2.7592504024505615, 2.7529845237731934, 2.7474453449249268, 2.7430052757263184, 2.73722505569458, 2.7298245429992676, 2.7246298789978027], "time_taken": 53.83367896080017}