{"n_front_dense_FE": 2, "n_front_dense_PE": 1, "n_front_dense_RxDec": 2, "state_width": 8, "n_epochs": 15, "J_list": [2.77229642868042, 2.771174907684326, 2.7699341773986816, 2.7695469856262207, 2.7659828662872314, 2.763698101043701, 2.759944438934326, 2.75941801071167, 2.7570247650146484, 2.7515316009521484, 2.7381949424743652, 2.731346607208252, 2.7251811027526855, 2.710629940032959, 2.6894679069519043], "time_taken": 54.68980932235718}