{"n_front_dense_FE": 3, "n_front_dense_PE": 1, "n_front_dense_RxDec": 2, "state_width": 8, "n_epochs": 15, "J_list": [2.7725443840026855, 2.771695375442505, 2.770299196243286, 2.770232677459717, 2.7677524089813232, 2.766007900238037, 2.763223648071289, 2.756821870803833, 2.7572121620178223, 2.7468814849853516, 2.7403130531311035, 2.72566294670105, 2.7114157676696777, 2.6957345008850098, 2.668009042739868], "time_taken": 69.24648666381836}