{"n_front_dense_FE": 1, "n_front_dense_PE": 1, "n_front_dense_RxDec": 2, "state_width": 8, "n_epochs": 15, "J_list": [2.7749099731445312, 2.7705836296081543, 2.7691617012023926, 2.769357204437256, 2.766613721847534, 2.7661972045898438, 2.7636349201202393, 2.757887363433838, 2.759589910507202, 2.748936891555786, 2.7502450942993164, 2.7462451457977295, 2.7348697185516357, 2.7362782955169678, 2.7192318439483643], "time_taken": 53.794541120529175}