{"n_front_dense_FE": 2, "n_front_dense_PE": 1, "n_front_dense_RxDec": 2, "state_width": 8, "n_epochs": 15, "J_list": [2.772127389907837, 2.77260160446167, 2.7703099250793457, 2.7687809467315674, 2.7662577629089355, 2.761298656463623, 2.760185718536377, 2.758995771408081, 2.754488468170166, 2.7426161766052246, 2.7302136421203613, 2.7317142486572266, 2.7148220539093018, 2.7021422386169434, 2.699826717376709], "time_taken": 55.28915596008301}