{"n_front_dense_FE": 2, "n_front_dense_PE": 1, "n_front_dense_RxDec": 2, "state_width": 8, "n_epochs": 15, "J_list": [2.773449659347534, 2.7732174396514893, 2.771615982055664, 2.7708041667938232, 2.7697081565856934, 2.7676968574523926, 2.767432451248169, 2.762698173522949, 2.7590551376342773, 2.7524123191833496, 2.750793933868408, 2.744892120361328, 2.7269439697265625, 2.7260825634002686, 2.7183456420898438], "time_taken": 55.27952265739441}