{"n_front_dense_FE": 1, "n_front_dense_PE": 1, "n_front_dense_RxDec": 2, "state_width": 8, "n_epochs": 15, "J_list": [2.7723584175109863, 2.7717180252075195, 2.770552396774292, 2.7680773735046387, 2.7678539752960205, 2.7670023441314697, 2.7664763927459717, 2.7611448764801025, 2.760087013244629, 2.753300428390503, 2.754634141921997, 2.746739387512207, 2.737792730331421, 2.7323594093322754, 2.7340736389160156], "time_taken": 65.86967396736145}