{"n_front_dense_FE": 3, "n_front_dense_PE": 1, "n_front_dense_RxDec": 2, "state_width": 8, "n_epochs": 15, "J_list": [2.7726802825927734, 2.7718935012817383, 2.771477222442627, 2.768558979034424, 2.7676854133605957, 2.7670092582702637, 2.7651636600494385, 2.7623775005340576, 2.7526397705078125, 2.7496800422668457, 2.7406249046325684, 2.7373905181884766, 2.7203431129455566, 2.7001113891601562, 2.672624111175537], "time_taken": 68.92931532859802}