{"n_front_dense_FE": 2, "n_front_dense_PE": 2, "n_front_dense_RxDec": 2, "state_width": 8, "n_epochs": 20, "n_additional_epochs": 1, "CFO_coef": 1, "SNR": 13, "J_list": [2.7724521160125732, 2.7648367881774902, 2.8498382568359375, 2.7749602794647217, 2.7806859016418457, 2.7556681632995605, 2.7547640800476074, 2.746321439743042, 2.6681578159332275, 2.6282665729522705, 2.5682480335235596, 2.388960599899292, 2.31557559967041, 2.2286376953125, 2.228307008743286, 2.2024147510528564, 2.5378940105438232, 1.7649123668670654, 1.6703962087631226, 2.040559768676758, 1.7767648696899414], "time_taken": 96.10324788093567, "bit_accuracy": 0.3928125}