{"n_front_dense_FE": 2, "n_front_dense_PE": 2, "n_front_dense_RxDec": 2, "state_width": 8, "n_epochs": 1, "n_additional_epochs": 1, "CFO_coef": 0, "SNR": 13, "J_list": [2.7723660469055176, 2.7825942039489746], "time_taken": 9.270273923873901, "bit_accuracy": 0.05750000000000001}