{"n_front_dense_FE": 2, "n_front_dense_PE": 2, "n_front_dense_RxDec": 2, "state_width": 8, "n_epochs": 1, "n_additional_epochs": 1, "CFO_coef": 0, "SNR": 6, "J_list": [2.7714037895202637, 2.809351682662964], "time_taken": 8.48706841468811, "bit_accuracy": 0.0609375}