{"n_front_dense_FE": 2, "n_front_dense_PE": 2, "n_front_dense_RxDec": 2, "state_width": 8, "n_epochs": 20, "n_additional_epochs": 40, "CFO_coef": 1, "SNR": 13, "J_list": [2.7720961570739746, 2.774933338165283, 2.778687000274658, 2.7588043212890625, 2.709104537963867, 2.7293195724487305, 2.724663257598877, 2.7200794219970703, 2.6681296825408936, 2.75179123878479, 2.5813019275665283, 2.7545418739318848, 2.6390252113342285, 2.842226505279541, 2.483142375946045, 2.4881906509399414, 2.4409821033477783, 2.3349897861480713, 2.3053269386291504, 2.5794296264648438, 1.5988905429840088, 1.5278091430664062, 1.5436244010925293, 1.4997469186782837, 1.9002082347869873, 1.65056574344635, 1.5029215812683105, 1.7946847677230835, 1.5176866054534912, 1.4657361507415771, 1.8199878931045532, 1.7326217889785767, 1.9416834115982056, 1.5879151821136475, 1.6884124279022217, 1.4842830896377563, 1.9709686040878296, 1.4661225080490112, 1.4987354278564453, 1.5367389917373657], "time_taken": 300.2825520038605, "bit_accuracy": 0.4384374999999999}