{"n_front_dense_FE": 2, "n_front_dense_PE": 2, "n_front_dense_RxDec": 2, "state_width": 8, "n_epochs": 40, "n_additional_epochs": 20, "CFO_coef": 1, "SNR": 4, "J_list": [2.77266788482666, 2.7769672870635986, 2.7662744522094727, 2.7821109294891357, 2.7780215740203857, 2.7533419132232666, 2.7266039848327637, 2.6634154319763184, 2.6745572090148926, 2.641044855117798, 2.405336380004883, 2.2854678630828857, 2.0778322219848633, 2.3821263313293457, 2.292886734008789, 2.1931545734405518, 1.97760808467865, 1.7459137439727783, 1.6255295276641846, 1.5180425643920898, 1.4635968208312988, 1.5103248357772827, 1.4742944240570068, 1.156667709350586, 1.1920636892318726, 1.1410694122314453, 1.1464236974716187, 1.0272072553634644, 1.2736375331878662, 0.7088096737861633, 0.6834820508956909, 2.717015027999878, 1.6719725131988525, 1.1621774435043335, 0.9402772784233093, 1.2204385995864868, 0.7399137616157532, 1.717186689376831, 0.7209711074829102, 1.3654711246490479, 0.7424008250236511, 0.9428179860115051, 0.4956623613834381, 0.7991762161254883, 0.47748222947120667, 0.4308484196662903, 0.9108045697212219, 0.5094574689865112, 0.381899356842041, 0.4038771688938141, 1.1072394847869873, 0.34646379947662354, 0.9287155270576477, 0.3455280661582947, 0.2968078553676605, 0.51910400390625, 0.41780591011047363, 0.3644009828567505, 0.30548515915870667, 0.27273380756378174], "time_taken": 413.90811419487, "bit_accuracy": 0.928125}