{"n_front_dense_FE": 2, "n_front_dense_PE": 2, "n_front_dense_RxDec": 2, "state_width": 8, "n_epochs": 40, "n_additional_epochs": 20, "CFO_coef": 1, "SNR": 3, "J_list": [2.7722134590148926, 2.774324417114258, 2.7719013690948486, 2.7629330158233643, 2.78432297706604, 2.700913906097412, 2.786644458770752, 2.6385719776153564, 2.4911932945251465, 2.715763568878174, 2.826799154281616, 2.370781898498535, 2.3838963508605957, 2.466848850250244, 2.316254138946533, 2.306217908859253, 2.1706862449645996, 2.2116565704345703, 2.49701189994812, 2.2240004539489746, 2.2473182678222656, 2.102591037750244, 1.9694747924804688, 1.8222576379776, 1.9539642333984375, 2.028622627258301, 1.7645130157470703, 2.4244039058685303, 1.546461820602417, 1.586904764175415, 1.4545542001724243, 1.3197530508041382, 1.4429314136505127, 1.4202085733413696, 1.334038496017456, 1.2133439779281616, 2.0863475799560547, 1.8309322595596313, 1.2455060482025146, 1.2208610773086548, 0.9561344385147095, 0.8303272128105164, 0.8146269917488098, 0.8063443899154663, 0.7153565287590027, 0.9637333154678345, 0.7477596402168274, 0.7009913325309753, 0.8091284036636353, 0.6855338215827942, 1.6821686029434204, 0.6399968862533569, 0.6355067491531372, 0.5960752367973328, 0.7094353437423706, 1.075021505355835, 0.8241117596626282, 0.9219087362289429, 0.7868692278862, 0.6407111883163452], "time_taken": 326.75850915908813, "bit_accuracy": 0.728125}