{"n_front_dense_FE": 2, "n_front_dense_PE": 2, "n_front_dense_RxDec": 2, "state_width": 8, "n_epochs": 40, "n_additional_epochs": 20, "CFO_coef": 0.1, "SNR": 5, "J_list": [2.7714285850524902, 2.7898752689361572, 2.7754197120666504, 2.7721846103668213, 2.7212300300598145, 2.7067878246307373, 2.6382155418395996, 2.590175151824951, 2.530069589614868, 2.4106998443603516, 2.4284157752990723, 2.3268680572509766, 2.227386236190796, 2.123892307281494, 1.938323736190796, 1.8964704275131226, 1.880545973777771, 1.7191364765167236, 1.605536699295044, 1.5195468664169312, 1.4904663562774658, 1.4597762823104858, 1.3082475662231445, 1.1968828439712524, 1.1846433877944946, 1.0799096822738647, 0.9699841737747192, 0.9072154760360718, 0.6999797821044922, 0.7375972867012024, 0.7081255912780762, 0.6430070400238037, 0.45029640197753906, 0.549418568611145, 0.5242802500724792, 0.6407169103622437, 0.4842306971549988, 0.33714812994003296, 0.43948763608932495, 0.38895779848098755, 0.27641984820365906, 0.22142362594604492, 0.1898956447839737, 0.1498298943042755, 0.1587151288986206, 0.12269453704357147, 0.19181933999061584, 0.18417058885097504, 0.11486818641424179, 0.12231183052062988, 0.10574363172054291, 0.11589650809764862, 0.09606877714395523, 0.09136698395013809, 0.08859182894229889, 0.11226145178079605, 0.07764790952205658, 0.0761578157544136, 0.08674106001853943, 0.07399465888738632], "time_taken": 304.82993173599243, "bit_accuracy": 0.98125}