{"n_front_dense_FE": 2, "n_front_dense_PE": 2, "n_front_dense_RxDec": 2, "state_width": 8, "n_epochs": 40, "n_additional_epochs": 20, "CFO_coef": 0.5, "SNR": 2, "J_list": [2.7729501724243164, 2.78283953666687, 2.779482364654541, 2.7609381675720215, 2.742516040802002, 2.7281594276428223, 2.7122931480407715, 2.696005344390869, 2.594118595123291, 2.510890483856201, 2.4703962802886963, 2.456833600997925, 2.396169900894165, 2.2104580402374268, 2.107978343963623, 2.136192798614502, 1.7816931009292603, 1.7852360010147095, 1.6612462997436523, 1.6086080074310303, 1.4791333675384521, 1.516265869140625, 1.2430319786071777, 1.137458324432373, 1.079941749572754, 1.0037504434585571, 1.1046924591064453, 1.1620384454727173, 0.912584662437439, 1.0501713752746582, 0.8577038645744324, 0.8037256002426147, 0.9074465036392212, 0.680083155632019, 0.865631103515625, 0.5645012855529785, 0.5892096757888794, 0.8766841888427734, 0.6577550768852234, 0.6468165516853333, 0.4483253061771393, 0.36013537645339966, 0.3882713317871094, 0.5747088193893433, 0.47051501274108887, 0.30023860931396484, 0.36778610944747925, 0.3575870990753174, 0.25979599356651306, 0.3377121388912201, 0.6087023615837097, 0.32805055379867554, 0.2537685036659241, 0.27269530296325684, 0.2621706426143646, 0.23760223388671875, 0.2542632818222046, 0.19838067889213562, 0.212418794631958, 0.1880999356508255], "time_taken": 315.7086703777313, "bit_accuracy": 0.9}