{"n_front_dense_FE": 2, "n_front_dense_PE": 2, "n_front_dense_RxDec": 2, "state_width": 8, "n_epochs": 40, "n_additional_epochs": 20, "CFO_coef": 0.5, "SNR": 3, "J_list": [2.772768497467041, 2.770203113555908, 2.810750961303711, 2.7774884700775146, 2.7476143836975098, 2.763071298599243, 2.721857786178589, 2.640964984893799, 2.5383388996124268, 2.573805332183838, 2.3470711708068848, 2.3336174488067627, 2.1877596378326416, 2.0049262046813965, 1.9008491039276123, 2.028308868408203, 1.6921074390411377, 1.5641686916351318, 1.5928895473480225, 1.266808032989502, 0.9290460348129272, 1.0468120574951172, 1.623368501663208, 1.8964992761611938, 0.8206117749214172, 0.912118136882782, 1.0654323101043701, 0.7614878416061401, 0.6687729358673096, 0.714252233505249, 0.6805559396743774, 0.6843353509902954, 0.5579699873924255, 0.6212228536605835, 0.5291359424591064, 0.5544969439506531, 0.4132133424282074, 0.5295127630233765, 0.3013428747653961, 0.2935038208961487, 0.37640994787216187, 0.6515425443649292, 0.3205474615097046, 0.7105362415313721, 0.24482807517051697, 0.24180574715137482, 0.22454723715782166, 0.190858393907547, 0.24131467938423157, 0.2737897038459778, 0.13749758899211884, 0.16951626539230347, 0.14586946368217468, 1.2050024271011353, 0.2262718230485916, 0.1807517260313034, 0.1382828950881958, 0.11358942836523056, 0.12494436651468277, 0.1236414760351181], "time_taken": 314.18955540657043, "bit_accuracy": 0.803125}