{"n_front_dense_FE": 2, "n_front_dense_PE": 2, "n_front_dense_RxDec": 2, "state_width": 8, "n_epochs": 40, "n_additional_epochs": 20, "CFO_coef": 0.1, "SNR": 3, "J_list": [2.772433042526245, 2.784496784210205, 2.7832062244415283, 2.771458387374878, 2.740764617919922, 2.719905138015747, 2.627708911895752, 2.5150232315063477, 2.5172576904296875, 2.524282455444336, 2.1958842277526855, 2.2522406578063965, 2.131591796875, 2.0426344871520996, 1.9893372058868408, 1.8082183599472046, 1.6426441669464111, 1.5302883386611938, 1.3514114618301392, 1.1576721668243408, 1.013989806175232, 0.8498939275741577, 0.8147061467170715, 0.6178768277168274, 0.6680229306221008, 0.520628809928894, 0.5942884683609009, 0.42404669523239136, 0.42082110047340393, 0.36797747015953064, 0.37837448716163635, 0.33813953399658203, 0.26526278257369995, 0.35016125440597534, 0.271456778049469, 0.32296594977378845, 0.40802210569381714, 0.5004006624221802, 0.3729685842990875, 0.49042877554893494, 0.4648388922214508, 0.13068822026252747, 0.15106873214244843, 0.06771624833345413, 0.06674988567829132, 0.051117219030857086, 0.06272424012422562, 0.059466492384672165, 0.07710504531860352, 0.04630120471119881, 0.04464929178357124, 0.05312790349125862, 0.02234482206404209, 0.06240614503622055, 0.020038355141878128, 0.019710185006260872, 0.02320927008986473, 0.012570133432745934, 0.014753063209354877, 0.02693401277065277], "time_taken": 323.86896777153015, "bit_accuracy": 1.0}