{"n_front_dense_FE": 2, "n_front_dense_PE": 1, "n_front_dense_RxDec": 2, "state_width": 8, "n_epochs": 80, "J_list": [2.77323579788208, 2.771174907684326, 2.787493944168091, 2.772010326385498, 2.7446415424346924, 2.682438373565674, 2.6045072078704834, 2.5702462196350098, 2.4244894981384277, 2.180473804473877, 2.168539524078369, 2.0756096839904785, 1.9319591522216797, 1.5600121021270752, 1.4315979480743408, 1.2894890308380127, 1.1715593338012695, 0.8665889501571655, 0.8273948431015015, 0.7333309650421143, 0.5615421533584595, 0.47783470153808594, 0.3498419225215912, 0.367302805185318, 0.24343201518058777, 0.23226960003376007, 0.20897498726844788, 0.10651205480098724, 0.13701651990413666, 0.19093814492225647, 0.0670849084854126, 0.10077984631061554, 0.10310006141662598, 0.08953845500946045, 0.13391020894050598, 0.09712231159210205, 0.11674590408802032, 0.050138771533966064, 0.2896016240119934, 0.4556945860385895, 0.19900387525558472, 0.5726161599159241, 0.26043301820755005, 0.7498942017555237, 0.35956889390945435, 0.3932344615459442, 0.34096312522888184, 0.5100719332695007, 0.3094991147518158, 0.21190425753593445, 0.4412356913089752, 0.19985614717006683, 0.2230149507522583, 0.23041662573814392, 0.1375167965888977, 0.1300967037677765, 0.1268797665834427, 0.12288811057806015, 0.06841453164815903, 0.06898270547389984, 0.06895256042480469, 0.08950622379779816, 0.06832478195428848, 0.03541488200426102, 0.04173292592167854, 0.05521209165453911, 0.06306327879428864, 0.05068225786089897, 0.040938522666692734, 0.035373009741306305, 0.031542740762233734, 0.01967623457312584, 0.014140377752482891, 0.018905749544501305, 0.021875130012631416, 0.018306363373994827, 0.007222852203994989, 0.008830906823277473, 0.005472708493471146, 0.003449929179623723], "time_taken": 495.3937017917633}