{"n_front_dense_FE": 2, "n_front_dense_PE": 1, "n_front_dense_RxDec": 2, "state_width": 8, "n_epochs": 80, "J_list": [2.772178888320923, 2.7608847618103027, 2.7986903190612793, 2.7636170387268066, 2.729739189147949, 2.676020860671997, 2.6117095947265625, 2.4328951835632324, 2.4733047485351562, 2.1530404090881348, 1.9636220932006836, 1.7102197408676147, 1.7178056240081787, 1.7706025838851929, 1.802170753479004, 1.3445444107055664, 1.4726874828338623, 1.2926068305969238, 1.259329080581665, 1.0196340084075928, 0.9575155377388, 0.8691501617431641, 0.7675105929374695, 0.5806427001953125, 0.5856906175613403, 0.4121653139591217, 0.36747604608535767, 0.27396756410598755, 0.26205363869667053, 0.18917331099510193, 0.20979730784893036, 0.10421271622180939, 0.1163245216012001, 0.0850108191370964, 0.10892865806818008, 0.0903337225317955, 0.05101481080055237, 0.11516807228326797, 0.02988606132566929, 0.040733493864536285, 0.047930337488651276, 0.04277004301548004, 0.02340342476963997, 0.017368976026773453, 0.029041120782494545, 0.015904873609542847, 0.03454337641596794, 0.04395216703414917, 0.008150809444487095, 0.027549032121896744, 0.028323251754045486, 0.03281870856881142, 0.02179204486310482, 0.009466412477195263, 0.032718729227781296, 0.032002128660678864, 0.06771750748157501, 0.03649928420782089, 0.0320180207490921, 0.06921343505382538, 0.05627574399113655, 0.12059307098388672, 0.0805322676897049, 0.350830078125, 0.05003672093153, 0.27524393796920776, 0.5098484754562378, 0.12291529029607773, 0.2650589942932129, 0.38091015815734863, 0.25922664999961853, 0.2857277989387512, 0.14677897095680237, 0.04337204247713089, 0.2666410505771637, 0.07850963622331619, 0.15851786732673645, 0.12683407962322235, 0.1719006896018982, 0.24866047501564026], "time_taken": 427.1727077960968}