{"n_front_dense_FE": 2, "n_front_dense_PE": 1, "n_front_dense_RxDec": 2, "state_width": 8, "n_epochs": 80, "J_list": [2.77231764793396, 2.769897937774658, 2.7593653202056885, 2.809990882873535, 3.002666473388672, 2.728623151779175, 2.7468037605285645, 2.737222194671631, 2.736332654953003, 2.7228751182556152, 2.725778579711914, 2.675187587738037, 2.617554187774658, 2.5270349979400635, 2.4621033668518066, 2.3333332538604736, 2.2411370277404785, 2.0133633613586426, 1.9193165302276611, 2.430696487426758, 1.874535322189331, 2.039854049682617, 1.721883773803711, 1.663641333580017, 1.6937812566757202, 1.578023910522461, 1.4882075786590576, 1.3766462802886963, 1.3094598054885864, 1.2492587566375732, 1.2555780410766602, 1.091252088546753, 1.014983892440796, 1.0585072040557861, 0.8490297198295593, 0.801089882850647, 0.7482794523239136, 0.765540361404419, 0.6744832992553711, 0.6150111556053162, 0.5336281061172485, 0.526917040348053, 0.36547523736953735, 0.3798407018184662, 0.43131130933761597, 0.3168554902076721, 0.35215574502944946, 0.3385816514492035, 0.22726206481456757, 0.2510068416595459, 0.20300748944282532, 0.25787559151649475, 0.15362516045570374, 0.2601871192455292, 0.16038742661476135, 0.14201827347278595, 0.19515947997570038, 0.10505270957946777, 0.13460712134838104, 0.20105068385601044, 0.09435302019119263, 0.11039487272500992, 0.09098826348781586, 0.12130598723888397, 0.05553295090794563, 0.07889942824840546, 0.07984037697315216, 0.09840963780879974, 0.042280860245227814, 0.1499820500612259, 0.10979217290878296, 0.23163452744483948, 0.14088015258312225, 0.26399797201156616, 0.11615391075611115, 0.2775067687034607, 0.13429927825927734, 0.4224071502685547, 0.1869174987077713, 0.41623133420944214], "time_taken": 466.1096200942993}