{"n_front_dense_FE": 8, "n_front_dense_PE": 1, "n_front_dense_RxDec": 2, "state_width": 8, "n_epochs": 80, "J_list": [2.7723801136016846, 2.871782064437866, 2.77276873588562, 2.7763097286224365, 2.77073335647583, 2.7736077308654785, 2.768075704574585, 2.769871950149536, 2.772531032562256, 2.769557237625122, 2.7679505348205566, 2.7597734928131104, 2.738863706588745, 2.721282482147217, 2.7104296684265137, 2.6679632663726807, 2.647670030593872, 2.643615961074829, 2.556488275527954, 2.5474259853363037, 2.5089111328125, 2.46955943107605, 2.4698193073272705, 2.3961799144744873, 2.381168842315674, 2.3282077312469482, 2.283491849899292, 2.255419969558716, 2.22291898727417, 2.1178719997406006, 2.106477975845337, 2.0333094596862793, 2.002134323120117, 1.9332870244979858, 1.948797583580017, 1.938446044921875, 1.9008808135986328, 1.9138046503067017, 1.811549186706543, 1.7740638256072998, 1.7657043933868408, 1.8023803234100342, 1.7215286493301392, 1.711292028427124, 1.723478078842163, 1.6700878143310547, 1.6743711233139038, 1.6566932201385498, 1.5561306476593018, 1.528735876083374, 1.5530465841293335, 1.5149327516555786, 1.4557483196258545, 1.4203073978424072, 1.3965728282928467, 1.4112215042114258, 1.354030728340149, 1.2487459182739258, 1.2146344184875488, 1.5978899002075195, 1.3451650142669678, 1.447770595550537, 1.347823977470398, 1.4153311252593994, 1.3351256847381592, 1.3040292263031006, 1.1412057876586914, 1.3398730754852295, 1.2032402753829956, 1.120784044265747, 1.0616124868392944, 1.0357507467269897, 1.0128732919692993, 1.0104310512542725, 0.9292990565299988, 0.9587518572807312, 1.0947555303573608, 1.147534728050232, 0.9917773008346558, 0.9917295575141907], "time_taken": 753.2180845737457}