{"n_front_dense_FE": 2, "n_front_dense_PE": 1, "n_front_dense_RxDec": 2, "state_width": 8, "n_epochs": 80, "J_list": [2.773801326751709, 2.789076328277588, 2.766695022583008, 2.773404598236084, 2.7492477893829346, 2.6854350566864014, 2.6233184337615967, 2.507383346557617, 2.364541530609131, 2.2390975952148438, 2.120591163635254, 1.8277347087860107, 1.7631394863128662, 1.4844996929168701, 1.3012123107910156, 1.1330569982528687, 1.0160725116729736, 0.8728591799736023, 0.7713407278060913, 0.6571369171142578, 0.6948774456977844, 0.6070602536201477, 0.42393168807029724, 0.41547417640686035, 0.41737881302833557, 0.3260495364665985, 0.37811189889907837, 0.40711909532546997, 0.31099772453308105, 0.28937655687332153, 0.2833731770515442, 0.28167757391929626, 0.2779698073863983, 0.29612383246421814, 0.22597897052764893, 0.23702077567577362, 0.21941713988780975, 0.13446255028247833, 0.167724609375, 0.22134312987327576, 0.09908576309680939, 0.11908266693353653, 0.1702030599117279, 0.17909088730812073, 0.10031624138355255, 0.20078691840171814, 0.11418797820806503, 0.11400485038757324, 0.20124180614948273, 0.10990409553050995, 0.12311313301324844, 0.10775633156299591, 0.11215515434741974, 0.12852591276168823, 0.09834301471710205, 0.10047075897455215, 0.1336059272289276, 0.09239618480205536, 0.11698406934738159, 0.07924596965312958, 0.09917372465133667, 0.07957615703344345, 0.07691559940576553, 0.13356757164001465, 0.08136477321386337, 0.06532174348831177, 0.08295226097106934, 0.08377858251333237, 0.07205740362405777, 0.06412988156080246, 0.08099213987588882, 0.04499005526304245, 0.10082855075597763, 0.1212664395570755, 0.04483918100595474, 0.043177999556064606, 0.045246101915836334, 0.11982528865337372, 0.05831371992826462, 0.07793829590082169], "time_taken": 394.8730845451355}