{"n_front_dense_FE": 8, "n_front_dense_PE": 1, "n_front_dense_RxDec": 2, "state_width": 8, "n_epochs": 80, "J_list": [2.772540330886841, 2.782116651535034, 2.7805233001708984, 2.7725210189819336, 2.772435426712036, 2.782825469970703, 2.772390604019165, 2.768054246902466, 2.767911195755005, 2.770874500274658, 2.7517666816711426, 2.74052095413208, 2.7568020820617676, 2.716125011444092, 2.7123732566833496, 2.656677722930908, 2.639200210571289, 2.6755478382110596, 2.6137948036193848, 2.5820446014404297, 2.5643603801727295, 2.533635377883911, 2.5064823627471924, 2.4374847412109375, 2.4251644611358643, 2.3472626209259033, 2.37083101272583, 2.3140206336975098, 2.289902687072754, 2.1623947620391846, 2.120290756225586, 2.105701208114624, 2.0983614921569824, 2.120784282684326, 1.9962936639785767, 2.057473659515381, 1.9414012432098389, 1.9182323217391968, 1.8463836908340454, 1.8600170612335205, 1.7616500854492188, 1.6950286626815796, 1.683609962463379, 1.6554332971572876, 1.6535682678222656, 1.8913367986679077, 1.6159985065460205, 1.8927545547485352, 1.503429651260376, 1.6253572702407837, 1.5548639297485352, 1.6070640087127686, 1.4644206762313843, 1.428082823753357, 1.3974401950836182, 1.4558086395263672, 1.4114551544189453, 1.3244874477386475, 1.2799766063690186, 1.248091459274292, 1.2196682691574097, 1.138870120048523, 1.1424602270126343, 1.1488794088363647, 1.075174331665039, 1.095137119293213, 0.9853311777114868, 1.0710246562957764, 1.0567926168441772, 1.002118468284607, 0.9557853937149048, 0.9180823564529419, 1.0165445804595947, 0.9997068643569946, 0.863187313079834, 0.9033795595169067, 1.1320903301239014, 0.8244296908378601, 0.8995935320854187, 1.0548855066299438], "time_taken": 693.9719171524048}