{"n_front_dense_FE": 4, "n_front_dense_PE": 1, "n_front_dense_RxDec": 2, "state_width": 8, "n_epochs": 80, "J_list": [2.772954225540161, 2.774841785430908, 2.766897201538086, 2.8260321617126465, 2.7704176902770996, 2.775649309158325, 2.759389638900757, 2.75811505317688, 2.723360776901245, 2.719722032546997, 2.6480398178100586, 2.6308231353759766, 2.5303502082824707, 2.3908498287200928, 2.7450594902038574, 2.555921792984009, 2.44221830368042, 2.393205165863037, 2.388059139251709, 2.423274040222168, 2.4132580757141113, 2.3805415630340576, 2.2548444271087646, 2.143176555633545, 2.130152463912964, 2.0673863887786865, 2.060821294784546, 1.9476779699325562, 1.8661472797393799, 1.8521451950073242, 1.7713218927383423, 1.764654517173767, 1.6153879165649414, 1.51530122756958, 1.4962775707244873, 1.399714469909668, 1.3799206018447876, 1.283756971359253, 1.224011778831482, 1.0941877365112305, 0.9755496978759766, 1.1807914972305298, 1.1567370891571045, 0.8616912961006165, 0.9453693628311157, 0.7747600674629211, 0.8871387243270874, 0.7886560559272766, 0.6588485836982727, 0.6092325448989868, 0.6333887577056885, 0.5933015942573547, 0.48854732513427734, 0.43251562118530273, 0.5138418674468994, 0.3203466832637787, 0.40692615509033203, 0.34402456879615784, 0.3574374318122864, 0.35818761587142944, 0.2349591702222824, 0.26688751578330994, 0.25969910621643066, 0.30164292454719543, 0.2146865874528885, 0.26546430587768555, 0.3111947178840637, 0.2632344365119934, 0.25397905707359314, 0.25735902786254883, 0.17502009868621826, 0.22515258193016052, 0.13171379268169403, 0.20817343890666962, 0.0930745005607605, 0.15693075954914093, 0.12341950088739395, 0.18286165595054626, 0.2008810043334961, 0.1963243931531906], "time_taken": 511.84756565093994}