{"n_front_dense_FE": 2, "n_front_dense_PE": 1, "n_front_dense_RxDec": 2, "state_width": 8, "n_epochs": 80, "J_list": [2.772575855255127, 2.785369396209717, 2.774014711380005, 2.7456231117248535, 2.7330727577209473, 2.655543565750122, 2.5045652389526367, 2.4611411094665527, 2.2355659008026123, 2.6368870735168457, 2.122232437133789, 2.066394329071045, 1.921163558959961, 1.8370163440704346, 1.7536308765411377, 1.6467959880828857, 1.5685867071151733, 1.4319826364517212, 1.3894275426864624, 1.2466833591461182, 1.2059071063995361, 1.1287314891815186, 1.0026417970657349, 0.937333881855011, 0.9310122728347778, 0.7765567302703857, 0.7428089380264282, 0.7364071607589722, 0.5731046199798584, 0.5041229128837585, 0.5068842172622681, 0.42637187242507935, 0.3527860641479492, 0.4247923791408539, 0.3513760566711426, 0.2747240960597992, 0.22876712679862976, 0.2908819317817688, 0.158381387591362, 0.19461965560913086, 0.12362031638622284, 0.12984898686408997, 0.10644517093896866, 0.11233613640069962, 0.09971724450588226, 0.1564042568206787, 0.10686977207660675, 0.11018277704715729, 0.09220682084560394, 0.07208456099033356, 0.05231081321835518, 0.14254280924797058, 0.10103487968444824, 0.09872744977474213, 0.17387087643146515, 0.04789062216877937, 0.17702056467533112, 0.19253306090831757, 0.04954905807971954, 0.17812974750995636, 0.1608165204524994, 0.15552332997322083, 0.06796711683273315, 0.17787805199623108, 0.1221911683678627, 0.048407651484012604, 0.09684719890356064, 0.05489620566368103, 0.04514675959944725, 0.1003396138548851, 0.1048218235373497, 0.10613665729761124, 0.12275073677301407, 0.07570172846317291, 0.16468730568885803, 0.1238003522157669, 0.08109226077795029, 0.07752859592437744, 0.04676289111375809, 0.1087120994925499], "time_taken": 551.0374019145966}