{"n_front_dense_FE": 8, "n_front_dense_PE": 1, "n_front_dense_RxDec": 2, "state_width": 8, "n_epochs": 80, "J_list": [2.7729203701019287, 2.788811206817627, 2.7711472511291504, 2.7712466716766357, 2.7711398601531982, 2.7980477809906006, 2.7818522453308105, 2.783120632171631, 2.7711234092712402, 2.766669750213623, 2.7690351009368896, 2.7728826999664307, 2.773970127105713, 2.7459778785705566, 2.7451272010803223, 2.7072932720184326, 2.6944174766540527, 2.687460422515869, 2.683262586593628, 2.6239798069000244, 2.6173794269561768, 2.6143665313720703, 2.6180176734924316, 2.5982587337493896, 2.5958781242370605, 2.5883994102478027, 2.5625534057617188, 2.5317957401275635, 2.4932711124420166, 2.566035032272339, 2.5085155963897705, 2.508476972579956, 2.53702712059021, 2.5088558197021484, 2.4600093364715576, 2.458792209625244, 2.4157490730285645, 2.4175243377685547, 2.4385159015655518, 2.385671615600586, 2.354218006134033, 2.391267776489258, 2.368166923522949, 2.295820713043213, 2.2941746711730957, 2.283907413482666, 2.207728862762451, 2.217433214187622, 2.1952693462371826, 2.137751340866089, 2.1216578483581543, 2.0497169494628906, 2.027296543121338, 1.9643672704696655, 1.8849542140960693, 1.9036365747451782, 1.887852668762207, 1.8006582260131836, 1.8149888515472412, 1.7717247009277344, 1.7962634563446045, 1.7865288257598877, 1.717227578163147, 1.7989652156829834, 1.9252738952636719, 1.6602230072021484, 1.8080593347549438, 1.60675048828125, 1.7461974620819092, 1.6503212451934814, 1.656677007675171, 1.5900108814239502, 1.56134033203125, 1.5662448406219482, 1.4862892627716064, 1.5162107944488525, 1.4698649644851685, 1.4076429605484009, 1.4415950775146484, 1.44685959815979], "time_taken": 766.2465388774872}