{"n_front_dense_FE": 4, "n_front_dense_PE": 1, "n_front_dense_RxDec": 2, "state_width": 8, "n_epochs": 80, "J_list": [2.77278208732605, 2.777952194213867, 2.7659575939178467, 2.785053014755249, 2.768338441848755, 2.7408194541931152, 2.6775825023651123, 2.6079559326171875, 2.707217216491699, 2.4872021675109863, 2.495450496673584, 2.3330368995666504, 2.251450777053833, 2.1422946453094482, 2.217895030975342, 2.3885579109191895, 1.8108139038085938, 1.8707174062728882, 1.7532154321670532, 1.7484172582626343, 1.6018272638320923, 1.5186961889266968, 1.4955159425735474, 1.399672269821167, 1.370538353919983, 1.2022209167480469, 1.2237879037857056, 1.098297119140625, 1.0129125118255615, 1.1357190608978271, 0.9756519198417664, 0.9443166851997375, 0.8574588894844055, 0.7964853048324585, 0.8746126294136047, 0.8182398080825806, 0.8622632026672363, 0.6856942176818848, 0.9734069108963013, 0.7774690985679626, 0.6538726091384888, 0.5484827160835266, 0.6533676385879517, 0.6115588545799255, 0.6313177347183228, 0.5721608400344849, 0.5981877446174622, 0.5480372309684753, 0.6119661331176758, 0.46187782287597656, 0.4512898027896881, 0.5101671814918518, 0.5265750885009766, 0.4380917549133301, 0.4911249577999115, 0.4146415591239929, 0.3887227773666382, 0.39083898067474365, 0.47840866446495056, 0.3337036967277527, 0.36637669801712036, 0.3532903790473938, 0.3424796462059021, 0.3432232737541199, 0.29783374071121216, 0.32812270522117615, 0.2951929569244385, 0.23464283347129822, 0.5172481536865234, 0.3669894337654114, 0.23346538841724396, 0.4192740321159363, 0.24937757849693298, 0.4076840281486511, 0.31119832396507263, 0.3579576909542084, 0.5227816104888916, 0.2877732813358307, 0.3821451663970947, 0.327343225479126], "time_taken": 516.6276698112488}