{"n_front_dense_FE": 4, "n_front_dense_PE": 1, "n_front_dense_RxDec": 2, "state_width": 8, "n_epochs": 80, "J_list": [2.7726571559906006, 2.7837047576904297, 2.773749589920044, 2.769500732421875, 2.7747855186462402, 2.761178493499756, 2.727484941482544, 2.629809856414795, 2.6290299892425537, 2.5686516761779785, 2.3949954509735107, 2.3768115043640137, 2.3247058391571045, 2.156297445297241, 2.2160301208496094, 1.9788029193878174, 1.8823658227920532, 1.8050464391708374, 1.6289093494415283, 1.6171209812164307, 1.5782086849212646, 1.7042049169540405, 1.48872971534729, 1.497403621673584, 1.4054267406463623, 1.5218019485473633, 1.2812238931655884, 1.4389417171478271, 1.2829517126083374, 1.2425459623336792, 1.3059889078140259, 1.2179334163665771, 1.1715636253356934, 1.0513570308685303, 1.2439496517181396, 1.0791951417922974, 1.0216331481933594, 0.9601594805717468, 0.8764475584030151, 0.827187180519104, 0.7465614080429077, 0.7579229474067688, 0.6418550610542297, 0.551503598690033, 0.4653911590576172, 0.5178288221359253, 0.42968907952308655, 0.4745139181613922, 0.4947519302368164, 0.41162747144699097, 0.3142022490501404, 0.4611040949821472, 0.6749394536018372, 0.5347691178321838, 0.7054797410964966, 0.783069372177124, 0.5015804767608643, 0.7528995275497437, 0.6733536124229431, 0.7681165933609009, 0.4067080616950989, 0.5627427101135254, 0.4162982404232025, 0.5102081298828125, 0.4546331465244293, 0.6684295535087585, 0.38183602690696716, 0.3489777147769928, 0.43141260743141174, 0.4361436367034912, 0.4331471920013428, 0.38773345947265625, 0.35353899002075195, 0.3242363929748535, 0.2764334976673126, 0.2569717764854431, 0.2765572667121887, 0.19269579648971558, 0.25469738245010376, 0.2317463606595993], "time_taken": 513.5495569705963}