{"n_front_dense_FE": 4, "n_front_dense_PE": 1, "n_front_dense_RxDec": 2, "state_width": 8, "n_epochs": 80, "J_list": [2.77247953414917, 2.7787888050079346, 2.773554563522339, 2.7823269367218018, 2.7672390937805176, 2.7671945095062256, 2.706045627593994, 2.6093995571136475, 3.0299782752990723, 2.6191296577453613, 2.526299238204956, 2.6223504543304443, 2.5572009086608887, 2.473781108856201, 2.405733823776245, 2.301926851272583, 2.2947723865509033, 2.137880802154541, 2.0876364707946777, 2.0178236961364746, 1.9441725015640259, 1.961327314376831, 1.763129472732544, 1.5799070596694946, 1.6214812994003296, 1.6896098852157593, 1.3797954320907593, 1.5751527547836304, 1.319668173789978, 1.247978925704956, 1.3683093786239624, 1.1346166133880615, 1.1180171966552734, 1.0251611471176147, 1.0605655908584595, 0.9165427088737488, 0.8510153889656067, 0.7863624691963196, 0.7693226933479309, 0.6460712552070618, 0.5463141202926636, 0.5680583119392395, 0.6377642154693604, 0.6157623529434204, 0.5736653804779053, 0.4944823682308197, 0.4731423258781433, 0.46111831068992615, 0.3992391526699066, 0.3747602105140686, 0.3827529549598694, 0.2972269654273987, 0.340538889169693, 0.21448740363121033, 0.23751921951770782, 0.2711160182952881, 0.21742303669452667, 0.24322965741157532, 0.19825847446918488, 0.21303240954875946, 0.15330174565315247, 0.17146211862564087, 0.12810859084129333, 0.18658120930194855, 0.2367231845855713, 0.29024776816368103, 0.22606205940246582, 0.16935110092163086, 0.192986398935318, 0.34101611375808716, 0.12385009229183197, 0.34331005811691284, 0.12287744134664536, 0.19153256714344025, 0.18937912583351135, 0.10818219184875488, 0.25466471910476685, 0.14924588799476624, 0.2009640634059906, 0.15052169561386108], "time_taken": 500.3142795562744}