{"n_front_dense_FE": 8, "n_front_dense_PE": 1, "n_front_dense_RxDec": 2, "state_width": 8, "n_epochs": 80, "J_list": [2.7726075649261475, 2.7822816371917725, 2.778529405593872, 2.7646210193634033, 2.89337420463562, 2.7765214443206787, 2.7730629444122314, 2.772230625152588, 2.7810630798339844, 2.7664384841918945, 2.767237663269043, 2.7680842876434326, 2.7511630058288574, 2.735616445541382, 2.724855899810791, 2.7109599113464355, 2.7176272869110107, 2.6803672313690186, 2.672365188598633, 2.6697945594787598, 2.6373488903045654, 2.588472366333008, 2.529083728790283, 2.589421510696411, 2.5217173099517822, 2.5225906372070312, 2.504272937774658, 2.523665428161621, 2.4329257011413574, 2.3536622524261475, 2.361359119415283, 2.341871500015259, 2.259281873703003, 2.2493889331817627, 2.184083938598633, 2.186131238937378, 2.1698355674743652, 2.1368813514709473, 2.0392792224884033, 2.0406830310821533, 1.9996216297149658, 2.012612819671631, 1.9675519466400146, 1.9666786193847656, 1.8812267780303955, 1.9494197368621826, 1.8835309743881226, 1.7949903011322021, 1.8464405536651611, 1.7856767177581787, 1.6938371658325195, 1.6918827295303345, 1.6534156799316406, 1.648132562637329, 1.5942109823226929, 1.5879307985305786, 1.5663995742797852, 1.4885495901107788, 1.4161406755447388, 1.4541699886322021, 1.416541337966919, 1.8396663665771484, 1.9143931865692139, 1.6926181316375732, 1.634423851966858, 1.6525577306747437, 1.7547441720962524, 1.5432077646255493, 1.4780346155166626, 1.4557079076766968, 1.4738836288452148, 1.4660718441009521, 1.4166561365127563, 1.3176015615463257, 1.27852463722229, 1.3165334463119507, 1.2621978521347046, 1.2127797603607178, 1.2880070209503174, 1.2144744396209717], "time_taken": 710.3674280643463}