{"n_front_dense_FE": 4, "n_front_dense_PE": 1, "n_front_dense_RxDec": 2, "state_width": 8, "n_epochs": 80, "J_list": [2.7721214294433594, 2.9802603721618652, 2.7702889442443848, 2.7799232006073, 2.7728326320648193, 2.7776036262512207, 2.7744293212890625, 2.7632927894592285, 2.764194965362549, 2.7173898220062256, 2.6862785816192627, 2.639141321182251, 2.520172595977783, 2.497570753097534, 2.4605517387390137, 2.3909707069396973, 2.3568711280822754, 2.3071866035461426, 2.312880754470825, 2.2278263568878174, 2.1984925270080566, 2.173036575317383, 2.0937459468841553, 2.0900466442108154, 2.089184045791626, 2.034749746322632, 1.9608428478240967, 1.8975632190704346, 1.883514404296875, 1.8304414749145508, 1.7324914932250977, 1.7872097492218018, 1.7162883281707764, 1.8496284484863281, 1.5574066638946533, 1.558307409286499, 1.6849677562713623, 1.5088779926300049, 1.4644941091537476, 1.3150603771209717, 1.3845818042755127, 1.4068596363067627, 1.3163493871688843, 1.1667791604995728, 1.2092784643173218, 1.231139898300171, 1.1203640699386597, 1.1147005558013916, 1.1818872690200806, 1.184626579284668, 1.1492375135421753, 1.0337637662887573, 1.0496991872787476, 0.9171942472457886, 0.8913875818252563, 0.9144129753112793, 0.9785264730453491, 0.9723417162895203, 0.845676064491272, 0.7822996973991394, 0.9112040400505066, 0.7702635526657104, 0.7076908946037292, 0.6971660256385803, 0.6904956102371216, 0.6645382046699524, 0.6059922575950623, 0.6352737545967102, 0.6049378514289856, 0.5746257901191711, 0.5565517544746399, 0.4700394570827484, 0.5203870534896851, 0.4466102719306946, 0.5709241628646851, 0.4936589300632477, 0.3703942894935608, 0.4822792410850525, 0.6029032468795776, 0.6973823308944702], "time_taken": 519.2140312194824}