{"n_front_dense_FE": 4, "n_front_dense_PE": 1, "n_front_dense_RxDec": 2, "state_width": 8, "n_epochs": 80, "J_list": [2.772470712661743, 2.7643322944641113, 2.9389452934265137, 2.7831428050994873, 2.772094488143921, 2.7757105827331543, 2.768822431564331, 2.7717952728271484, 2.7507052421569824, 2.7174360752105713, 2.6363277435302734, 2.7062456607818604, 2.5854861736297607, 2.582362651824951, 2.5275826454162598, 2.362229824066162, 2.225693464279175, 2.1977367401123047, 2.0605556964874268, 1.9144893884658813, 1.7958736419677734, 1.6993370056152344, 1.6581733226776123, 1.5880588293075562, 1.555689811706543, 1.5334094762802124, 1.4166568517684937, 1.3500208854675293, 1.298991322517395, 1.2538633346557617, 1.243166208267212, 1.0576210021972656, 1.1650266647338867, 1.0400722026824951, 1.0253630876541138, 0.9800103902816772, 0.9727144241333008, 0.9487336874008179, 0.8960458636283875, 0.8316861987113953, 0.7313405275344849, 0.8523866534233093, 0.721981942653656, 0.7301759123802185, 0.688067615032196, 0.5603541135787964, 0.5641857385635376, 0.6396487951278687, 0.5816136598587036, 0.49787789583206177, 0.5050473213195801, 0.38277387619018555, 0.4633858799934387, 0.3791894018650055, 0.40009021759033203, 0.43254250288009644, 0.27365773916244507, 0.2872544825077057, 0.32470184564590454, 0.3017255663871765, 0.18561899662017822, 0.2462533414363861, 0.2536262273788452, 0.22847190499305725, 0.1775413602590561, 0.18372634053230286, 0.17134013772010803, 0.1918080896139145, 0.19513343274593353, 0.12570349872112274, 0.16115960478782654, 0.18018470704555511, 0.17162279784679413, 0.19091574847698212, 0.21521905064582825, 0.22617439925670624, 0.14491145312786102, 0.15196998417377472, 0.17183586955070496, 0.1651969701051712], "time_taken": 508.30166888237}