{"n_front_dense_FE": 2, "n_front_dense_PE": 1, "n_front_dense_RxDec": 2, "state_width": 8, "n_epochs": 80, "J_list": [2.772286891937256, 2.778449535369873, 2.7680935859680176, 2.7573482990264893, 2.6979286670684814, 2.6120188236236572, 2.406599521636963, 2.208063840866089, 2.6128458976745605, 1.9428870677947998, 1.9495408535003662, 1.635778784751892, 1.6567432880401611, 1.452929973602295, 1.3712736368179321, 1.1162875890731812, 0.9847232699394226, 0.9075378179550171, 0.7283492088317871, 0.624313235282898, 0.5930815935134888, 0.4799165725708008, 0.3710586428642273, 0.34531599283218384, 0.37312954664230347, 0.3069426417350769, 0.31297674775123596, 0.3362746834754944, 0.26176556944847107, 0.20589494705200195, 0.31924089789390564, 0.2392728328704834, 0.11764883995056152, 0.17176340520381927, 0.18597476184368134, 0.1919146478176117, 0.167341947555542, 0.16691583395004272, 0.08941429853439331, 0.12460827827453613, 0.16893848776817322, 0.12135159969329834, 0.06593784689903259, 0.08487474918365479, 0.1190611943602562, 0.13390128314495087, 0.05001857131719589, 0.12340047210454941, 0.05671623349189758, 0.17553964257240295, 0.06502799689769745, 0.05720754712820053, 0.0654754489660263, 0.11755397170782089, 0.03902583196759224, 0.12473603338003159, 0.03995244950056076, 0.04727933555841446, 0.055771827697753906, 0.03381325677037239, 0.11863599717617035, 0.0522119514644146, 0.03841647505760193, 0.04524020105600357, 0.04005908593535423, 0.040530383586883545, 0.01482650637626648, 0.053883690387010574, 0.03436093032360077, 0.05489909648895264, 0.0398871935904026, 0.018037136644124985, 0.08485778421163559, 0.03418610244989395, 0.017336878925561905, 0.039561014622449875, 0.05730064958333969, 0.019033286720514297, 0.01721622422337532, 0.05628114193677902], "time_taken": 422.38541436195374}