{"n_front_dense_FE": 4, "n_front_dense_PE": 1, "n_front_dense_RxDec": 2, "state_width": 8, "n_epochs": 80, "J_list": [2.7726454734802246, 2.782214879989624, 2.781933307647705, 2.7724602222442627, 2.7676925659179688, 2.720994234085083, 2.668513774871826, 2.552307605743408, 3.4907901287078857, 2.9633305072784424, 2.741051197052002, 2.7479541301727295, 2.7127280235290527, 2.738029956817627, 2.681821584701538, 2.6863017082214355, 2.6327781677246094, 2.5855517387390137, 2.613466501235962, 2.4538474082946777, 2.5013821125030518, 2.435939073562622, 2.362220048904419, 2.3054566383361816, 2.248060703277588, 2.1266841888427734, 2.0778415203094482, 2.0144448280334473, 1.9890053272247314, 1.918936014175415, 1.8351211547851562, 1.7482922077178955, 1.6615619659423828, 1.6403974294662476, 1.5103294849395752, 1.4135115146636963, 1.4331567287445068, 1.2631257772445679, 1.4504255056381226, 1.4676408767700195, 1.031036138534546, 1.1935611963272095, 1.029434084892273, 1.0637396574020386, 0.8620187640190125, 0.9155187606811523, 0.8842436075210571, 0.8738346099853516, 0.8296190500259399, 0.6763931512832642, 0.8198725581169128, 0.8568253517150879, 0.7676962614059448, 0.7600001692771912, 0.7948940992355347, 0.6057249307632446, 0.6073182821273804, 0.6205909848213196, 0.4988482594490051, 0.5474799871444702, 0.4807314872741699, 0.5491942167282104, 0.38101857900619507, 0.4174620509147644, 0.5026389956474304, 0.3348626494407654, 0.3773513436317444, 0.4173758625984192, 0.278014600276947, 0.2637661099433899, 0.29369425773620605, 0.25013047456741333, 0.27036648988723755, 0.220591738820076, 0.23347802460193634, 0.25981417298316956, 0.17522156238555908, 0.16072210669517517, 0.2458217889070511, 0.23421259224414825], "time_taken": 526.6177949905396}