{"n_front_dense_FE": 4, "n_front_dense_PE": 1, "n_front_dense_RxDec": 2, "state_width": 8, "n_epochs": 80, "J_list": [2.7725183963775635, 2.7885303497314453, 2.773843765258789, 2.768873929977417, 2.756629467010498, 2.725883960723877, 2.843252658843994, 2.594714641571045, 2.468377113342285, 2.3232028484344482, 5.54819393157959, 2.4527812004089355, 2.5576279163360596, 2.4897210597991943, 2.486020565032959, 2.500659227371216, 2.451050281524658, 2.43323016166687, 2.2717084884643555, 2.2977614402770996, 2.175626277923584, 2.0940401554107666, 1.9448543787002563, 1.8909196853637695, 1.7977765798568726, 1.661016821861267, 1.5382802486419678, 1.5917952060699463, 1.3358815908432007, 1.2411396503448486, 1.2786576747894287, 1.1209237575531006, 0.9485027194023132, 0.8811090588569641, 0.925853431224823, 0.7474571466445923, 0.6232956051826477, 0.7238534092903137, 0.5917766690254211, 0.4554003179073334, 0.42330265045166016, 0.38964277505874634, 0.30050691962242126, 0.34677013754844666, 0.25822991132736206, 0.2609955370426178, 0.3543075919151306, 0.2681732177734375, 0.23822394013404846, 0.23576989769935608, 0.24383659660816193, 0.2742141783237457, 0.21823254227638245, 0.2143208086490631, 0.2251671850681305, 0.28949159383773804, 0.2429393231868744, 0.322740763425827, 0.18960459530353546, 0.24209026992321014, 0.17006675899028778, 0.21116852760314941, 0.1968490481376648, 0.11177206039428711, 0.09268679469823837, 0.1421966850757599, 0.11622007191181183, 0.07136471569538116, 0.06213407590985298, 0.0960356667637825, 0.03744233399629593, 0.15283286571502686, 0.2039939910173416, 0.05607037618756294, 0.21684785187244415, 0.12558981776237488, 0.2017815113067627, 0.06957052648067474, 0.10614832490682602, 0.12844620645046234], "time_taken": 494.0328457355499}