{"n_front_dense_FE": 2, "n_front_dense_PE": 1, "n_front_dense_RxDec": 2, "state_width": 8, "n_epochs": 80, "J_list": [2.772556781768799, 2.777194023132324, 2.7644684314727783, 2.7496063709259033, 2.737205982208252, 2.708379030227661, 2.6674671173095703, 2.6179516315460205, 2.5859580039978027, 2.4024136066436768, 2.3541767597198486, 2.19903564453125, 2.002082109451294, 1.8545290231704712, 1.6385151147842407, 1.5851848125457764, 1.4104186296463013, 1.1005313396453857, 0.9691457748413086, 0.86723393201828, 0.7052850723266602, 0.6419857740402222, 0.5856882333755493, 0.5294862985610962, 0.4192531704902649, 0.4732685685157776, 0.4069584906101227, 0.3442698121070862, 0.39206400513648987, 0.30948519706726074, 0.20281513035297394, 0.22997745871543884, 0.21791033446788788, 0.17721602320671082, 0.1725398600101471, 0.19160524010658264, 0.19024470448493958, 0.16599085927009583, 0.10293769836425781, 0.10088469088077545, 0.10151605308055878, 0.1092633381485939, 0.16730327904224396, 0.09919451177120209, 0.0677274540066719, 0.0856592059135437, 0.07135072350502014, 0.02559252455830574, 0.05121413618326187, 0.06106102466583252, 0.05457371473312378, 0.025782400742173195, 0.016068238765001297, 0.036646947264671326, 0.062453996390104294, 0.039944808930158615, 0.0036385669372975826, 0.013227294199168682, 0.022912081331014633, 0.03480558842420578, 0.012105113826692104, 0.02773410640656948, 0.044304728507995605, 0.022048266604542732, 0.007398598827421665, 0.02395089529454708, 0.002517338842153549, 0.007840417325496674, 0.009162753820419312, 0.016473129391670227, 0.05920689180493355, 0.0662253275513649, 0.03644784912467003, 0.027911746874451637, 0.007274297531694174, 0.03180953115224838, 0.06381608545780182, 0.15088026225566864, 0.07066632807254791, 0.0956549197435379], "time_taken": 389.77869987487793}