{"n_front_dense_FE": 4, "n_front_dense_PE": 1, "n_front_dense_RxDec": 2, "state_width": 8, "n_epochs": 80, "J_list": [2.7724215984344482, 2.775301694869995, 2.773026704788208, 2.7669405937194824, 2.7519824504852295, 2.7154781818389893, 2.6723175048828125, 3.1997766494750977, 2.6716160774230957, 2.6307737827301025, 2.6540725231170654, 2.5855655670166016, 2.5044753551483154, 2.453090190887451, 2.3707475662231445, 2.32523775100708, 2.630690574645996, 2.3572425842285156, 2.230738878250122, 2.203918218612671, 2.224170684814453, 2.21221661567688, 2.087616443634033, 2.119673252105713, 2.0570995807647705, 1.9342340230941772, 1.8485033512115479, 1.7218284606933594, 1.6500358581542969, 1.55442476272583, 1.6695293188095093, 1.4621570110321045, 1.384995937347412, 1.3096544742584229, 1.195209264755249, 1.178635597229004, 1.0127012729644775, 1.0424835681915283, 0.984518826007843, 0.9412727355957031, 0.9222302436828613, 1.2262619733810425, 1.0449329614639282, 1.0400794744491577, 0.8736435174942017, 0.858272910118103, 0.8520636558532715, 0.8926067352294922, 0.7750705480575562, 0.8075333833694458, 0.7836874723434448, 0.700066864490509, 0.5531489253044128, 0.5960879921913147, 0.5805178880691528, 0.5373517274856567, 0.47124844789505005, 0.4044439196586609, 0.39381569623947144, 0.3350767493247986, 0.33514565229415894, 0.37450891733169556, 0.3039066195487976, 0.2725423276424408, 0.2542148232460022, 0.24285869300365448, 0.17371122539043427, 0.15942610800266266, 0.15744832158088684, 0.13391414284706116, 0.11907025426626205, 0.1096491813659668, 0.07297170907258987, 0.06896190345287323, 0.0891033411026001, 0.09040256589651108, 0.07226069271564484, 0.08010591566562653, 0.06990581005811691, 0.1161441057920456], "time_taken": 535.2574691772461}