{"n_front_dense_FE": 2, "n_front_dense_PE": 1, "n_front_dense_RxDec": 2, "state_width": 8, "n_epochs": 80, "J_list": [2.7728888988494873, 2.786008358001709, 2.765307903289795, 2.758512496948242, 2.7625861167907715, 2.6615195274353027, 2.632615089416504, 2.599881410598755, 2.4609766006469727, 2.4357495307922363, 2.22560453414917, 2.041696786880493, 2.0063767433166504, 1.9779112339019775, 1.736837387084961, 1.6968011856079102, 1.6907943487167358, 1.498665690422058, 1.3948148488998413, 1.2648289203643799, 1.224560022354126, 1.1478780508041382, 0.9614936113357544, 0.9465610384941101, 0.8507677316665649, 0.7899211049079895, 0.6584751009941101, 0.6289118528366089, 0.5225600600242615, 0.45894327759742737, 0.3783838450908661, 0.3447079658508301, 0.457811176776886, 0.19018180668354034, 0.26785582304000854, 0.3825457990169525, 0.11530575901269913, 0.22252142429351807, 0.2787098288536072, 0.18551579117774963, 0.11074569076299667, 0.1875886172056198, 0.22305402159690857, 0.19569222629070282, 0.16658605635166168, 0.2396157681941986, 0.3634680509567261, 0.21979331970214844, 0.2017594873905182, 0.41524046659469604, 0.3606716990470886, 0.20620933175086975, 0.1313958764076233, 0.13325165212154388, 0.19445188343524933, 0.1101478785276413, 0.3283252716064453, 0.11537319421768188, 0.14099931716918945, 0.09276319295167923, 0.12054264545440674, 0.12009499222040176, 0.08542319387197495, 0.13228383660316467, 0.05734442546963692, 0.0529925599694252, 0.08717038482427597, 0.04940653219819069, 0.05878279358148575, 0.056610554456710815, 0.03955908864736557, 0.044489048421382904, 0.060565970838069916, 0.034157056361436844, 0.01652812398970127, 0.02278188243508339, 0.03658878058195114, 0.05988281965255737, 0.052600692957639694, 0.020987611263990402], "time_taken": 539.8989133834839}