{"n_front_dense_FE": 2, "n_front_dense_PE": 1, "n_front_dense_RxDec": 2, "state_width": 8, "n_epochs": 80, "J_list": [2.7727489471435547, 2.7717394828796387, 2.7517755031585693, 2.751561403274536, 2.741299867630005, 2.657583475112915, 2.6346707344055176, 2.5553953647613525, 2.5226049423217773, 2.3413405418395996, 2.210270881652832, 2.133474111557007, 2.1055245399475098, 1.956061601638794, 1.854872465133667, 1.7547633647918701, 1.6526896953582764, 1.5347111225128174, 1.3254057168960571, 1.2808082103729248, 1.0535112619400024, 0.9726489186286926, 0.8057582974433899, 0.6561638116836548, 0.6326541304588318, 0.5327208638191223, 0.5839434862136841, 0.5262272953987122, 0.352333128452301, 0.4369734823703766, 0.4888002872467041, 0.2819186747074127, 0.38731634616851807, 0.2581215798854828, 0.2110949009656906, 0.3099779188632965, 0.2194574773311615, 0.1717701256275177, 0.176838681101799, 0.16684861481189728, 0.14825448393821716, 0.1380058377981186, 0.14635848999023438, 0.0569087378680706, 0.19657732546329498, 0.0907553881406784, 0.13084326684474945, 0.03548917919397354, 0.07169296592473984, 0.09887807816267014, 0.07100766152143478, 0.05111636966466904, 0.04038854315876961, 0.1077607125043869, 0.06338676065206528, 0.06957541406154633, 0.03942545875906944, 0.0997253805398941, 0.05911151319742203, 0.03158639743924141, 0.07211750745773315, 0.05035059526562691, 0.007044574711471796, 0.08497846126556396, 0.01908739283680916, 0.05142862722277641, 0.05364863947033882, 0.027853894978761673, 0.0403464213013649, 0.08888944238424301, 0.011626728810369968, 0.03677425906062126, 0.01751701533794403, 0.07474088668823242, 0.018640538677573204, 0.012681501917541027, 0.016376294195652008, 0.0447162464261055, 0.022815098986029625, 0.01200717594474554], "time_taken": 513.4676547050476}