{"n_front_dense_FE": 4, "n_front_dense_PE": 1, "n_front_dense_RxDec": 2, "state_width": 8, "n_epochs": 80, "J_list": [2.7727317810058594, 2.8030905723571777, 2.7732861042022705, 2.787484645843506, 2.7665152549743652, 2.7669243812561035, 2.750579833984375, 2.74961519241333, 2.657562255859375, 2.4709911346435547, 2.5143463611602783, 2.467027187347412, 2.4050345420837402, 2.248814821243286, 2.1701958179473877, 2.5065701007843018, 2.426065683364868, 2.3879523277282715, 2.173950672149658, 2.152980089187622, 2.0913538932800293, 2.0853629112243652, 1.9811557531356812, 1.9356406927108765, 1.9044945240020752, 1.914332628250122, 1.8881820440292358, 1.7952722311019897, 1.6633577346801758, 1.560585856437683, 1.4898244142532349, 1.4319413900375366, 1.4552279710769653, 1.271998643875122, 1.565279245376587, 1.4439618587493896, 1.2917168140411377, 1.254860281944275, 1.153198003768921, 1.0875569581985474, 1.0733610391616821, 1.0230166912078857, 1.0104621648788452, 0.9358487129211426, 0.8599681854248047, 0.8608957529067993, 0.9483577013015747, 0.7918647527694702, 0.6771589517593384, 0.7004138827323914, 0.5668098330497742, 0.595722496509552, 0.5996006727218628, 0.5572266578674316, 0.4585758149623871, 0.44921112060546875, 0.44635018706321716, 0.3452174961566925, 0.4019034802913666, 0.3409596085548401, 0.3019290864467621, 0.2953490614891052, 0.2802618443965912, 0.27982115745544434, 0.22361227869987488, 0.20626065135002136, 0.1722194254398346, 0.2752850651741028, 0.24991269409656525, 0.17577235400676727, 0.2852466106414795, 0.2582523226737976, 0.14190562069416046, 0.1363936960697174, 0.1900460422039032, 0.19459398090839386, 0.19654500484466553, 0.1829630434513092, 0.1271820366382599, 0.13264600932598114], "time_taken": 520.9874143600464}