{"n_front_dense_FE": 2, "n_front_dense_PE": 1, "n_front_dense_RxDec": 2, "state_width": 8, "n_epochs": 80, "J_list": [2.7721316814422607, 2.7795522212982178, 2.751953601837158, 2.6853346824645996, 2.6876187324523926, 2.8406710624694824, 2.430725336074829, 2.5403096675872803, 2.41709566116333, 2.277125835418701, 2.0767197608947754, 1.7836002111434937, 1.5951119661331177, 1.520699143409729, 1.206871747970581, 1.278254508972168, 0.924388587474823, 0.9492672085762024, 0.7950025796890259, 0.6266347169876099, 0.5591580271720886, 0.46904000639915466, 0.41589221358299255, 0.3238587975502014, 0.24955947697162628, 0.2876906394958496, 0.2740522027015686, 0.17714634537696838, 0.13227900862693787, 0.1229114681482315, 0.16791419684886932, 0.14649291336536407, 0.04360019415616989, 0.15552659332752228, 0.06393477320671082, 0.05188767984509468, 0.06629475206136703, 0.1294490247964859, 0.03921152278780937, 0.029301637783646584, 0.05751502513885498, 0.09864045679569244, 0.03695368021726608, 0.02948302961885929, 0.06036822870373726, 0.1329178810119629, 0.01557247620075941, 0.16350793838500977, 0.08050061762332916, 0.14020036160945892, 0.05073137208819389, 0.1585235297679901, 0.06863676011562347, 0.045110590755939484, 0.08810336887836456, 0.04788554459810257, 0.10854178667068481, 0.021494954824447632, 0.06349886953830719, 0.08765184134244919, 0.0242238100618124, 0.08361278474330902, 0.046702805906534195, 0.02212580293416977, 0.021370956674218178, 0.042864684015512466, 0.043656956404447556, 0.024161025881767273, 0.0162972304970026, 0.035156913101673126, 0.013183748349547386, 0.034353792667388916, 0.03623649850487709, 0.018754035234451294, 0.009913193061947823, 0.043387867510318756, 0.01646055467426777, 0.03822245076298714, 0.015924101695418358, 0.02224038541316986], "time_taken": 429.15168285369873}