{"n_front_dense_FE": 2, "n_front_dense_PE": 1, "n_front_dense_RxDec": 2, "state_width": 8, "n_epochs": 80, "J_list": [2.77282452583313, 2.7769858837127686, 2.7613322734832764, 2.75458025932312, 2.6836493015289307, 2.6337623596191406, 2.4389162063598633, 2.2274844646453857, 2.7862887382507324, 2.7048182487487793, 2.4118378162384033, 2.2969305515289307, 2.1352360248565674, 2.0382702350616455, 1.9542186260223389, 1.927308440208435, 1.805177927017212, 1.7146800756454468, 1.6089305877685547, 1.4879047870635986, 1.3672113418579102, 1.2040398120880127, 1.1246685981750488, 0.9170924425125122, 0.8900521993637085, 0.6502571702003479, 0.5927977561950684, 0.5934928059577942, 0.41503629088401794, 0.37394875288009644, 0.5067197680473328, 0.476344496011734, 0.36546772718429565, 0.2525133788585663, 0.30459800362586975, 0.19616058468818665, 0.3234461843967438, 0.25083833932876587, 0.2624499797821045, 0.2550416588783264, 0.16495169699192047, 0.2051117718219757, 0.21291637420654297, 0.12646639347076416, 0.19528499245643616, 0.07102425396442413, 0.12563173472881317, 0.26043209433555603, 0.0851249024271965, 0.2037135809659958, 0.1278139352798462, 0.11770336329936981, 0.08326946943998337, 0.10317881405353546, 0.07553394883871078, 0.1067824587225914, 0.06030185893177986, 0.052384741604328156, 0.16613325476646423, 0.09579349309206009, 0.10350723564624786, 0.04441028833389282, 0.1798609495162964, 0.10299395024776459, 0.23468880355358124, 0.09597750753164291, 0.20475491881370544, 0.09904032200574875, 0.1695278435945511, 0.10246182978153229, 0.12559014558792114, 0.11002490669488907, 0.10212010145187378, 0.09616480767726898, 0.3047942519187927, 0.08056072145700455, 0.12218312174081802, 0.1061697006225586, 0.10690023750066757, 0.15537986159324646], "time_taken": 422.6480679512024}