{"n_front_dense_FE": 4, "n_front_dense_PE": 1, "n_front_dense_RxDec": 2, "state_width": 8, "n_epochs": 80, "J_list": [2.7730157375335693, 2.779951810836792, 2.7774932384490967, 2.777574062347412, 2.776108980178833, 2.7792906761169434, 2.7762937545776367, 2.762791395187378, 2.747562885284424, 2.7152464389801025, 2.6299386024475098, 2.6713993549346924, 2.739497661590576, 2.6987009048461914, 2.662895679473877, 2.579533100128174, 2.4520037174224854, 2.4525468349456787, 2.4688632488250732, 2.2443814277648926, 2.2348861694335938, 2.172518253326416, 2.128828525543213, 1.9944322109222412, 1.9052661657333374, 1.82561457157135, 1.7185516357421875, 1.6931556463241577, 1.5418154001235962, 1.4110891819000244, 1.4885344505310059, 1.3783713579177856, 1.3336212635040283, 1.3770427703857422, 1.0722568035125732, 1.1477129459381104, 1.0080537796020508, 0.9994257092475891, 0.8465795516967773, 0.9255468249320984, 0.7525042295455933, 0.8073498606681824, 0.6515851020812988, 0.6565055847167969, 0.7015405893325806, 0.5901268720626831, 0.5532121062278748, 0.7618240118026733, 0.40449804067611694, 0.4546675682067871, 0.4485775828361511, 0.47549620270729065, 0.31916117668151855, 0.39301028847694397, 0.2925413250923157, 0.4144600033760071, 0.39297497272491455, 0.38313430547714233, 0.28744858503341675, 0.33415302634239197, 0.24413156509399414, 0.2570076584815979, 0.281059592962265, 0.19400230050086975, 0.10989236831665039, 0.27789562940597534, 0.15158633887767792, 0.20172393321990967, 0.19693608582019806, 0.12344338744878769, 0.07755176723003387, 0.10499744117259979, 0.13025851547718048, 0.08220597356557846, 0.08650042861700058, 0.07786276936531067, 0.1448330581188202, 0.06421332061290741, 0.09123331308364868, 0.08166496455669403], "time_taken": 513.5026762485504}