{"n_front_dense_FE": 4, "n_front_dense_PE": 1, "n_front_dense_RxDec": 2, "state_width": 8, "n_epochs": 80, "J_list": [2.7725329399108887, 2.7837326526641846, 2.7779171466827393, 2.7788102626800537, 2.7699973583221436, 2.7722244262695312, 2.7606513500213623, 2.7192368507385254, 2.6908926963806152, 3.0597081184387207, 2.597370147705078, 2.6186680793762207, 2.5397162437438965, 2.4126503467559814, 2.313708782196045, 2.3707778453826904, 2.3429410457611084, 2.384733200073242, 2.3558716773986816, 2.252824306488037, 2.2417736053466797, 2.189145088195801, 2.180574655532837, 2.0858094692230225, 2.090308666229248, 2.0830461978912354, 1.9186493158340454, 1.9041099548339844, 1.8837264776229858, 1.883457899093628, 1.8113467693328857, 1.744519591331482, 1.6793510913848877, 1.6634387969970703, 1.6683706045150757, 1.562596082687378, 1.5488998889923096, 1.4375736713409424, 1.4002761840820312, 1.3442786931991577, 1.3585867881774902, 1.3268640041351318, 1.300417423248291, 1.1410157680511475, 1.1821569204330444, 1.1390514373779297, 1.0832490921020508, 1.1609288454055786, 0.951605498790741, 1.0508006811141968, 0.9652382731437683, 0.878997802734375, 1.0016632080078125, 0.8666427731513977, 0.7816823720932007, 0.8124233484268188, 0.812997043132782, 0.6401973962783813, 0.6770995855331421, 0.7531567811965942, 0.5869877338409424, 0.5547991991043091, 0.5505247116088867, 0.5301300883293152, 0.48281392455101013, 0.5141459703445435, 0.4969397485256195, 0.41221004724502563, 0.48690152168273926, 0.37179479002952576, 0.34148675203323364, 0.40998539328575134, 0.38100558519363403, 0.2924690842628479, 0.46583908796310425, 0.3860456347465515, 0.3173392415046692, 0.4868246912956238, 0.34249550104141235, 0.24498692154884338], "time_taken": 516.2874891757965}