{"n_front_dense_FE": 2, "n_front_dense_PE": 1, "n_front_dense_RxDec": 2, "state_width": 8, "n_epochs": 80, "J_list": [2.7731006145477295, 2.767665147781372, 2.7817845344543457, 2.749473810195923, 2.6908371448516846, 2.625340223312378, 2.476757526397705, 2.4279487133026123, 2.350550889968872, 2.1838226318359375, 2.0472450256347656, 1.8407185077667236, 1.7155040502548218, 1.510463833808899, 1.3366751670837402, 1.2332254648208618, 1.2372097969055176, 1.2615878582000732, 1.1313045024871826, 0.9815395474433899, 0.8385938405990601, 0.9674203991889954, 0.8117302656173706, 0.8526020050048828, 0.6146984100341797, 0.6328524351119995, 0.5354287028312683, 0.5070685744285583, 0.5204787850379944, 0.35455992817878723, 0.3966805934906006, 0.31162047386169434, 0.21470603346824646, 0.2616611123085022, 0.16835887730121613, 0.21057887375354767, 0.14603009819984436, 0.08299829065799713, 0.1090027317404747, 0.07453599572181702, 0.1715410202741623, 0.07914739847183228, 0.05834400653839111, 0.0898723229765892, 0.03884751722216606, 0.12366125732660294, 0.05369491130113602, 0.03520593047142029, 0.06044142320752144, 0.03353828564286232, 0.0707058310508728, 0.0441422238945961, 0.08282872289419174, 0.07693986594676971, 0.08956839889287949, 0.03213295340538025, 0.09915741533041, 0.04518242925405502, 0.07015228271484375, 0.03432963415980339, 0.09874826669692993, 0.11147217452526093, 0.10029421746730804, 0.05789309740066528, 0.15495166182518005, 0.07458899170160294, 0.07079017907381058, 0.03821703791618347, 0.10332600772380829, 0.047239385545253754, 0.031711965799331665, 0.12584197521209717, 0.04004897549748421, 0.06223122403025627, 0.0915442407131195, 0.05874897912144661, 0.1115172728896141, 0.09995166957378387, 0.16221313178539276, 0.1022295206785202], "time_taken": 414.75043964385986}