{"n_front_dense_FE": 4, "n_front_dense_PE": 1, "n_front_dense_RxDec": 2, "state_width": 8, "n_epochs": 80, "J_list": [2.772963523864746, 2.778350353240967, 2.7727324962615967, 2.7693169116973877, 2.7823805809020996, 2.7587337493896484, 2.731651782989502, 2.6558611392974854, 3.2464535236358643, 2.652639627456665, 2.6969313621520996, 2.6695656776428223, 2.6634292602539062, 2.6227633953094482, 2.571913003921509, 2.4537241458892822, 2.457460880279541, 2.500680685043335, 2.2643520832061768, 2.332571268081665, 2.160210609436035, 2.226940870285034, 2.11431884765625, 1.9296863079071045, 1.8470627069473267, 1.8011806011199951, 1.7746248245239258, 1.6093361377716064, 1.601867437362671, 1.6422183513641357, 1.800551176071167, 1.447435975074768, 1.7465217113494873, 1.456644058227539, 1.5586206912994385, 1.4033820629119873, 1.2552573680877686, 1.344687581062317, 1.2960782051086426, 1.1566872596740723, 1.2270843982696533, 0.9939640164375305, 0.941778302192688, 0.8837486505508423, 0.8374297022819519, 0.7842179536819458, 0.7003041505813599, 0.6446434855461121, 0.5576122403144836, 0.5324169397354126, 0.5435224771499634, 0.5046396851539612, 0.38415729999542236, 0.33584457635879517, 0.400682270526886, 0.42780962586402893, 0.2771722674369812, 0.5504988431930542, 0.47905921936035156, 0.39291295409202576, 0.6676505208015442, 0.32313448190689087, 0.4695855975151062, 0.49740585684776306, 0.2920612692832947, 0.33694523572921753, 0.3374714255332947, 0.2248651534318924, 0.295085608959198, 0.2575245201587677, 0.22994756698608398, 0.26635509729385376, 0.26798099279403687, 0.3221103549003601, 0.25219234824180603, 0.21130113303661346, 0.1308036744594574, 0.17002752423286438, 0.20296695828437805, 0.09448939561843872], "time_taken": 515.925199508667}