{"n_front_dense_FE": 4, "n_front_dense_PE": 1, "n_front_dense_RxDec": 2, "state_width": 8, "n_epochs": 80, "J_list": [2.772822856903076, 2.7778689861297607, 2.776601791381836, 2.7626707553863525, 2.7730345726013184, 2.707787036895752, 2.7287487983703613, 2.91619873046875, 2.5868079662323, 2.618675947189331, 2.6811251640319824, 2.575133800506592, 2.5216453075408936, 2.4770874977111816, 2.3135666847229004, 2.285844326019287, 2.2040886878967285, 2.029895305633545, 2.001258134841919, 1.8158429861068726, 1.7756145000457764, 1.720107078552246, 1.6160049438476562, 1.4740841388702393, 1.5142449140548706, 1.325271725654602, 1.433540940284729, 1.2493984699249268, 1.3458528518676758, 1.1682713031768799, 1.1098315715789795, 1.0394574403762817, 1.0278139114379883, 1.0056884288787842, 0.9615273475646973, 0.9053373336791992, 0.871351420879364, 0.8111326098442078, 0.7933716773986816, 0.8277729153633118, 0.69852614402771, 0.6511837244033813, 0.7351415753364563, 0.7111056447029114, 0.5918298959732056, 0.7178633809089661, 0.5880656242370605, 0.5235007405281067, 0.7218395471572876, 0.47253483533859253, 0.4504402279853821, 0.4596165716648102, 0.3358692526817322, 0.33779096603393555, 0.28993743658065796, 0.2670441269874573, 0.22791680693626404, 0.24026112258434296, 0.1734038144350052, 0.1923331916332245, 0.18143567442893982, 0.11913248151540756, 0.128480464220047, 0.10689999908208847, 0.0756625384092331, 0.12236086279153824, 0.10101313889026642, 0.0935131385922432, 0.12298605591058731, 0.08711910992860794, 0.07963348925113678, 0.24457690119743347, 0.07562444359064102, 0.3286505341529846, 0.37770983576774597, 0.3486231565475464, 0.25745078921318054, 0.42480793595314026, 0.486327588558197, 0.45088711380958557], "time_taken": 511.187851190567}