{"n_front_dense_FE": 2, "n_front_dense_PE": 1, "n_front_dense_RxDec": 2, "state_width": 8, "n_epochs": 80, "J_list": [2.7729172706604004, 2.7782528400421143, 2.794673442840576, 2.7718279361724854, 2.7348077297210693, 2.7264244556427, 2.659318208694458, 2.5584633350372314, 2.4094371795654297, 2.4789955615997314, 2.3121986389160156, 2.058797836303711, 2.000399589538574, 1.8985843658447266, 1.8024822473526, 1.6991684436798096, 1.5713919401168823, 1.4522711038589478, 1.4051992893218994, 1.3715741634368896, 1.2243616580963135, 1.0774126052856445, 0.9657959938049316, 0.8991266489028931, 0.8279942274093628, 0.8059302568435669, 0.7078490853309631, 0.7675261497497559, 0.5855202674865723, 0.7311515808105469, 0.5186542272567749, 0.5295631289482117, 0.5761074423789978, 0.43272900581359863, 0.3792923092842102, 0.34958726167678833, 0.3070339560508728, 0.3650619387626648, 0.2758244276046753, 0.20968131721019745, 0.16185298562049866, 0.10924718528985977, 0.15193578600883484, 0.11820093542337418, 0.11001761257648468, 0.11120665073394775, 0.07909853756427765, 0.11773057281970978, 0.06219817325472832, 0.040929876267910004, 0.07445874065160751, 0.05973966047167778, 0.08241447061300278, 0.029351552948355675, 0.036609381437301636, 0.0290672667324543, 0.021381670609116554, 0.06502729654312134, 0.025531595572829247, 0.022922568023204803, 0.03035726770758629, 0.023447655141353607, 0.0253286212682724, 0.08366625010967255, 0.014777508564293385, 0.028179097920656204, 0.06409665942192078, 0.01688876375555992, 0.03131808713078499, 0.02569103240966797, 0.02282235398888588, 0.005788870621472597, 0.006971918046474457, 0.017032932490110397, 0.0464281365275383, 0.017853375524282455, 0.026044780388474464, 0.10844037681818008, 0.004339872393757105, 0.0047029308043420315], "time_taken": 415.887081861496}