{"n_front_dense_FE": 4, "n_front_dense_PE": 1, "n_front_dense_RxDec": 2, "state_width": 8, "n_epochs": 80, "J_list": [2.7725398540496826, 2.795111656188965, 2.7702953815460205, 2.7778751850128174, 2.7741806507110596, 2.775716781616211, 2.769618511199951, 2.762044906616211, 2.7751870155334473, 2.7631797790527344, 2.738591194152832, 2.6694281101226807, 2.6445910930633545, 2.608053684234619, 2.459097146987915, 2.408615827560425, 2.542353630065918, 2.229107141494751, 2.1931724548339844, 2.1147704124450684, 2.0491373538970947, 2.053600311279297, 1.9594532251358032, 1.784684419631958, 1.7457126379013062, 1.7434475421905518, 1.5963510274887085, 1.5398198366165161, 1.5138599872589111, 1.341062307357788, 1.2863471508026123, 1.1149609088897705, 1.138408899307251, 1.575858235359192, 1.7040830850601196, 1.2300866842269897, 1.1479876041412354, 1.2851136922836304, 0.9264714121818542, 0.9831467866897583, 0.8800207376480103, 0.8481553792953491, 0.8364956974983215, 0.7491815686225891, 0.768356204032898, 0.7530703544616699, 0.6169389486312866, 0.4995550513267517, 0.5432993173599243, 0.44791945815086365, 0.41591691970825195, 0.43677425384521484, 0.38041940331459045, 0.26068729162216187, 0.2618327736854553, 0.2360364943742752, 0.21309161186218262, 0.1664324849843979, 0.15453270077705383, 0.1090407595038414, 0.1142154186964035, 0.09920873492956161, 0.08577988296747208, 0.1205562949180603, 0.08222119510173798, 0.07308296859264374, 0.08526130020618439, 0.09968416392803192, 0.07605971395969391, 0.11497970670461655, 0.06459841132164001, 0.0991753563284874, 0.19031473994255066, 0.19940343499183655, 0.060245417058467865, 0.0944027379155159, 0.15409432351589203, 0.11078300327062607, 0.08821987360715866, 0.10237972438335419], "time_taken": 507.80768871307373}