{"n_front_dense_FE": 4, "n_front_dense_PE": 1, "n_front_dense_RxDec": 2, "state_width": 8, "n_epochs": 80, "J_list": [2.7725393772125244, 2.7744815349578857, 2.8218700885772705, 2.7781758308410645, 2.7744128704071045, 2.768206834793091, 2.7641122341156006, 2.726025104522705, 2.6771934032440186, 2.687722682952881, 2.544434070587158, 2.4995152950286865, 2.5337390899658203, 2.490971088409424, 2.3238344192504883, 2.261613368988037, 2.2174625396728516, 1.9431957006454468, 1.8930177688598633, 1.8411709070205688, 1.757973074913025, 1.723950982093811, 1.5628739595413208, 1.5279814004898071, 1.4472284317016602, 1.4325230121612549, 1.4131152629852295, 1.2323285341262817, 1.2963740825653076, 1.269538164138794, 0.9876524209976196, 1.058835506439209, 0.9271267652511597, 0.9295681715011597, 0.9510610699653625, 0.9427156448364258, 0.7095299363136292, 0.8132352828979492, 0.714927077293396, 0.8017107844352722, 0.7500572800636292, 0.6229151487350464, 0.7146887183189392, 0.5749490857124329, 0.6647077798843384, 0.6161924004554749, 0.7704101800918579, 0.5347775220870972, 0.7805665135383606, 0.5269688367843628, 0.5283106565475464, 0.5348842740058899, 0.5046370625495911, 0.39076972007751465, 0.36852970719337463, 0.4365173876285553, 0.38447684049606323, 0.33940741419792175, 0.3367729187011719, 0.2951345145702362, 0.26873674988746643, 0.3065411448478699, 0.24263887107372284, 0.23510880768299103, 0.2266244888305664, 0.2125377357006073, 0.19396303594112396, 0.19343797862529755, 0.19474372267723083, 0.20927755534648895, 0.1343768835067749, 0.23168392479419708, 0.19679781794548035, 0.23340293765068054, 0.14400050044059753, 0.12918417155742645, 0.14062610268592834, 0.18287497758865356, 0.12629453837871552, 0.3024827241897583], "time_taken": 531.0577833652496}