{"n_front_dense_FE": 2, "n_front_dense_PE": 1, "n_front_dense_RxDec": 2, "state_width": 8, "n_epochs": 80, "J_list": [2.772594928741455, 2.781125545501709, 2.774315357208252, 2.7679355144500732, 2.740873336791992, 2.7232728004455566, 2.667776584625244, 2.5649237632751465, 2.3965301513671875, 2.4920337200164795, 2.326657295227051, 2.0887649059295654, 1.988492727279663, 1.8963024616241455, 1.6176469326019287, 1.5199769735336304, 1.3599892854690552, 1.1637694835662842, 0.9809169769287109, 0.9087356328964233, 0.904037356376648, 0.6295301914215088, 0.6427254676818848, 0.5930017232894897, 0.41636937856674194, 0.3360370993614197, 0.2724144160747528, 0.22438862919807434, 0.19331000745296478, 0.1470700055360794, 0.12948793172836304, 0.13230521976947784, 0.11455781757831573, 0.22541265189647675, 0.06013822555541992, 0.19464698433876038, 0.21451321244239807, 0.046645406633615494, 0.19480660557746887, 0.14404381811618805, 0.11874206364154816, 0.07352994382381439, 0.15513956546783447, 0.05023191496729851, 0.15920349955558777, 0.09279388934373856, 0.1016911044716835, 0.05892413854598999, 0.08045195043087006, 0.21453571319580078, 0.12517929077148438, 0.1024937853217125, 0.18056932091712952, 0.15678206086158752, 0.2904798090457916, 0.08039332926273346, 0.061572253704071045, 0.23473739624023438, 0.06345289200544357, 0.08676768839359283, 0.20629124343395233, 0.08938774466514587, 0.065150186419487, 0.04620581120252609, 0.06661853194236755, 0.12010518461465836, 0.06848907470703125, 0.05587239935994148, 0.10720887035131454, 0.11246953904628754, 0.0381043516099453, 0.063744455575943, 0.10291595757007599, 0.05152874067425728, 0.11179940402507782, 0.03290073573589325, 0.027936149388551712, 0.02993628941476345, 0.048799462616443634, 0.0552285835146904], "time_taken": 665.3969683647156}