{"n_front_dense_FE": 4, "n_front_dense_PE": 1, "n_front_dense_RxDec": 2, "state_width": 8, "n_epochs": 80, "J_list": [2.7721540927886963, 2.7848000526428223, 2.7719664573669434, 2.7600491046905518, 2.718728542327881, 2.722708225250244, 2.6460471153259277, 2.6163578033447266, 2.563364028930664, 2.547046661376953, 2.388641834259033, 2.365618944168091, 2.4463906288146973, 2.2240867614746094, 2.2809667587280273, 2.304595470428467, 2.2160511016845703, 2.1707935333251953, 2.0890555381774902, 2.0100104808807373, 1.9465017318725586, 1.9199411869049072, 1.8863033056259155, 1.7984962463378906, 1.7254860401153564, 1.5476105213165283, 1.5077219009399414, 1.41823410987854, 1.321398138999939, 1.2192895412445068, 1.301572561264038, 1.1489293575286865, 1.0554171800613403, 1.2133066654205322, 1.2117849588394165, 1.182236671447754, 1.0522770881652832, 1.3077406883239746, 1.0105376243591309, 1.0347602367401123, 1.0744768381118774, 1.0046520233154297, 0.894567608833313, 1.0319902896881104, 0.9566400647163391, 0.8392011523246765, 0.8055283427238464, 0.7898092269897461, 0.6483763456344604, 0.7153499722480774, 0.6026966571807861, 0.6399036645889282, 0.5880327224731445, 0.4792204797267914, 0.46774643659591675, 0.4602320194244385, 0.47149723768234253, 0.3393375873565674, 0.3589820861816406, 0.42756524682044983, 0.3163762092590332, 0.3166881799697876, 0.367348313331604, 0.30429133772850037, 0.29858773946762085, 0.26961180567741394, 0.1718953400850296, 0.21745565533638, 0.1709139049053192, 0.22920770943164825, 0.15790815651416779, 0.16450658440589905, 0.1455911248922348, 0.1308480203151703, 0.18825197219848633, 0.11521263420581818, 0.09509126842021942, 0.09638679772615433, 0.08222011476755142, 0.053248513489961624], "time_taken": 507.5601258277893}