{"n_front_dense_FE": 2, "n_front_dense_PE": 1, "n_front_dense_RxDec": 2, "state_width": 8, "n_epochs": 80, "J_list": [2.772758960723877, 2.779235601425171, 2.7710909843444824, 2.7719979286193848, 2.7534003257751465, 2.687169313430786, 2.603492021560669, 2.4823524951934814, 2.246232509613037, 2.1019749641418457, 2.1450698375701904, 1.675148367881775, 1.8881094455718994, 2.0090994834899902, 1.4503058195114136, 1.593770980834961, 1.3443281650543213, 1.1765563488006592, 1.2402026653289795, 1.2100883722305298, 1.0124002695083618, 0.9421223402023315, 0.8909528851509094, 0.7329277992248535, 0.7538188695907593, 0.6533974409103394, 0.5571800470352173, 0.49719515442848206, 0.38577908277511597, 0.4110499322414398, 0.3266383409500122, 0.2779938578605652, 0.2597047686576843, 0.2612663805484772, 0.154415562748909, 0.17851904034614563, 0.16558024287223816, 0.1425740122795105, 0.11882207542657852, 0.09721540659666061, 0.1145179495215416, 0.11193215847015381, 0.09443861246109009, 0.07827170193195343, 0.11573994159698486, 0.07893068343400955, 0.07533849775791168, 0.06514467298984528, 0.2009764164686203, 0.13407380878925323, 0.10743191093206406, 0.10806778818368912, 0.0714321881532669, 0.12400388717651367, 0.15334923565387726, 0.03541960194706917, 0.22513575851917267, 0.09347943961620331, 0.15028706192970276, 0.09674911201000214, 0.035984527319669724, 0.05655861645936966, 0.031759411096572876, 0.06838154047727585, 0.045018989592790604, 0.057337842881679535, 0.047078825533390045, 0.03687797114253044, 0.07166469842195511, 0.05332271382212639, 0.016841530799865723, 0.031019199639558792, 0.05696626752614975, 0.026247423142194748, 0.04489663615822792, 0.03268859162926674, 0.0755741149187088, 0.01215500570833683, 0.020323367789387703, 0.07528406381607056], "time_taken": 479.5476498603821}