{"n_front_dense_FE": 4, "n_front_dense_PE": 1, "n_front_dense_RxDec": 2, "state_width": 8, "n_epochs": 80, "J_list": [2.7724318504333496, 2.804927110671997, 2.774230480194092, 2.774085283279419, 2.7644848823547363, 2.7886385917663574, 2.7691731452941895, 2.7479705810546875, 2.7334039211273193, 2.6569011211395264, 2.5458569526672363, 3.860179901123047, 2.7132341861724854, 2.801487445831299, 2.6887030601501465, 2.6604561805725098, 2.611804246902466, 2.6142218112945557, 2.5821244716644287, 2.5329647064208984, 2.473355531692505, 2.4788737297058105, 2.432281494140625, 2.413611650466919, 2.339935779571533, 2.3054184913635254, 2.2546935081481934, 2.1966311931610107, 2.0481934547424316, 2.0410354137420654, 2.0070087909698486, 1.9498103857040405, 2.0061821937561035, 1.9945586919784546, 1.8849643468856812, 1.7623894214630127, 1.912247657775879, 1.8466746807098389, 1.8000564575195312, 1.8498687744140625, 1.6653366088867188, 1.5947911739349365, 1.6757476329803467, 1.649226427078247, 1.5156128406524658, 1.419224739074707, 1.428221344947815, 1.4076608419418335, 1.3657561540603638, 1.3437776565551758, 1.2221730947494507, 1.1712884902954102, 1.0800443887710571, 1.4370633363723755, 1.8203121423721313, 1.1932507753372192, 1.6259533166885376, 1.2385523319244385, 1.3320667743682861, 1.2749015092849731, 1.2907936573028564, 1.1116197109222412, 1.119447946548462, 1.2078946828842163, 1.0619693994522095, 1.0136513710021973, 1.0686618089675903, 1.0211923122406006, 0.9481857419013977, 0.9002338647842407, 0.8758546113967896, 0.7037510871887207, 0.7350227236747742, 0.7026193737983704, 0.6676331162452698, 0.66283118724823, 0.5722843408584595, 0.5463839173316956, 0.5920570492744446, 0.48607414960861206], "time_taken": 519.1845140457153}