{"n_front_dense_FE": 2, "n_front_dense_PE": 1, "n_front_dense_RxDec": 2, "state_width": 8, "n_epochs": 80, "J_list": [2.7727208137512207, 2.7857155799865723, 2.7672953605651855, 2.754390239715576, 2.710078001022339, 2.621748924255371, 2.495751142501831, 2.3420002460479736, 2.2878944873809814, 2.442178726196289, 2.1477036476135254, 2.0748019218444824, 2.0881142616271973, 1.9587253332138062, 1.777350664138794, 1.6519863605499268, 1.5242998600006104, 1.4136488437652588, 1.2855952978134155, 1.2067657709121704, 1.0839139223098755, 0.9608718156814575, 0.9093685150146484, 0.8070874214172363, 0.7877134084701538, 0.7406975626945496, 0.6529287099838257, 0.5567054748535156, 0.6336638331413269, 0.520885705947876, 0.46818286180496216, 0.5487079620361328, 0.4637306332588196, 0.3264867961406708, 0.4450528025627136, 0.33573436737060547, 0.2732446789741516, 0.3466201722621918, 0.19048115611076355, 0.3306964337825775, 0.25208303332328796, 0.15539126098155975, 0.13508376479148865, 0.11973036825656891, 0.09827814251184464, 0.11746472120285034, 0.06153036281466484, 0.08195449411869049, 0.07420594245195389, 0.09331245720386505, 0.04033322259783745, 0.07765515893697739, 0.06351504474878311, 0.04959658533334732, 0.07367633283138275, 0.058344148099422455, 0.05967842414975166, 0.06052936241030693, 0.06829805672168732, 0.052353888750076294, 0.09381598979234695, 0.03590185195207596, 0.06731502711772919, 0.08602043241262436, 0.06492974609136581, 0.10481248050928116, 0.10958945751190186, 0.24489600956439972, 0.1764010488986969, 0.14051564037799835, 0.248605415225029, 0.24655048549175262, 0.2806122303009033, 0.10585405677556992, 0.19813886284828186, 0.2379138469696045, 0.08259325474500656, 0.15796005725860596, 0.10948045551776886, 0.1138552874326706], "time_taken": 425.0921564102173}