{"n_front_dense_FE": 8, "n_front_dense_PE": 1, "n_front_dense_RxDec": 2, "state_width": 8, "n_epochs": 80, "J_list": [2.7726314067840576, 2.7867884635925293, 2.7822346687316895, 2.775336265563965, 2.770669937133789, 2.7734181880950928, 2.7738661766052246, 2.7747960090637207, 2.7782349586486816, 2.7775027751922607, 2.769334316253662, 2.7717537879943848, 2.7704648971557617, 2.762939929962158, 2.7674858570098877, 2.7646565437316895, 2.7379367351531982, 2.7344908714294434, 2.748011827468872, 2.717268466949463, 2.7234268188476562, 2.688371181488037, 2.711913585662842, 2.6530771255493164, 2.6647162437438965, 2.6547672748565674, 2.572577953338623, 2.5524744987487793, 2.5613644123077393, 2.5360817909240723, 2.53587007522583, 2.4324889183044434, 2.50458025932312, 2.359732151031494, 2.420883893966675, 2.281118392944336, 2.172241449356079, 2.121532440185547, 2.0010344982147217, 2.0955557823181152, 2.162285566329956, 1.985388159751892, 2.171135425567627, 1.9828373193740845, 1.9792711734771729, 1.9368877410888672, 1.9650732278823853, 1.855563759803772, 1.8063929080963135, 1.7394386529922485, 1.769843339920044, 1.7854328155517578, 1.862969994544983, 1.5764752626419067, 1.8173179626464844, 1.651370644569397, 1.6075359582901, 1.7073707580566406, 1.5764471292495728, 1.514278531074524, 1.4641025066375732, 1.5097938776016235, 1.4103015661239624, 1.3753702640533447, 1.4165951013565063, 1.356745958328247, 1.3518823385238647, 1.370373010635376, 1.3392598628997803, 1.2756174802780151, 1.2520647048950195, 1.3052990436553955, 1.1209129095077515, 1.1861412525177002, 1.1217063665390015, 1.1562751531600952, 1.148341417312622, 1.025062084197998, 1.0521599054336548, 1.0938470363616943], "time_taken": 715.4898130893707}