{"n_front_dense_FE": 2, "n_front_dense_PE": 1, "n_front_dense_RxDec": 2, "state_width": 8, "n_epochs": 80, "J_list": [2.7725636959075928, 2.7986998558044434, 2.7694942951202393, 2.7670021057128906, 2.7455716133117676, 2.677133083343506, 2.63533353805542, 2.5333781242370605, 2.712658643722534, 2.3520724773406982, 2.3754966259002686, 2.281724452972412, 2.178226947784424, 2.042376756668091, 1.8305728435516357, 1.744166612625122, 1.53105890750885, 1.4231059551239014, 1.2204242944717407, 1.1176601648330688, 0.9529939889907837, 1.005403995513916, 0.8527042269706726, 0.7572358846664429, 0.8502718210220337, 0.668002724647522, 0.5253860354423523, 0.5288499593734741, 0.5181819200515747, 0.4237990379333496, 0.42496147751808167, 0.32747986912727356, 0.3194285035133362, 0.323249489068985, 0.18267759680747986, 0.16807980835437775, 0.18029694259166718, 0.09954874962568283, 0.1481740027666092, 0.14160971343517303, 0.08794540166854858, 0.054342031478881836, 0.09267834573984146, 0.08449867367744446, 0.05460921674966812, 0.08890296518802643, 0.09643687307834625, 0.06259890645742416, 0.045133329927921295, 0.044748976826667786, 0.07620839774608612, 0.05963655188679695, 0.06677092611789703, 0.11707814037799835, 0.06904296576976776, 0.028696900233626366, 0.1525430679321289, 0.059272170066833496, 0.19889996945858002, 0.032630179077386856, 0.3286043107509613, 0.10312578827142715, 0.11050856113433838, 0.16887445747852325, 0.10769695043563843, 0.031444452702999115, 0.156727597117424, 0.2461031973361969, 0.12281300872564316, 0.11423057317733765, 0.08188048005104065, 0.03655727952718735, 0.1163356751203537, 0.158910870552063, 0.10999938100576401, 0.11996006965637207, 0.07035430520772934, 0.08623560518026352, 0.143761545419693, 0.09031473845243454], "time_taken": 425.8302011489868}