{"n_front_dense_FE": 2, "n_front_dense_PE": 1, "n_front_dense_RxDec": 2, "state_width": 8, "n_epochs": 80, "J_list": [2.772840738296509, 2.7814383506774902, 2.7797141075134277, 2.752018451690674, 2.747036933898926, 2.656189203262329, 2.5611510276794434, 2.367065668106079, 2.603484630584717, 2.624181032180786, 2.3447043895721436, 2.1785335540771484, 2.031104564666748, 2.067211627960205, 1.9014358520507812, 1.9293212890625, 1.8318065404891968, 1.7134885787963867, 1.6575437784194946, 1.5307165384292603, 1.471765160560608, 1.355846643447876, 1.1419600248336792, 1.084782600402832, 0.9270936250686646, 0.9014863967895508, 0.8116829991340637, 0.7159820199012756, 0.6232044100761414, 0.6121580004692078, 0.5057809948921204, 0.4970424771308899, 0.4734737277030945, 0.5373840928077698, 0.37388986349105835, 0.46819597482681274, 0.4079883098602295, 0.30549997091293335, 0.3463304340839386, 0.45831814408302307, 0.4193948209285736, 0.32919836044311523, 0.3278839886188507, 0.36453977227211, 0.3056022524833679, 0.22801204025745392, 0.21604976058006287, 0.22984930872917175, 0.19360238313674927, 0.14353418350219727, 0.2259814441204071, 0.1921195238828659, 0.16179542243480682, 0.11458609998226166, 0.07362484931945801, 0.10555951297283173, 0.11653518676757812, 0.07749020308256149, 0.1256517767906189, 0.06103452295064926, 0.06813511997461319, 0.053024422377347946, 0.029590468853712082, 0.04689944162964821, 0.06439295411109924, 0.030834103003144264, 0.02032393217086792, 0.0232132226228714, 0.05387154221534729, 0.05550459772348404, 0.020221514627337456, 0.03088686242699623, 0.039197005331516266, 0.022763032466173172, 0.03647267073392868, 0.009309789165854454, 0.022376112639904022, 0.054477203637361526, 0.02399112842977047, 0.02729010209441185], "time_taken": 498.0578145980835}