{"n_front_dense_FE": 8, "n_front_dense_PE": 1, "n_front_dense_RxDec": 2, "state_width": 8, "n_epochs": 80, "J_list": [2.7726187705993652, 2.777994155883789, 2.7681164741516113, 2.7863211631774902, 2.7774832248687744, 2.772658109664917, 2.7716002464294434, 2.7727699279785156, 2.761272668838501, 2.7385215759277344, 3.4053282737731934, 2.7265594005584717, 2.7492263317108154, 2.7531604766845703, 2.746748685836792, 2.7391698360443115, 2.7309398651123047, 2.6602587699890137, 2.6654722690582275, 2.6361165046691895, 2.648444890975952, 2.5952320098876953, 2.5037825107574463, 2.452510118484497, 2.3945415019989014, 2.3751273155212402, 2.3602821826934814, 2.2907097339630127, 2.1937718391418457, 2.1463515758514404, 2.1651904582977295, 2.3111507892608643, 2.153212308883667, 2.2469561100006104, 2.0696709156036377, 2.0638504028320312, 2.090839385986328, 1.9930269718170166, 2.02620267868042, 1.955524206161499, 1.9594085216522217, 1.9914852380752563, 1.958051323890686, 1.8853727579116821, 1.8610942363739014, 1.8478631973266602, 1.7980594635009766, 1.7802146673202515, 1.8010857105255127, 1.7139034271240234, 1.6694332361221313, 1.685814619064331, 1.6531156301498413, 1.6967136859893799, 1.6019916534423828, 1.5608253479003906, 1.6169639825820923, 1.547386884689331, 1.5110207796096802, 1.45200514793396, 1.483634114265442, 1.3632158041000366, 1.4662803411483765, 1.7573976516723633, 1.4223493337631226, 1.2866411209106445, 1.3597331047058105, 1.3011119365692139, 1.2941731214523315, 1.1625909805297852, 1.212170124053955, 1.2432445287704468, 1.1263455152511597, 1.0968406200408936, 1.0513789653778076, 1.111731767654419, 1.0521608591079712, 1.0201932191848755, 1.0029405355453491, 0.8814422488212585], "time_taken": 722.3507413864136}