{"n_front_dense_FE": 2, "n_front_dense_PE": 1, "n_front_dense_RxDec": 2, "state_width": 8, "n_epochs": 80, "J_list": [2.773252010345459, 2.762200117111206, 2.786555767059326, 2.7526650428771973, 2.6885814666748047, 2.6248021125793457, 2.4600889682769775, 2.7717719078063965, 3.0636603832244873, 2.403097152709961, 2.3766860961914062, 2.403625965118408, 2.346384048461914, 2.23418927192688, 2.260251522064209, 2.191373348236084, 2.166813373565674, 2.0460188388824463, 1.9456332921981812, 1.8830444812774658, 1.7952642440795898, 1.728525161743164, 1.5853084325790405, 1.388551115989685, 1.4581804275512695, 1.2347142696380615, 1.2719765901565552, 1.2401123046875, 1.000138759613037, 0.998083770275116, 0.8510090112686157, 0.8428549766540527, 0.7031673192977905, 0.711432158946991, 0.6657899022102356, 0.6703463792800903, 0.6199938058853149, 0.6292015314102173, 0.58116614818573, 0.4809742867946625, 0.3905588984489441, 0.4148017466068268, 0.39047104120254517, 0.49707040190696716, 0.31289321184158325, 0.28980961441993713, 0.36819273233413696, 0.3107247054576874, 0.21898317337036133, 0.31028351187705994, 0.19550053775310516, 0.30406540632247925, 0.23376698791980743, 0.2318621128797531, 0.2579583525657654, 0.2092941701412201, 0.19071179628372192, 0.22523029148578644, 0.11041047424077988, 0.12610158324241638, 0.09296921640634537, 0.10032079368829727, 0.05323436111211777, 0.04116867482662201, 0.05144868418574333, 0.03520197421312332, 0.04310404509305954, 0.040071047842502594, 0.034353144466876984, 0.036610472947359085, 0.03869420289993286, 0.041512906551361084, 0.05482189729809761, 0.02185227908194065, 0.09250780940055847, 0.01276597660034895, 0.23638217151165009, 0.028584111481904984, 0.6156690716743469, 0.044434066861867905], "time_taken": 470.8676643371582}