{"n_front_dense_FE": 3, "n_front_dense_PE": 1, "n_front_dense_RxDec": 2, "state_width": 8, "n_epochs": 15, "J_list": [2.7723212242126465, 2.771524667739868, 2.7717041969299316, 2.771604537963867, 2.7695517539978027, 2.7656455039978027, 2.76436185836792, 2.757204532623291, 2.7480640411376953, 2.7445011138916016, 2.7371039390563965, 2.722073793411255, 2.7115120887756348, 2.6879115104675293, 2.665714979171753], "time_taken": 60.25948357582092}