{"n_front_dense_FE": 3, "n_front_dense_PE": 1, "n_front_dense_RxDec": 2, "state_width": 8, "n_epochs": 15, "J_list": [2.7722811698913574, 2.7707138061523438, 2.7721872329711914, 2.7701425552368164, 2.7680625915527344, 2.7675085067749023, 2.7643537521362305, 2.7617993354797363, 2.7537686824798584, 2.745750904083252, 2.7527060508728027, 2.7325656414031982, 2.718789577484131, 2.7000932693481445, 2.678656578063965], "time_taken": 88.92099571228027}