{"n_front_dense_FE": 2, "n_front_dense_PE": 1, "n_front_dense_RxDec": 2, "state_width": 8, "n_epochs": 15, "J_list": [2.772296190261841, 2.7717654705047607, 2.767672300338745, 2.7678985595703125, 2.7675766944885254, 2.7624802589416504, 2.7616629600524902, 2.7546935081481934, 2.7496254444122314, 2.7443625926971436, 2.7359201908111572, 2.714110851287842, 2.705439805984497, 2.6936957836151123, 2.6712751388549805], "time_taken": 55.10000276565552}