{"n_front_dense_FE": 1, "n_front_dense_PE": 1, "n_front_dense_RxDec": 2, "state_width": 8, "n_epochs": 15, "J_list": [2.7722601890563965, 2.770561695098877, 2.7699599266052246, 2.7709274291992188, 2.766611337661743, 2.766211986541748, 2.7661616802215576, 2.7650668621063232, 2.7568821907043457, 2.759056806564331, 2.748443126678467, 2.7500360012054443, 2.748164415359497, 2.738234043121338, 2.7321484088897705], "time_taken": 64.2100682258606}