{"n_front_dense_FE": 3, "n_front_dense_PE": 1, "n_front_dense_RxDec": 2, "state_width": 8, "n_epochs": 15, "J_list": [2.7727394104003906, 2.772059440612793, 2.772303342819214, 2.769709825515747, 2.769906520843506, 2.768073081970215, 2.768392562866211, 2.7643837928771973, 2.757951259613037, 2.752134323120117, 2.750925064086914, 2.7381083965301514, 2.7306056022644043, 2.719829559326172, 2.688166379928589], "time_taken": 70.79862380027771}