{"n_front_dense_FE": 1, "n_front_dense_PE": 1, "n_front_dense_RxDec": 2, "state_width": 8, "n_epochs": 15, "J_list": [2.773502826690674, 2.7729897499084473, 2.7716574668884277, 2.770415782928467, 2.77024507522583, 2.7672886848449707, 2.7655255794525146, 2.765145778656006, 2.7636351585388184, 2.7594876289367676, 2.7542338371276855, 2.7555694580078125, 2.748997211456299, 2.7422916889190674, 2.7384305000305176], "time_taken": 64.6599977016449}