{"n_front_dense_FE": 3, "n_front_dense_PE": 1, "n_front_dense_RxDec": 2, "state_width": 8, "n_epochs": 15, "J_list": [2.7726478576660156, 2.771334171295166, 2.7720353603363037, 2.7694504261016846, 2.7702841758728027, 2.7662529945373535, 2.761061906814575, 2.7598345279693604, 2.7538814544677734, 2.7516088485717773, 2.7474634647369385, 2.736161470413208, 2.720916748046875, 2.704709053039551, 2.6864445209503174], "time_taken": 87.8321704864502}