{"n_front_dense_FE": 3, "n_front_dense_PE": 1, "n_front_dense_RxDec": 2, "state_width": 8, "n_epochs": 15, "J_list": [2.772895097732544, 2.771763563156128, 2.77191424369812, 2.7696735858917236, 2.770653247833252, 2.7679648399353027, 2.765125036239624, 2.762171745300293, 2.7546894550323486, 2.7533257007598877, 2.7449309825897217, 2.7340879440307617, 2.7257485389709473, 2.7189316749572754, 2.714447259902954], "time_taken": 61.65956139564514}