{"n_front_dense_FE": 3, "n_front_dense_PE": 1, "n_front_dense_RxDec": 2, "state_width": 8, "n_epochs": 15, "J_list": [2.7721619606018066, 2.7711503505706787, 2.7699201107025146, 2.7714691162109375, 2.767862558364868, 2.7622087001800537, 2.7602391242980957, 2.7495601177215576, 2.746558666229248, 2.734144926071167, 2.729863405227661, 2.720374584197998, 2.684211015701294, 2.674259662628174, 2.6535258293151855], "time_taken": 71.49646234512329}