{"n_front_dense_FE": 3, "n_front_dense_PE": 1, "n_front_dense_RxDec": 2, "state_width": 8, "n_epochs": 15, "J_list": [2.772797107696533, 2.772160291671753, 2.7708096504211426, 2.7692463397979736, 2.768044948577881, 2.7659735679626465, 2.763577938079834, 2.758251667022705, 2.75041127204895, 2.7438042163848877, 2.7359068393707275, 2.7176690101623535, 2.708522319793701, 2.6895227432250977, 2.665875196456909], "time_taken": 67.93407249450684}