{"n_front_dense_FE": 1, "n_front_dense_PE": 1, "n_front_dense_RxDec": 2, "state_width": 8, "n_epochs": 15, "J_list": [2.772674560546875, 2.7717761993408203, 2.770704507827759, 2.7703311443328857, 2.770589590072632, 2.765341281890869, 2.7679362297058105, 2.764326572418213, 2.7625348567962646, 2.756869316101074, 2.754495143890381, 2.751540422439575, 2.7484893798828125, 2.7381956577301025, 2.7376370429992676], "time_taken": 55.18284201622009}