{"n_front_dense_FE": 3, "n_front_dense_PE": 1, "n_front_dense_RxDec": 2, "state_width": 8, "n_epochs": 15, "J_list": [2.7726266384124756, 2.7717480659484863, 2.7712485790252686, 2.7724452018737793, 2.7683494091033936, 2.766281843185425, 2.7620089054107666, 2.7617805004119873, 2.7527353763580322, 2.749502658843994, 2.7420811653137207, 2.728996992111206, 2.7249503135681152, 2.710310220718384, 2.684020519256592], "time_taken": 89.29165077209473}