{"n_front_dense_FE": 3, "n_front_dense_PE": 1, "n_front_dense_RxDec": 2, "state_width": 8, "n_epochs": 15, "J_list": [2.7726528644561768, 2.77258038520813, 2.771714448928833, 2.769547462463379, 2.7707724571228027, 2.768192768096924, 2.765976905822754, 2.7622268199920654, 2.7603821754455566, 2.7533910274505615, 2.7474794387817383, 2.7449116706848145, 2.7257189750671387, 2.7149925231933594, 2.7046713829040527], "time_taken": 61.14832067489624}