{"n_front_dense_FE": 2, "n_front_dense_PE": 1, "n_front_dense_RxDec": 2, "state_width": 8, "n_epochs": 15, "J_list": [2.7732911109924316, 2.7719156742095947, 2.771585464477539, 2.7687900066375732, 2.7665228843688965, 2.7649314403533936, 2.764477014541626, 2.7543606758117676, 2.756723403930664, 2.7539145946502686, 2.744370937347412, 2.743838310241699, 2.7260842323303223, 2.721315383911133, 2.7020297050476074], "time_taken": 55.493226528167725}