{"n_front_dense_FE": 3, "n_front_dense_PE": 1, "n_front_dense_RxDec": 2, "state_width": 8, "n_epochs": 15, "J_list": [2.7720839977264404, 2.7707228660583496, 2.7708678245544434, 2.769144058227539, 2.7637646198272705, 2.7689411640167236, 2.761723518371582, 2.750736713409424, 2.7579708099365234, 2.7392094135284424, 2.7369186878204346, 2.715087413787842, 2.7122726440429688, 2.706303119659424, 2.656586170196533], "time_taken": 69.92767453193665}