{"n_front_dense_FE": 1, "n_front_dense_PE": 1, "n_front_dense_RxDec": 2, "state_width": 8, "n_epochs": 15, "J_list": [2.7720515727996826, 2.771247386932373, 2.7685046195983887, 2.770364284515381, 2.7699944972991943, 2.763716220855713, 2.768582582473755, 2.7615966796875, 2.7615790367126465, 2.7570996284484863, 2.754087448120117, 2.756715774536133, 2.7470242977142334, 2.740185260772705, 2.73844575881958], "time_taken": 74.16252493858337}