{"n_front_dense_FE": 3, "n_front_dense_PE": 1, "n_front_dense_RxDec": 2, "state_width": 8, "n_epochs": 15, "J_list": [2.7731258869171143, 2.771678924560547, 2.7703118324279785, 2.7728636264801025, 2.7685279846191406, 2.7669119834899902, 2.764267683029175, 2.7627651691436768, 2.7590136528015137, 2.7570412158966064, 2.7463438510894775, 2.7407546043395996, 2.7217421531677246, 2.715440273284912, 2.711796283721924], "time_taken": 77.4471971988678}