{"n_front_dense_FE": 3, "n_front_dense_PE": 1, "n_front_dense_RxDec": 2, "state_width": 8, "n_epochs": 15, "J_list": [2.7717578411102295, 2.7716312408447266, 2.7721309661865234, 2.7696876525878906, 2.766376495361328, 2.7662322521209717, 2.764465570449829, 2.7592666149139404, 2.757542848587036, 2.7502152919769287, 2.750464916229248, 2.731482982635498, 2.736039638519287, 2.706055164337158, 2.7113685607910156], "time_taken": 68.99949812889099}