{"n_front_dense_FE": 2, "n_front_dense_PE": 1, "n_front_dense_RxDec": 2, "state_width": 8, "n_epochs": 15, "J_list": [2.7725257873535156, 2.7710585594177246, 2.7724087238311768, 2.7698376178741455, 2.7699713706970215, 2.766496419906616, 2.765054941177368, 2.76023530960083, 2.7570788860321045, 2.755122423171997, 2.755441665649414, 2.741326093673706, 2.7387378215789795, 2.726649045944214, 2.707890748977661], "time_taken": 54.64486122131348}