{"n_front_dense_FE": 3, "n_front_dense_PE": 1, "n_front_dense_RxDec": 2, "state_width": 8, "n_epochs": 15, "J_list": [2.773426055908203, 2.77264142036438, 2.7726924419403076, 2.770437717437744, 2.7689969539642334, 2.769599199295044, 2.767972707748413, 2.7647197246551514, 2.7653374671936035, 2.7531070709228516, 2.7489445209503174, 2.741895914077759, 2.7304699420928955, 2.7277283668518066, 2.6898317337036133], "time_taken": 69.12600994110107}