{"n_front_dense_FE": 1, "n_front_dense_PE": 1, "n_front_dense_RxDec": 2, "state_width": 8, "n_epochs": 15, "J_list": [2.7730605602264404, 2.77176570892334, 2.77131986618042, 2.769172191619873, 2.767442226409912, 2.7625317573547363, 2.7639946937561035, 2.7652249336242676, 2.758349895477295, 2.7540268898010254, 2.75022292137146, 2.74755859375, 2.741400957107544, 2.727165460586548, 2.7363781929016113], "time_taken": 53.87366724014282}