{"n_front_dense_FE": 3, "n_front_dense_PE": 1, "n_front_dense_RxDec": 2, "state_width": 8, "n_epochs": 15, "J_list": [2.772658586502075, 2.7719531059265137, 2.7702174186706543, 2.768146514892578, 2.765552520751953, 2.763080596923828, 2.7555835247039795, 2.754326343536377, 2.7482388019561768, 2.7348527908325195, 2.718625783920288, 2.7061266899108887, 2.6857705116271973, 2.6461410522460938, 2.6251282691955566], "time_taken": 75.85974311828613}