{"n_front_dense_FE": 3, "n_front_dense_PE": 1, "n_front_dense_RxDec": 2, "state_width": 8, "n_epochs": 15, "J_list": [2.7725043296813965, 2.7724928855895996, 2.7716598510742188, 2.769425868988037, 2.7677841186523438, 2.766314744949341, 2.761472702026367, 2.75693941116333, 2.754976749420166, 2.7398922443389893, 2.739295721054077, 2.734041213989258, 2.720273494720459, 2.6959285736083984, 2.6897826194763184], "time_taken": 85.43943762779236}