{"n_front_dense_FE": 1, "n_front_dense_PE": 1, "n_front_dense_RxDec": 2, "state_width": 8, "n_epochs": 15, "J_list": [2.7717607021331787, 2.7710423469543457, 2.772061824798584, 2.7694318294525146, 2.767498731613159, 2.7610862255096436, 2.765796661376953, 2.761695623397827, 2.7607932090759277, 2.757431745529175, 2.7564406394958496, 2.747364044189453, 2.747493028640747, 2.7355425357818604, 2.7313971519470215], "time_taken": 61.954853773117065}