{"n_front_dense_FE": 3, "n_front_dense_PE": 1, "n_front_dense_RxDec": 2, "state_width": 8, "n_epochs": 15, "J_list": [2.7719974517822266, 2.7732815742492676, 2.7694144248962402, 2.7672009468078613, 2.768915891647339, 2.764112949371338, 2.76234769821167, 2.7558581829071045, 2.7486395835876465, 2.7489705085754395, 2.7398464679718018, 2.720750331878662, 2.711395740509033, 2.6790764331817627, 2.6704654693603516], "time_taken": 70.2118661403656}