{"n_front_dense_FE": 3, "n_front_dense_PE": 1, "n_front_dense_RxDec": 2, "state_width": 8, "n_epochs": 15, "J_list": [2.7729740142822266, 2.7721152305603027, 2.7712721824645996, 2.769906997680664, 2.7676093578338623, 2.767953634262085, 2.765864133834839, 2.7562642097473145, 2.7532811164855957, 2.746065855026245, 2.7336254119873047, 2.723949909210205, 2.7134203910827637, 2.691577434539795, 2.6698496341705322], "time_taken": 70.81944823265076}