{"n_front_dense_FE": 2, "n_front_dense_PE": 1, "n_front_dense_RxDec": 2, "state_width": 8, "n_epochs": 15, "J_list": [2.7727513313293457, 2.771821975708008, 2.77134370803833, 2.769643545150757, 2.769435405731201, 2.7662131786346436, 2.763345718383789, 2.7597897052764893, 2.758373975753784, 2.754922866821289, 2.748148202896118, 2.742382764816284, 2.7272047996520996, 2.7194228172302246, 2.703559160232544], "time_taken": 54.8487024307251}