{"n_front_dense_FE": 2, "n_front_dense_PE": 1, "n_front_dense_RxDec": 2, "state_width": 8, "n_epochs": 15, "J_list": [2.772062063217163, 2.7711455821990967, 2.7700443267822266, 2.7714076042175293, 2.767707347869873, 2.768643617630005, 2.7657597064971924, 2.762080669403076, 2.7579658031463623, 2.7512381076812744, 2.7462446689605713, 2.735171318054199, 2.731058120727539, 2.7188408374786377, 2.717514991760254], "time_taken": 56.81429147720337}