{"n_front_dense_FE": 3, "n_front_dense_PE": 1, "n_front_dense_RxDec": 2, "state_width": 8, "n_epochs": 15, "J_list": [2.773221492767334, 2.772364854812622, 2.7711551189422607, 2.7709174156188965, 2.7675864696502686, 2.7637627124786377, 2.7641687393188477, 2.7602572441101074, 2.759615421295166, 2.7473461627960205, 2.744325637817383, 2.7430713176727295, 2.7330524921417236, 2.7164065837860107, 2.698045253753662], "time_taken": 72.12486028671265}