{"n_front_dense_FE": 2, "n_front_dense_PE": 1, "n_front_dense_RxDec": 2, "state_width": 8, "n_epochs": 15, "J_list": [2.7714972496032715, 2.771303653717041, 2.7703959941864014, 2.769022226333618, 2.7673826217651367, 2.7656638622283936, 2.7632625102996826, 2.7612428665161133, 2.759138345718384, 2.7535595893859863, 2.7460124492645264, 2.7433860301971436, 2.737570285797119, 2.721691370010376, 2.714935779571533], "time_taken": 55.129876375198364}