{"n_front_dense_FE": 2, "n_front_dense_PE": 1, "n_front_dense_RxDec": 2, "state_width": 8, "n_epochs": 15, "J_list": [2.772462844848633, 2.771566867828369, 2.770829677581787, 2.769351005554199, 2.767672538757324, 2.7666759490966797, 2.7632906436920166, 2.7619993686676025, 2.758071184158325, 2.745074510574341, 2.7391228675842285, 2.735879898071289, 2.729792833328247, 2.7017505168914795, 2.703202962875366], "time_taken": 58.86016488075256}