{"n_front_dense_FE": 1, "n_front_dense_PE": 1, "n_front_dense_RxDec": 2, "state_width": 8, "n_epochs": 15, "J_list": [2.77415132522583, 2.7720634937286377, 2.772226572036743, 2.768693208694458, 2.769998550415039, 2.7669880390167236, 2.767580986022949, 2.764504909515381, 2.7632267475128174, 2.7616617679595947, 2.7571053504943848, 2.7547006607055664, 2.744274377822876, 2.7433223724365234, 2.731663227081299], "time_taken": 70.08128619194031}