{"n_front_dense_FE": 2, "n_front_dense_PE": 1, "n_front_dense_RxDec": 2, "state_width": 8, "n_epochs": 15, "J_list": [2.7724969387054443, 2.772392988204956, 2.769026517868042, 2.7690272331237793, 2.7698066234588623, 2.7674622535705566, 2.765582799911499, 2.760157823562622, 2.7586588859558105, 2.7456090450286865, 2.750507116317749, 2.743637800216675, 2.7290844917297363, 2.7248637676239014, 2.7114453315734863], "time_taken": 56.72474718093872}