{"n_front_dense_FE": 1, "n_front_dense_PE": 1, "n_front_dense_RxDec": 2, "state_width": 8, "n_epochs": 15, "J_list": [2.772350311279297, 2.7711033821105957, 2.7690939903259277, 2.7687816619873047, 2.766615390777588, 2.765512466430664, 2.7603518962860107, 2.75635027885437, 2.7615737915039062, 2.7500648498535156, 2.7494289875030518, 2.7426693439483643, 2.740825653076172, 2.7321834564208984, 2.7174782752990723], "time_taken": 54.73063373565674}