{"n_front_dense_FE": 3, "n_front_dense_PE": 1, "n_front_dense_RxDec": 2, "state_width": 8, "n_epochs": 15, "J_list": [2.773019552230835, 2.773040294647217, 2.7715325355529785, 2.7713606357574463, 2.7698607444763184, 2.768444776535034, 2.764188051223755, 2.7625770568847656, 2.7569034099578857, 2.755394697189331, 2.7415390014648438, 2.733201503753662, 2.711984157562256, 2.704097270965576, 2.682770252227783], "time_taken": 68.36948823928833}