{"n_front_dense_FE": 2, "n_front_dense_PE": 1, "n_front_dense_RxDec": 2, "state_width": 8, "n_epochs": 15, "J_list": [2.7731685638427734, 2.7725322246551514, 2.7709193229675293, 2.7688872814178467, 2.7677133083343506, 2.7652676105499268, 2.765223979949951, 2.7617905139923096, 2.7593941688537598, 2.7523999214172363, 2.7443957328796387, 2.7401282787323, 2.733579397201538, 2.718580961227417, 2.702937602996826], "time_taken": 54.71151900291443}