{"n_front_dense_FE": 3, "n_front_dense_PE": 1, "n_front_dense_RxDec": 2, "state_width": 8, "n_epochs": 15, "J_list": [2.772636890411377, 2.7727081775665283, 2.771932601928711, 2.7713003158569336, 2.7698051929473877, 2.768641233444214, 2.766291379928589, 2.759751796722412, 2.758039951324463, 2.756500720977783, 2.752239227294922, 2.7401504516601562, 2.731053590774536, 2.7093026638031006, 2.6983580589294434], "time_taken": 68.14987778663635}