{"n_front_dense_FE": 2, "n_front_dense_PE": 1, "n_front_dense_RxDec": 2, "state_width": 8, "n_epochs": 15, "J_list": [2.7727901935577393, 2.771477460861206, 2.772589683532715, 2.770353317260742, 2.7700114250183105, 2.766977548599243, 2.7660112380981445, 2.7595458030700684, 2.7569758892059326, 2.7553911209106445, 2.7483325004577637, 2.7393534183502197, 2.7277655601501465, 2.727621078491211, 2.7065892219543457], "time_taken": 55.18787217140198}