{"n_front_dense_FE": 2, "n_front_dense_PE": 1, "n_front_dense_RxDec": 2, "state_width": 8, "n_epochs": 15, "J_list": [2.7717723846435547, 2.7730369567871094, 2.769970417022705, 2.7677483558654785, 2.7653145790100098, 2.763404130935669, 2.763827085494995, 2.7542502880096436, 2.7544336318969727, 2.7479190826416016, 2.730698347091675, 2.7322804927825928, 2.7188823223114014, 2.6930251121520996, 2.6853079795837402], "time_taken": 55.23937511444092}