{"n_front_dense_FE": 1, "n_front_dense_PE": 1, "n_front_dense_RxDec": 2, "state_width": 8, "n_epochs": 15, "J_list": [2.7721786499023438, 2.772615432739258, 2.7731595039367676, 2.7691845893859863, 2.7685561180114746, 2.7679829597473145, 2.766383647918701, 2.7645955085754395, 2.7633490562438965, 2.752694606781006, 2.7513890266418457, 2.752462387084961, 2.7447381019592285, 2.747718572616577, 2.740330934524536], "time_taken": 72.24954056739807}