{"n_front_dense_FE": 3, "n_front_dense_PE": 1, "n_front_dense_RxDec": 2, "state_width": 8, "n_epochs": 15, "J_list": [2.772115707397461, 2.7722344398498535, 2.7701339721679688, 2.7702102661132812, 2.770434856414795, 2.7662289142608643, 2.765158176422119, 2.7558140754699707, 2.755150556564331, 2.7529501914978027, 2.741652250289917, 2.7295899391174316, 2.721749782562256, 2.7103984355926514, 2.679198980331421], "time_taken": 60.14981293678284}