{"n_front_dense_FE": 2, "n_front_dense_PE": 1, "n_front_dense_RxDec": 2, "state_width": 8, "n_epochs": 15, "J_list": [2.7723705768585205, 2.7714202404022217, 2.770534038543701, 2.7669589519500732, 2.7633426189422607, 2.7649521827697754, 2.7675557136535645, 2.7668356895446777, 2.7580723762512207, 2.7503175735473633, 2.7440502643585205, 2.741152763366699, 2.7321956157684326, 2.723938465118408, 2.710315704345703], "time_taken": 57.132116079330444}