{"n_front_dense_FE": 3, "n_front_dense_PE": 1, "n_front_dense_RxDec": 2, "state_width": 8, "n_epochs": 15, "J_list": [2.7733101844787598, 2.7722039222717285, 2.7713356018066406, 2.7713065147399902, 2.7692315578460693, 2.7696335315704346, 2.767836093902588, 2.7608306407928467, 2.7571091651916504, 2.752945899963379, 2.7354347705841064, 2.73302960395813, 2.718226909637451, 2.712768793106079, 2.693452835083008], "time_taken": 88.62784814834595}