{"n_front_dense_FE": 1, "n_front_dense_PE": 1, "n_front_dense_RxDec": 2, "state_width": 8, "n_epochs": 15, "J_list": [2.772188901901245, 2.770512104034424, 2.769700765609741, 2.769942045211792, 2.7689208984375, 2.7670633792877197, 2.766843557357788, 2.7621474266052246, 2.7663371562957764, 2.7631583213806152, 2.758772850036621, 2.756808042526245, 2.756340503692627, 2.7485039234161377, 2.7426466941833496], "time_taken": 51.987881660461426}