{"n_front_dense_FE": 3, "n_front_dense_PE": 1, "n_front_dense_RxDec": 2, "state_width": 8, "n_epochs": 15, "J_list": [2.7727303504943848, 2.7718091011047363, 2.771066665649414, 2.7710001468658447, 2.7662410736083984, 2.766916513442993, 2.763678789138794, 2.753568649291992, 2.760768413543701, 2.753795862197876, 2.73075008392334, 2.720438241958618, 2.694924831390381, 2.6876437664031982, 2.6859636306762695], "time_taken": 60.2857460975647}