{"n_front_dense_FE": 2, "n_front_dense_PE": 1, "n_front_dense_RxDec": 2, "state_width": 8, "n_epochs": 15, "J_list": [2.7720906734466553, 2.7728309631347656, 2.7699544429779053, 2.769191026687622, 2.771235227584839, 2.7699928283691406, 2.7654380798339844, 2.7618582248687744, 2.7562434673309326, 2.75626802444458, 2.746521472930908, 2.7469146251678467, 2.743248462677002, 2.720665216445923, 2.715684413909912], "time_taken": 60.67535877227783}