{"n_front_dense_FE": 1, "n_front_dense_PE": 1, "n_front_dense_RxDec": 2, "state_width": 8, "n_epochs": 15, "J_list": [2.7727181911468506, 2.7712204456329346, 2.770453691482544, 2.7694735527038574, 2.768529176712036, 2.7661259174346924, 2.7614333629608154, 2.759876251220703, 2.75810170173645, 2.7551846504211426, 2.7547504901885986, 2.7443032264709473, 2.7373557090759277, 2.731447219848633, 2.726452112197876], "time_taken": 68.98450541496277}