{"n_front_dense_FE": 2, "n_front_dense_PE": 1, "n_front_dense_RxDec": 2, "state_width": 8, "n_epochs": 15, "J_list": [2.7721362113952637, 2.7715322971343994, 2.7725672721862793, 2.766827344894409, 2.771153211593628, 2.7636191844940186, 2.770292282104492, 2.761903762817383, 2.7625529766082764, 2.75506329536438, 2.7493159770965576, 2.749762773513794, 2.7459285259246826, 2.741487979888916, 2.737239360809326], "time_taken": 55.112353801727295}