{"n_front_dense_FE": 1, "n_front_dense_PE": 1, "n_front_dense_RxDec": 2, "state_width": 8, "n_epochs": 15, "J_list": [2.7733535766601562, 2.7719664573669434, 2.770838499069214, 2.770991563796997, 2.7697253227233887, 2.7675087451934814, 2.7682647705078125, 2.765547275543213, 2.7635817527770996, 2.757239580154419, 2.758317470550537, 2.7545480728149414, 2.7545809745788574, 2.7438764572143555, 2.7449421882629395], "time_taken": 64.74915599822998}