{"n_front_dense_FE": 3, "n_front_dense_PE": 1, "n_front_dense_RxDec": 2, "state_width": 8, "n_epochs": 15, "J_list": [2.772752285003662, 2.772043466567993, 2.7707979679107666, 2.7707788944244385, 2.769702196121216, 2.7682886123657227, 2.7642734050750732, 2.758432626724243, 2.7567622661590576, 2.7504940032958984, 2.7510085105895996, 2.7347607612609863, 2.723428249359131, 2.7094566822052, 2.688000202178955], "time_taken": 76.03660035133362}