{"n_front_dense_FE": 2, "n_front_dense_PE": 1, "n_front_dense_RxDec": 2, "state_width": 8, "n_epochs": 15, "J_list": [2.7729885578155518, 2.7724928855895996, 2.7710390090942383, 2.767798900604248, 2.7655177116394043, 2.7644307613372803, 2.764418840408325, 2.7598376274108887, 2.7502248287200928, 2.747487783432007, 2.7420878410339355, 2.729400157928467, 2.7163305282592773, 2.7048704624176025, 2.6997995376586914], "time_taken": 58.14046812057495}