{"n_front_dense_FE": 2, "n_front_dense_PE": 1, "n_front_dense_RxDec": 2, "state_width": 8, "n_epochs": 15, "J_list": [2.7730872631073, 2.771543502807617, 2.7721760272979736, 2.770277738571167, 2.768709659576416, 2.7657265663146973, 2.762887477874756, 2.7587342262268066, 2.7575385570526123, 2.7525949478149414, 2.7436180114746094, 2.7376484870910645, 2.7243151664733887, 2.721994638442993, 2.7015087604522705], "time_taken": 56.88558340072632}