{"n_front_dense_FE": 1, "n_front_dense_PE": 1, "n_front_dense_RxDec": 2, "state_width": 8, "n_epochs": 15, "J_list": [2.7724852561950684, 2.7699732780456543, 2.7703471183776855, 2.768795967102051, 2.767739772796631, 2.764256715774536, 2.7637600898742676, 2.763507127761841, 2.758876085281372, 2.7533087730407715, 2.7542507648468018, 2.7493176460266113, 2.743110418319702, 2.7305550575256348, 2.720777750015259], "time_taken": 51.47302961349487}