{"n_front_dense_FE": 1, "n_front_dense_PE": 1, "n_front_dense_RxDec": 2, "state_width": 8, "n_epochs": 15, "J_list": [2.772482395172119, 2.7697482109069824, 2.7703661918640137, 2.7707407474517822, 2.7694218158721924, 2.7668356895446777, 2.764751434326172, 2.7611896991729736, 2.7569117546081543, 2.752946376800537, 2.75240159034729, 2.7424228191375732, 2.748120069503784, 2.738203763961792, 2.731370210647583], "time_taken": 54.73803949356079}