{"n_front_dense_FE": 3, "n_front_dense_PE": 1, "n_front_dense_RxDec": 2, "state_width": 8, "n_epochs": 15, "J_list": [2.7725319862365723, 2.772578716278076, 2.7707467079162598, 2.7706122398376465, 2.7678322792053223, 2.7670626640319824, 2.7639358043670654, 2.760603666305542, 2.7517600059509277, 2.7459330558776855, 2.740169048309326, 2.723018169403076, 2.7275540828704834, 2.6996002197265625, 2.6872735023498535], "time_taken": 60.19485378265381}