{"n_front_dense_FE": 3, "n_front_dense_PE": 1, "n_front_dense_RxDec": 2, "state_width": 8, "n_epochs": 15, "J_list": [2.7717463970184326, 2.770822048187256, 2.770493507385254, 2.767390727996826, 2.7674853801727295, 2.7612764835357666, 2.7594974040985107, 2.744035482406616, 2.7436330318450928, 2.7296881675720215, 2.7283284664154053, 2.7096543312072754, 2.662280559539795, 2.6595890522003174, 2.6310858726501465], "time_taken": 70.7294671535492}