{"n_front_dense_FE": 4, "n_front_dense_PE": 1, "n_front_dense_RxDec": 2, "state_width": 8, "n_epochs": 80, "J_list": [2.7721309661865234, 2.851747512817383, 2.804600477218628, 2.7717502117156982, 2.773219585418701, 2.7730839252471924, 2.776139259338379, 2.7761549949645996, 2.7713701725006104, 2.7514820098876953, 2.7476887702941895, 2.6679275035858154, 2.6025657653808594, 2.518733501434326, 2.4738733768463135, 2.306138515472412, 2.2569046020507812, 2.2321372032165527, 2.156599283218384, 2.1008238792419434, 2.079054594039917, 1.9524447917938232, 1.9413646459579468, 1.8797067403793335, 1.7625614404678345, 1.7176225185394287, 1.7119029760360718, 1.6360715627670288, 1.6218650341033936, 1.5738675594329834, 1.5285133123397827, 1.5896968841552734, 1.6779983043670654, 1.4539159536361694, 1.4521650075912476, 1.4376999139785767, 1.3489456176757812, 1.3492780923843384, 1.2735481262207031, 1.2851918935775757, 1.395755410194397, 1.2876055240631104, 1.184904932975769, 1.145491361618042, 1.110561728477478, 1.1211186647415161, 1.0562999248504639, 0.9728703498840332, 1.078615665435791, 0.9611438512802124, 0.9312762022018433, 0.8999228477478027, 0.8638906478881836, 0.817633330821991, 0.7646926641464233, 0.7623544931411743, 0.6814767122268677, 0.6521490216255188, 0.6137736439704895, 0.7376978993415833, 0.5807596445083618, 0.595892608165741, 0.576280951499939, 0.5710192322731018, 0.7129735350608826, 0.7565321922302246, 0.5669692158699036, 0.49663013219833374, 0.6951712965965271, 0.5414314270019531, 0.5605400800704956, 0.7807871699333191, 0.48344287276268005, 0.4979216456413269, 0.5326064229011536, 0.4477080702781677, 0.5190255045890808, 0.4036451280117035, 0.4068126082420349, 0.4360488951206207], "time_taken": 550.3477036952972}