{"n_front_dense_FE": 2, "n_front_dense_PE": 1, "n_front_dense_RxDec": 2, "state_width": 8, "n_epochs": 80, "J_list": [2.7721076011657715, 2.7883460521698, 2.758380174636841, 2.7180683612823486, 2.695369243621826, 2.565298080444336, 2.3142271041870117, 2.1109471321105957, 2.812624454498291, 2.122765302658081, 2.1864752769470215, 2.1393885612487793, 2.1334915161132812, 2.1679980754852295, 2.0795536041259766, 1.9613374471664429, 1.8197482824325562, 1.7337379455566406, 1.752785086631775, 1.4886819124221802, 1.3670456409454346, 1.3785260915756226, 1.2608585357666016, 1.1260335445404053, 1.0480962991714478, 0.9803107976913452, 0.8315161466598511, 0.7408528327941895, 0.6429703831672668, 0.685454785823822, 0.6891706585884094, 0.7192832827568054, 0.4929749369621277, 0.5200057029724121, 0.40095430612564087, 0.3511926531791687, 0.36149463057518005, 0.44418397545814514, 0.2947045862674713, 0.1846017837524414, 0.25711995363235474, 0.15882259607315063, 0.17900672554969788, 0.1707840859889984, 0.18349535763263702, 0.11977192014455795, 0.15266530215740204, 0.1782997101545334, 0.13798221945762634, 0.21601977944374084, 0.11013394594192505, 0.12449922412633896, 0.12807630002498627, 0.09362728893756866, 0.1472192406654358, 0.14562377333641052, 0.1131613701581955, 0.1411409080028534, 0.10921230167150497, 0.09318038821220398, 0.05816103145480156, 0.08487807214260101, 0.0970478504896164, 0.05281345918774605, 0.040638167411088943, 0.051751114428043365, 0.06539084017276764, 0.03374033421278, 0.07226661592721939, 0.05779491737484932, 0.14509932696819305, 0.09630128741264343, 0.1602824628353119, 0.12560990452766418, 0.19547754526138306, 0.11616363376379013, 0.1589125692844391, 0.11791209876537323, 0.08423960208892822, 0.20513615012168884], "time_taken": 422.54182958602905}