{"n_front_dense_FE": 4, "n_front_dense_PE": 1, "n_front_dense_RxDec": 2, "state_width": 8, "n_epochs": 80, "J_list": [2.77235746383667, 2.7815277576446533, 2.7725775241851807, 2.7712857723236084, 2.763798475265503, 2.7575454711914062, 2.7188658714294434, 2.7136552333831787, 2.6544222831726074, 2.6330971717834473, 2.5275983810424805, 2.4760890007019043, 2.4118783473968506, 2.3678653240203857, 2.285107135772705, 2.1878559589385986, 2.0969619750976562, 2.159827709197998, 1.9815852642059326, 2.037203311920166, 1.8777720928192139, 1.7578738927841187, 1.617126226425171, 1.764944076538086, 1.6588207483291626, 1.5873758792877197, 1.4765756130218506, 1.4292347431182861, 1.3768573999404907, 1.2081081867218018, 1.2228763103485107, 1.0732513666152954, 1.0422782897949219, 0.9574671983718872, 0.9930842518806458, 1.0149991512298584, 0.7752274870872498, 0.9941336512565613, 0.8780047297477722, 0.6485611796379089, 0.8325456380844116, 0.7117558717727661, 0.6555777788162231, 0.6338471174240112, 0.5131136775016785, 0.48280659317970276, 0.5371426343917847, 0.3940799832344055, 0.4216752052307129, 0.4089065194129944, 0.3701254427433014, 0.26210880279541016, 0.2831099033355713, 0.2909729480743408, 0.23114874958992004, 0.21345248818397522, 0.22138237953186035, 0.16808277368545532, 0.1282256543636322, 0.18893671035766602, 0.08481442928314209, 0.0971844345331192, 0.08556722104549408, 0.09746356308460236, 0.10646627843379974, 0.04688400775194168, 0.04369843006134033, 0.04824758321046829, 0.03570161014795303, 0.06027338653802872, 0.03422863408923149, 0.055560506880283356, 0.04261936992406845, 0.0543096549808979, 0.041115228086709976, 0.1287653148174286, 0.041539885103702545, 0.2624477744102478, 0.1137741357088089, 0.5310525894165039], "time_taken": 529.3861501216888}