{"n_front_dense_FE": 4, "n_front_dense_PE": 1, "n_front_dense_RxDec": 2, "state_width": 8, "n_epochs": 80, "J_list": [2.7724082469940186, 2.8190455436706543, 2.7716310024261475, 2.7925219535827637, 2.7705001831054688, 2.7651782035827637, 2.7479286193847656, 2.739838123321533, 2.690274715423584, 2.6234354972839355, 2.5076756477355957, 2.4409406185150146, 2.3736729621887207, 2.2423665523529053, 2.797747850418091, 2.2112135887145996, 2.3545663356781006, 2.1871001720428467, 2.1016228199005127, 2.084953784942627, 1.8644940853118896, 1.7771440744400024, 1.6215795278549194, 1.544197916984558, 1.500670075416565, 1.4460039138793945, 1.3055453300476074, 1.3283361196517944, 1.1133136749267578, 1.0993196964263916, 1.08513343334198, 1.095941424369812, 0.8811809420585632, 0.9763677716255188, 0.8233503103256226, 0.7817211151123047, 0.7403300404548645, 0.7528303265571594, 0.7072487473487854, 0.6386151313781738, 0.6588979363441467, 0.5891375541687012, 0.48168516159057617, 0.6315407156944275, 0.4221115708351135, 0.5234104990959167, 0.36672165989875793, 0.6658351421356201, 0.4137999415397644, 0.3310371935367584, 0.3293941020965576, 0.2308715283870697, 0.26843589544296265, 0.2748728096485138, 0.22155384719371796, 0.18383608758449554, 0.2444034367799759, 0.16114036738872528, 0.25621843338012695, 0.23980498313903809, 0.29786205291748047, 0.14644691348075867, 0.3175455927848816, 0.14109095931053162, 0.25777333974838257, 0.24903862178325653, 0.27231723070144653, 0.20048224925994873, 0.17608654499053955, 0.29141589999198914, 0.10490600764751434, 0.22825975716114044, 0.11403249204158783, 0.2699876129627228, 0.10836204141378403, 0.14391130208969116, 0.06345698982477188, 0.10381382703781128, 0.060914695262908936, 0.0565212145447731], "time_taken": 540.0575461387634}