{"n_front_dense_FE": 2, "n_front_dense_PE": 1, "n_front_dense_RxDec": 2, "state_width": 8, "n_epochs": 80, "J_list": [2.7726855278015137, 2.780097723007202, 2.7762489318847656, 2.7510104179382324, 2.7028980255126953, 2.603386402130127, 2.4510445594787598, 2.411822557449341, 2.2255945205688477, 2.183157444000244, 1.849921464920044, 1.7603976726531982, 1.6108204126358032, 1.3071811199188232, 1.1660915613174438, 1.0921134948730469, 1.0537179708480835, 0.7636176943778992, 0.597724199295044, 0.7246814966201782, 0.5430898666381836, 0.42045649886131287, 0.3852129578590393, 0.2660773992538452, 0.3452749252319336, 0.35786160826683044, 0.23859235644340515, 0.24580807983875275, 0.1407189667224884, 0.1835072785615921, 0.18031086027622223, 0.1556127667427063, 0.20977985858917236, 0.1939200609922409, 0.0777909904718399, 0.2899726629257202, 0.15154929459095, 0.09324236214160919, 0.1468454748392105, 0.1530933380126953, 0.03927871212363243, 0.08451850712299347, 0.07438167929649353, 0.09706936031579971, 0.053475022315979004, 0.03490031510591507, 0.042907435446977615, 0.04421866685152054, 0.07119099050760269, 0.04017908126115799, 0.0380232036113739, 0.018662655726075172, 0.05728340893983841, 0.058469511568546295, 0.1392328441143036, 0.03898201882839203, 0.08571697771549225, 0.06098644807934761, 0.0878177061676979, 0.0545780248939991, 0.07003407180309296, 0.04670741409063339, 0.045073941349983215, 0.03145364671945572, 0.056336693465709686, 0.01726226881146431, 0.028022518381476402, 0.10179819166660309, 0.03072383627295494, 0.048624187707901, 0.009753337129950523, 0.017955446615815163, 0.023492442443966866, 0.10407412052154541, 0.018052909523248672, 0.04261168837547302, 0.037791915237903595, 0.06361818313598633, 0.008574962615966797, 0.02749832347035408], "time_taken": 422.0834422111511}