{"n_front_dense_FE": 4, "n_front_dense_PE": 1, "n_front_dense_RxDec": 2, "state_width": 8, "n_epochs": 80, "J_list": [2.7728323936462402, 2.783761978149414, 2.7680671215057373, 2.7768936157226562, 2.7713329792022705, 2.74772310256958, 2.738185405731201, 2.687437057495117, 2.6201610565185547, 2.5542848110198975, 2.4743473529815674, 2.512404680252075, 2.3916432857513428, 2.3323607444763184, 2.2018074989318848, 2.052513837814331, 2.002307653427124, 1.9344587326049805, 1.933760643005371, 1.8462234735488892, 1.7679626941680908, 1.6776683330535889, 1.7716772556304932, 1.4774599075317383, 1.5270342826843262, 1.3960528373718262, 1.22068190574646, 1.255896806716919, 1.4283833503723145, 1.2570291757583618, 1.1862990856170654, 1.270359754562378, 1.0890281200408936, 1.1517994403839111, 1.1595693826675415, 0.9841052889823914, 1.0897135734558105, 1.0073987245559692, 1.0685548782348633, 0.8977371454238892, 0.9768508076667786, 0.8399671316146851, 0.9147207140922546, 0.6895641088485718, 0.6988605260848999, 0.6389068961143494, 0.5159258842468262, 0.7059799432754517, 0.47146549820899963, 0.4760114550590515, 0.4587496817111969, 0.3768789768218994, 0.4041574001312256, 0.28744930028915405, 0.2821338474750519, 0.25445258617401123, 0.26106399297714233, 0.314746618270874, 0.39118003845214844, 0.6306926012039185, 0.3352515399456024, 0.6227017045021057, 0.5307841300964355, 0.3686150908470154, 0.32518020272254944, 0.4258914887905121, 0.47036677598953247, 0.4713493883609772, 0.32796236872673035, 0.23762789368629456, 0.3720362186431885, 0.25679540634155273, 0.23758849501609802, 0.21676018834114075, 0.2367134392261505, 0.2422945499420166, 0.22741618752479553, 0.15204955637454987, 0.19124735891819, 0.18031612038612366], "time_taken": 506.69873881340027}