{"n_front_dense_FE": 2, "n_front_dense_PE": 1, "n_front_dense_RxDec": 2, "state_width": 8, "n_epochs": 80, "J_list": [2.7725417613983154, 2.8275249004364014, 2.771045684814453, 2.764008045196533, 2.7533576488494873, 2.7117977142333984, 2.647608757019043, 2.5642054080963135, 2.4294629096984863, 2.3389670848846436, 2.573674201965332, 2.238893985748291, 2.174968719482422, 1.9967390298843384, 1.8642768859863281, 1.7499735355377197, 1.5467723608016968, 1.5182960033416748, 1.4184646606445312, 1.3212053775787354, 1.2195857763290405, 1.1618967056274414, 1.0841448307037354, 0.9115195274353027, 0.859200656414032, 0.930750846862793, 0.9174648523330688, 0.7545240521430969, 1.0474661588668823, 0.7389718890190125, 0.7607877850532532, 0.7377971410751343, 0.8072448968887329, 0.5732481479644775, 0.6173030734062195, 0.46789902448654175, 0.37732619047164917, 0.37653613090515137, 0.3512026369571686, 0.32760557532310486, 0.29836606979370117, 0.3393898606300354, 0.18714919686317444, 0.16665104031562805, 0.16808933019638062, 0.15437249839305878, 0.11930303275585175, 0.1044241413474083, 0.050401996821165085, 0.08489039540290833, 0.07697701454162598, 0.08224619179964066, 0.09450092911720276, 0.052126575261354446, 0.07351075857877731, 0.04014319181442261, 0.05987544730305672, 0.02248547412455082, 0.02612439915537834, 0.030845588073134422, 0.05008507892489433, 0.01303002517670393, 0.045929085463285446, 0.03511767089366913, 0.08438441902399063, 0.026843104511499405, 0.08064381033182144, 0.030767714604735374, 0.07326623797416687, 0.06379532814025879, 0.12012730538845062, 0.07262690365314484, 0.10104314982891083, 0.04226040467619896, 0.05103592947125435, 0.05242834612727165, 0.03322853893041611, 0.04028891772031784, 0.07818643748760223, 0.1025560051202774], "time_taken": 422.5621979236603}