{"n_front_dense_FE": 4, "n_front_dense_PE": 1, "n_front_dense_RxDec": 2, "state_width": 8, "n_epochs": 80, "J_list": [2.7726523876190186, 2.797595977783203, 2.770653486251831, 2.776061773300171, 2.776978015899658, 2.757911205291748, 2.72784423828125, 3.363363742828369, 2.7276206016540527, 2.85020112991333, 2.7650227546691895, 2.762460947036743, 2.7539868354797363, 2.7452194690704346, 2.7157516479492188, 2.724186897277832, 2.705878734588623, 2.6579043865203857, 2.6080257892608643, 2.533545732498169, 2.408550262451172, 2.324913740158081, 2.451482057571411, 2.398289442062378, 2.2429375648498535, 2.414055824279785, 2.2525925636291504, 2.2234628200531006, 2.195915699005127, 2.1224350929260254, 2.064826726913452, 1.9426683187484741, 1.9932060241699219, 1.9318453073501587, 1.8617788553237915, 1.773919701576233, 1.7730575799942017, 1.612213134765625, 1.5185075998306274, 1.5426852703094482, 1.4768092632293701, 1.4811623096466064, 1.5339967012405396, 1.2141594886779785, 1.2213398218154907, 1.2125736474990845, 1.0954005718231201, 1.030421257019043, 0.9307006597518921, 0.8727937936782837, 0.8845931887626648, 0.7483493089675903, 0.7593300938606262, 0.6937164068222046, 0.6549714803695679, 0.6060752272605896, 0.640548825263977, 0.7240769267082214, 0.5786941647529602, 0.5055418014526367, 0.5464004278182983, 0.5000583529472351, 0.45584622025489807, 0.45215922594070435, 0.4101710319519043, 0.44185304641723633, 0.3271069824695587, 0.3185897767543793, 0.4014008641242981, 0.30895671248435974, 0.3069536089897156, 0.354562371969223, 0.3143128752708435, 0.2608794569969177, 0.3146210312843323, 0.19635845720767975, 0.25099068880081177, 0.21169130504131317, 0.1916836053133011, 0.26371151208877563], "time_taken": 546.7233664989471}