{"n_front_dense_FE": 4, "n_front_dense_PE": 1, "n_front_dense_RxDec": 2, "state_width": 8, "n_epochs": 80, "J_list": [2.772818088531494, 2.7806684970855713, 2.7777903079986572, 2.7685961723327637, 2.761887788772583, 2.7223682403564453, 2.600926399230957, 2.8477115631103516, 2.5399246215820312, 2.6562111377716064, 2.4618585109710693, 2.5278592109680176, 2.479905605316162, 2.516202688217163, 2.3277029991149902, 2.399904727935791, 2.2438879013061523, 2.143073320388794, 2.1581339836120605, 2.094285726547241, 2.0571327209472656, 1.9766671657562256, 1.9166215658187866, 1.8291823863983154, 1.8404874801635742, 1.719739556312561, 1.7066456079483032, 1.6935036182403564, 1.6294275522232056, 1.5029871463775635, 1.4604113101959229, 1.4351155757904053, 1.5192837715148926, 1.4656703472137451, 1.3127483129501343, 1.2666860818862915, 1.1807129383087158, 1.2129446268081665, 1.3111623525619507, 1.2442820072174072, 1.0992790460586548, 1.2156639099121094, 1.059117078781128, 1.1171631813049316, 1.0430939197540283, 1.0936528444290161, 0.8729686737060547, 0.9666545987129211, 0.8470907211303711, 0.9708030819892883, 0.785657525062561, 0.7729900479316711, 0.7912747263908386, 0.7679072618484497, 0.6672484278678894, 0.7153425216674805, 0.8109723925590515, 0.5868462324142456, 0.651216447353363, 0.5133656859397888, 0.5767863392829895, 0.5398114323616028, 0.44233494997024536, 0.4246078133583069, 0.444835364818573, 0.4965322017669678, 0.4656771719455719, 0.3315214514732361, 0.4701593518257141, 0.38057079911231995, 0.44398707151412964, 0.35082292556762695, 0.41493406891822815, 0.2981303632259369, 0.27127566933631897, 0.3312627673149109, 0.20251786708831787, 0.19772334396839142, 0.19905395805835724, 0.22739598155021667], "time_taken": 621.2314007282257}