{"n_front_dense_FE": 2, "n_front_dense_PE": 1, "n_front_dense_RxDec": 2, "state_width": 8, "n_epochs": 80, "J_list": [2.7721571922302246, 2.776797294616699, 2.773827075958252, 2.757929563522339, 2.7269957065582275, 2.6849770545959473, 2.5996429920196533, 2.5183444023132324, 2.3296806812286377, 2.2050061225891113, 1.9956718683242798, 1.8953269720077515, 1.907090425491333, 1.6521682739257812, 1.5850130319595337, 1.2358744144439697, 1.2767603397369385, 1.1313501596450806, 0.9770492315292358, 0.8994247317314148, 0.7475861310958862, 0.7054699063301086, 0.5517605543136597, 0.4741744101047516, 0.43641582131385803, 0.39819690585136414, 0.3742557168006897, 0.26055341958999634, 0.16078029572963715, 0.2645222544670105, 0.1635953187942505, 0.14405401051044464, 0.1368551254272461, 0.08911147713661194, 0.18488767743110657, 0.11671601235866547, 0.09393109381198883, 0.1738586127758026, 0.03627902269363403, 0.23605665564537048, 0.14224174618721008, 0.10762596130371094, 0.11458621174097061, 0.29417696595191956, 0.10312704741954803, 0.2557709813117981, 0.17194941639900208, 0.2173471450805664, 0.08688417077064514, 0.1734911948442459, 0.16864106059074402, 0.22486385703086853, 0.060526229441165924, 0.0782102569937706, 0.0691291093826294, 0.06264901161193848, 0.1212243065237999, 0.1202741488814354, 0.04672663286328316, 0.05926937982439995, 0.1007152572274208, 0.043341320008039474, 0.12623341381549835, 0.01804112270474434, 0.042394232004880905, 0.09499106556177139, 0.02853402867913246, 0.03127816691994667, 0.035155102610588074, 0.0313577875494957, 0.027204006910324097, 0.02864915505051613, 0.030865345150232315, 0.01591097190976143, 0.03536773473024368, 0.020540747791528702, 0.02724384143948555, 0.10533452033996582, 0.021220551803708076, 0.07665501534938812], "time_taken": 427.7758469581604}