{"n_front_dense_FE": 4, "n_front_dense_PE": 1, "n_front_dense_RxDec": 2, "state_width": 8, "n_epochs": 80, "J_list": [2.7724220752716064, 2.765134334564209, 2.7536399364471436, 3.094942569732666, 2.7709174156188965, 2.7707526683807373, 2.7545671463012695, 2.738645076751709, 2.6540184020996094, 2.589233160018921, 2.553823947906494, 4.6220831871032715, 2.5017571449279785, 2.7187962532043457, 2.6937294006347656, 2.7286574840545654, 2.6870410442352295, 2.6761391162872314, 2.645437717437744, 2.627185344696045, 2.604484796524048, 2.550278425216675, 2.5852198600769043, 2.5283451080322266, 2.436093807220459, 2.3884923458099365, 2.3760452270507812, 2.4173943996429443, 2.3844478130340576, 2.2305121421813965, 2.2886242866516113, 2.2225420475006104, 2.0849609375, 2.233912229537964, 2.0606796741485596, 2.166287899017334, 1.9766919612884521, 2.0048632621765137, 1.8442497253417969, 1.8858699798583984, 1.909550428390503, 1.737771987915039, 1.7087383270263672, 1.6225906610488892, 1.6624873876571655, 1.5876929759979248, 1.59557044506073, 1.5019645690917969, 1.5436832904815674, 1.4570579528808594, 1.410266399383545, 1.32887864112854, 1.2964353561401367, 1.314205527305603, 1.3074605464935303, 1.2030082941055298, 1.1613763570785522, 1.1347501277923584, 1.1169965267181396, 1.0530966520309448, 1.05985426902771, 1.0297489166259766, 1.0205066204071045, 0.9058012962341309, 0.9330522418022156, 1.021973967552185, 0.9805855751037598, 1.5273208618164062, 1.3838300704956055, 1.1400527954101562, 1.4717477560043335, 1.0142399072647095, 1.2234022617340088, 0.9472204446792603, 1.0700247287750244, 1.0084043741226196, 1.112535834312439, 0.9639006853103638, 0.9689885377883911, 0.930047869682312], "time_taken": 535.5335800647736}