{"n_front_dense_FE": 2, "n_front_dense_PE": 1, "n_front_dense_RxDec": 2, "state_width": 8, "n_epochs": 80, "J_list": [2.7736728191375732, 2.776249408721924, 2.770081043243408, 2.792811870574951, 2.75569486618042, 2.730142116546631, 2.66154146194458, 2.5764834880828857, 2.508626937866211, 2.333875894546509, 2.4096717834472656, 2.5614826679229736, 2.112936019897461, 2.042194366455078, 2.0163044929504395, 1.8506839275360107, 1.7248561382293701, 1.6821537017822266, 1.4894835948944092, 1.3570760488510132, 1.1694097518920898, 1.0913232564926147, 0.9153980016708374, 0.8099982142448425, 0.6796997785568237, 0.572941243648529, 0.5096544027328491, 0.6200574636459351, 0.5441763997077942, 0.3852970004081726, 0.4722890853881836, 0.40277305245399475, 0.196697399020195, 0.3093070387840271, 0.1599784940481186, 0.19334498047828674, 0.16957063972949982, 0.15821942687034607, 0.11831524223089218, 0.17923374474048615, 0.1006934642791748, 0.11789634078741074, 0.1481468677520752, 0.1815156787633896, 0.06856904923915863, 0.16462187469005585, 0.06863091140985489, 0.18237167596817017, 0.07136455923318863, 0.19645872712135315, 0.08250446617603302, 0.15874050557613373, 0.12806251645088196, 0.14732660353183746, 0.1089569553732872, 0.14188089966773987, 0.183611199259758, 0.1702066957950592, 0.04750661924481392, 0.16706866025924683, 0.12807461619377136, 0.24980762600898743, 0.08788507431745529, 0.3467749059200287, 0.07401321083307266, 0.05459320545196533, 0.3189851641654968, 0.18587413430213928, 0.22118255496025085, 0.06273231655359268, 0.11821112781763077, 0.08981858193874359, 0.11900939047336578, 0.04411021247506142, 0.09159281849861145, 0.03380609303712845, 0.09734532982110977, 0.04643336683511734, 0.05886474996805191, 0.09451624751091003], "time_taken": 473.9528760910034}