{"n_front_dense_FE": 4, "n_front_dense_PE": 1, "n_front_dense_RxDec": 2, "state_width": 8, "n_epochs": 80, "J_list": [2.7735238075256348, 2.8139405250549316, 2.7837612628936768, 2.7704098224639893, 2.78196120262146, 2.7893059253692627, 2.7698662281036377, 2.772346258163452, 2.7732162475585938, 2.7570993900299072, 2.7578816413879395, 2.711369037628174, 2.681891679763794, 2.605360746383667, 2.5877671241760254, 2.5642013549804688, 2.541480779647827, 2.434032917022705, 2.4065864086151123, 2.3164803981781006, 2.333672046661377, 2.292595386505127, 2.220653772354126, 2.1688740253448486, 2.0479915142059326, 2.0257821083068848, 1.9690659046173096, 1.910089135169983, 1.898037314414978, 1.8863041400909424, 1.7293304204940796, 1.78611159324646, 1.748753309249878, 1.657149076461792, 1.6302118301391602, 1.6717164516448975, 1.5370292663574219, 1.579721450805664, 1.4621593952178955, 1.546698808670044, 1.4932254552841187, 1.5418360233306885, 1.3498258590698242, 1.3186578750610352, 1.1555966138839722, 1.1845214366912842, 0.9182607531547546, 1.0263245105743408, 1.0076099634170532, 0.8851779103279114, 0.8365726470947266, 0.7642307877540588, 0.7962284684181213, 0.7497663497924805, 0.7352005243301392, 0.7173858880996704, 0.7378196120262146, 0.946589469909668, 0.7607817649841309, 0.7978813648223877, 0.599584698677063, 0.6022052764892578, 0.5267767906188965, 0.5333024263381958, 0.48222050070762634, 0.5201312899589539, 0.41336172819137573, 0.4168693423271179, 0.3462485671043396, 0.32354387640953064, 0.3265916705131531, 0.23213604092597961, 0.34373238682746887, 0.2826988101005554, 0.25121012330055237, 0.22410893440246582, 0.2039191722869873, 0.12390045821666718, 0.27311161160469055, 0.1442006379365921], "time_taken": 503.57518577575684}