{"n_front_dense_FE": 2, "n_front_dense_PE": 1, "n_front_dense_RxDec": 2, "state_width": 8, "n_epochs": 80, "J_list": [2.7726387977600098, 2.7926297187805176, 2.7817206382751465, 2.776249647140503, 2.748624801635742, 2.703829288482666, 2.646458864212036, 2.535351276397705, 2.2958531379699707, 2.6164889335632324, 2.6822376251220703, 2.3095877170562744, 2.206204891204834, 2.1926562786102295, 2.1716721057891846, 2.136659860610962, 2.006518840789795, 1.8483505249023438, 1.6715261936187744, 1.5769363641738892, 1.4241832494735718, 1.2873848676681519, 1.3050264120101929, 1.1078498363494873, 1.0417931079864502, 0.867881178855896, 0.7582346200942993, 0.7433627247810364, 0.5854266285896301, 0.5593038201332092, 0.5574554204940796, 0.4727512001991272, 0.6522334218025208, 0.5991582870483398, 0.5328792333602905, 0.31076520681381226, 0.3943857252597809, 0.308008074760437, 0.3401133716106415, 0.33349353075027466, 0.2239212989807129, 0.26834431290626526, 0.2029310166835785, 0.1144975870847702, 0.1634913682937622, 0.20988579094409943, 0.20015311241149902, 0.21732154488563538, 0.09671777486801147, 0.18525616824626923, 0.06216638535261154, 0.16821029782295227, 0.10550566017627716, 0.1339716911315918, 0.14190736413002014, 0.12177319824695587, 0.14554445445537567, 0.05994098260998726, 0.11303160339593887, 0.08559425175189972, 0.07874545454978943, 0.07119444012641907, 0.06512343883514404, 0.07697373628616333, 0.06097225472331047, 0.1170734167098999, 0.03667071461677551, 0.050158362835645676, 0.12853625416755676, 0.06047698110342026, 0.040408629924058914, 0.05053308606147766, 0.07798395305871964, 0.048514582216739655, 0.06264549493789673, 0.03732848912477493, 0.035108476877212524, 0.04433712363243103, 0.04412157088518143, 0.03462884575128555], "time_taken": 399.7285387516022}