{"n_front_dense_FE": 2, "n_front_dense_PE": 1, "n_front_dense_RxDec": 2, "state_width": 8, "n_epochs": 80, "J_list": [2.772559404373169, 2.8016834259033203, 2.7637147903442383, 2.76330304145813, 2.729468584060669, 2.7188479900360107, 2.6337697505950928, 2.548548936843872, 2.4058334827423096, 2.2427659034729004, 2.3138277530670166, 2.170128107070923, 2.0174105167388916, 1.8370850086212158, 1.6470890045166016, 1.5603567361831665, 1.430950403213501, 1.3106132745742798, 1.3013147115707397, 1.185402274131775, 1.1368610858917236, 1.0878283977508545, 0.9041738510131836, 0.9915305972099304, 0.7684417963027954, 0.7878826856613159, 0.7849528193473816, 0.5827204585075378, 0.543525218963623, 0.5102375745773315, 0.322730153799057, 0.3376403748989105, 0.40075621008872986, 0.24384455382823944, 0.26080599427223206, 0.1608731895685196, 0.2338378131389618, 0.1607094705104828, 0.16630426049232483, 0.11468448489904404, 0.15234751999378204, 0.17411008477210999, 0.06343282759189606, 0.1349349170923233, 0.10199365764856339, 0.20697107911109924, 0.07828126847743988, 0.266932874917984, 0.06451195478439331, 0.18256106972694397, 0.07869026809930801, 0.0893622487783432, 0.20404696464538574, 0.10025043785572052, 0.13837361335754395, 0.11358277499675751, 0.19103163480758667, 0.10012205690145493, 0.16775254905223846, 0.0992703065276146, 0.13116808235645294, 0.1022888645529747, 0.1314203441143036, 0.06629224866628647, 0.10956545174121857, 0.08115092664957047, 0.038607191294431686, 0.032701846212148666, 0.10089508444070816, 0.17801636457443237, 0.07684051990509033, 0.05861223489046097, 0.1407032310962677, 0.04864814504981041, 0.024686846882104874, 0.10200788080692291, 0.06665919721126556, 0.0110392477363348, 0.05342007428407669, 0.05340064689517021], "time_taken": 487.0738756656647}