{"n_front_dense_FE": 4, "n_front_dense_PE": 1, "n_front_dense_RxDec": 2, "state_width": 8, "n_epochs": 80, "J_list": [2.7725589275360107, 2.773118257522583, 2.786494016647339, 2.766531467437744, 2.7952704429626465, 2.767347812652588, 2.7435736656188965, 2.7299773693084717, 2.6570677757263184, 2.6599087715148926, 2.6232964992523193, 2.5322554111480713, 2.506688117980957, 2.393486976623535, 2.486844539642334, 2.2994163036346436, 2.314260959625244, 2.241528034210205, 2.194075107574463, 2.155061960220337, 2.1626224517822266, 2.0999960899353027, 2.0361804962158203, 2.02925443649292, 2.0069613456726074, 1.9882243871688843, 1.926754355430603, 1.8922815322875977, 1.7125046253204346, 1.6603180170059204, 1.5331251621246338, 1.499214768409729, 1.5207741260528564, 1.34767746925354, 1.3502473831176758, 1.4396499395370483, 1.2093102931976318, 1.282710313796997, 1.335994005203247, 1.2379992008209229, 1.0415884256362915, 1.18111252784729, 1.0776875019073486, 1.0579156875610352, 0.9277642369270325, 0.9445619583129883, 0.9645076990127563, 0.8017024993896484, 0.7677463293075562, 0.8303850293159485, 0.6465362310409546, 0.6329672932624817, 0.5666927695274353, 0.5571635961532593, 0.46219080686569214, 0.5645889043807983, 0.5039064288139343, 0.5576730966567993, 0.4779423773288727, 0.45906105637550354, 0.45947036147117615, 0.4260897636413574, 0.39155665040016174, 0.4124508798122406, 0.3199231028556824, 0.35315701365470886, 0.4213341772556305, 0.5476300120353699, 0.3817111849784851, 0.3318026661872864, 0.3919139802455902, 0.36502805352211, 0.40041691064834595, 0.25544583797454834, 0.3667023777961731, 0.3764544129371643, 0.37184375524520874, 0.4476473927497864, 0.3561970591545105, 0.412428617477417], "time_taken": 558.1385946273804}