{"n_front_dense_FE": 2, "n_front_dense_PE": 1, "n_front_dense_RxDec": 2, "state_width": 8, "n_epochs": 80, "J_list": [2.7726407051086426, 2.7698616981506348, 2.7790095806121826, 2.755629062652588, 2.7066104412078857, 2.632147789001465, 2.5983986854553223, 2.434121608734131, 2.2049756050109863, 2.099518299102783, 2.0229275226593018, 1.7858966588974, 1.43613862991333, 1.3285481929779053, 1.107913613319397, 0.9258974194526672, 0.794216513633728, 0.6260101795196533, 0.5530014038085938, 0.6763132214546204, 0.9037271738052368, 0.6122334599494934, 0.569752037525177, 0.699328601360321, 0.4700600504875183, 0.31644105911254883, 0.4504449963569641, 0.38765794038772583, 0.2531653046607971, 0.23708271980285645, 0.4628479480743408, 0.41296663880348206, 0.2542147636413574, 0.22645585238933563, 0.27485349774360657, 0.21440573036670685, 0.27727454900741577, 0.14415153861045837, 0.20799095928668976, 0.1449519842863083, 0.13628043234348297, 0.14442989230155945, 0.07948768883943558, 0.10700394958257675, 0.10265383869409561, 0.09808633476495743, 0.08934454619884491, 0.05298825353384018, 0.05721880868077278, 0.05038280412554741, 0.05780135467648506, 0.06008279323577881, 0.036898478865623474, 0.06444165855646133, 0.024114292114973068, 0.03424574062228203, 0.02643294259905815, 0.031274326145648956, 0.01246392261236906, 0.01078121829777956, 0.011756325140595436, 0.014246510341763496, 0.018181871622800827, 0.015855705365538597, 0.00547866290435195, 0.005113138817250729, 0.0038792372215539217, 0.02358034998178482, 0.004257333464920521, 0.021021494641900063, 0.017206404358148575, 0.007361558265984058, 0.003958112560212612, 0.004081502091139555, 0.001999311614781618, 0.004185116849839687, 0.008321965113282204, 0.0018195979064330459, 0.006411974783986807, 0.0014703667256981134], "time_taken": 533.033668756485}