{"n_front_dense_FE": 2, "n_front_dense_PE": 1, "n_front_dense_RxDec": 2, "state_width": 8, "n_epochs": 80, "J_list": [2.7725729942321777, 2.760068416595459, 2.825970411300659, 2.772906541824341, 2.760901689529419, 2.7307422161102295, 2.6952250003814697, 2.603166103363037, 2.469022035598755, 2.228393077850342, 2.6197714805603027, 2.6475319862365723, 2.1234049797058105, 2.116027355194092, 2.050386905670166, 2.0325217247009277, 1.9049365520477295, 1.7572460174560547, 1.6549322605133057, 1.396492600440979, 1.2447006702423096, 1.0004379749298096, 0.8256640434265137, 0.5834617614746094, 0.5646855235099792, 0.2972838878631592, 0.30015134811401367, 0.26730623841285706, 0.18665626645088196, 0.10557818412780762, 0.12476162612438202, 0.08528214693069458, 0.09553796052932739, 0.06283342838287354, 0.20196858048439026, 0.13038882613182068, 0.14891842007637024, 0.12547723948955536, 0.408128023147583, 0.16207744181156158, 0.19958709180355072, 0.09963854402303696, 0.24959620833396912, 0.163731187582016, 0.1951407641172409, 0.3136570155620575, 0.20511098206043243, 0.14297683537006378, 0.30544477701187134, 0.25128036737442017, 0.122450090944767, 0.125093013048172, 0.4062497019767761, 0.09215470403432846, 0.13683471083641052, 0.1995791494846344, 0.09675627201795578, 0.12273311614990234, 0.18266625702381134, 0.18985001742839813, 0.08231246471405029, 0.0729617327451706, 0.09256261587142944, 0.13315549492835999, 0.07702122628688812, 0.1316559761762619, 0.0870736762881279, 0.09575848281383514, 0.08714266121387482, 0.030541855841875076, 0.03103075549006462, 0.029294539242982864, 0.09439784288406372, 0.018312182277441025, 0.02679738961160183, 0.017190176993608475, 0.04948635771870613, 0.022947246208786964, 0.02852376364171505, 0.030661243945360184], "time_taken": 438.8062553405762}