{"n_front_dense_FE": 2, "n_front_dense_PE": 1, "n_front_dense_RxDec": 2, "state_width": 8, "n_epochs": 80, "J_list": [2.772254467010498, 2.7828257083892822, 2.7742905616760254, 2.749019145965576, 2.6939053535461426, 2.653113603591919, 2.434262752532959, 2.34279203414917, 2.5736260414123535, 2.0806407928466797, 2.0519137382507324, 1.8685567378997803, 1.7510885000228882, 1.5611201524734497, 1.381373643875122, 1.5367590188980103, 1.4943218231201172, 1.3331592082977295, 1.1346852779388428, 1.216109037399292, 1.1188589334487915, 0.9510694742202759, 0.8693996667861938, 0.7493528127670288, 0.7469073534011841, 0.7107669115066528, 0.7126697301864624, 0.5405367612838745, 0.5796297788619995, 0.5272641181945801, 0.41377219557762146, 0.36420875787734985, 0.29679927229881287, 0.30814507603645325, 0.25799599289894104, 0.2372404783964157, 0.2474559098482132, 0.2135847508907318, 0.1925191432237625, 0.1448029726743698, 0.2166597843170166, 0.1366988867521286, 0.15568093955516815, 0.11650681495666504, 0.1264115571975708, 0.0931069627404213, 0.07421019673347473, 0.16398970782756805, 0.110087551176548, 0.191694974899292, 0.10992101579904556, 0.10751724243164062, 0.06911060959100723, 0.08231568336486816, 0.05614086240530014, 0.07225940376520157, 0.04440232366323471, 0.1433185636997223, 0.047482553869485855, 0.07890447229146957, 0.049752190709114075, 0.10004870593547821, 0.15789982676506042, 0.23687148094177246, 0.044528912752866745, 0.2913370132446289, 0.21309968829154968, 0.216813325881958, 0.1878608912229538, 0.21780650317668915, 0.12814196944236755, 0.18804700672626495, 0.09492310881614685, 0.2118714153766632, 0.07536868751049042, 0.1383560597896576, 0.0852283388376236, 0.07749496400356293, 0.15352007746696472, 0.07072926312685013], "time_taken": 412.60994243621826}