{"n_front_dense_FE": 2, "n_front_dense_PE": 1, "n_front_dense_RxDec": 2, "state_width": 8, "n_epochs": 80, "J_list": [2.7730894088745117, 2.7720673084259033, 2.7538650035858154, 2.741659164428711, 2.751136064529419, 2.8454043865203857, 2.5943291187286377, 2.580160617828369, 2.521826982498169, 2.347960948944092, 2.217348575592041, 2.4461283683776855, 2.0576744079589844, 2.0005240440368652, 1.670739769935608, 1.5962929725646973, 1.460084319114685, 1.311187505722046, 1.108040452003479, 0.926875114440918, 0.8051576614379883, 0.6788765788078308, 0.5219768285751343, 0.4712859094142914, 0.3611367344856262, 0.265580415725708, 0.3381187617778778, 0.22503387928009033, 0.1738893687725067, 0.1598251760005951, 0.18568038940429688, 0.12943053245544434, 0.1507023125886917, 0.08818209171295166, 0.058595169335603714, 0.16646826267242432, 0.13713768124580383, 0.09900914877653122, 0.192109152674675, 0.05394362285733223, 0.25589171051979065, 0.13542276620864868, 0.19771233201026917, 0.17375770211219788, 0.2602232098579407, 0.25178274512290955, 0.4409324526786804, 0.15085333585739136, 0.46077975630760193, 0.20718948543071747, 0.3883569538593292, 0.4561339020729065, 0.25679144263267517, 0.2878307104110718, 0.29618167877197266, 0.14889296889305115, 0.2726208567619324, 0.17983946204185486, 0.11162056028842926, 0.23199968039989471, 0.09887188673019409, 0.1629859209060669, 0.06458617746829987, 0.051075585186481476, 0.05840093642473221, 0.049934618175029755, 0.07433061301708221, 0.10552461445331573, 0.03302527219057083, 0.034409090876579285, 0.02248772606253624, 0.051073648035526276, 0.03134750574827194, 0.016707196831703186, 0.03253960609436035, 0.051077209413051605, 0.038396935909986496, 0.053903065621852875, 0.009080706164240837, 0.007785396184772253], "time_taken": 413.6079156398773}