{"n_front_dense_FE": 8, "n_front_dense_PE": 1, "n_front_dense_RxDec": 2, "state_width": 8, "n_epochs": 80, "J_list": [2.772394895553589, 2.8372645378112793, 2.7768306732177734, 2.775641679763794, 2.772833824157715, 2.7755513191223145, 2.772106170654297, 2.7708797454833984, 2.772514820098877, 2.7650489807128906, 2.7724452018737793, 2.7580738067626953, 2.7692997455596924, 2.7523860931396484, 2.758206367492676, 2.732372283935547, 2.706821918487549, 2.7317562103271484, 2.7208914756774902, 2.660065174102783, 2.6701607704162598, 2.591526985168457, 2.6023974418640137, 2.5597991943359375, 2.4988083839416504, 2.4801464080810547, 2.467353105545044, 2.4149856567382812, 2.3480730056762695, 2.3181278705596924, 2.1982054710388184, 2.1595027446746826, 2.0867903232574463, 1.9668232202529907, 1.933786392211914, 2.062077760696411, 2.220533847808838, 1.9065405130386353, 1.8627849817276, 1.7375106811523438, 1.77178955078125, 1.7298228740692139, 1.6845935583114624, 1.6612049341201782, 1.5706093311309814, 1.4516347646713257, 1.4919230937957764, 1.358019471168518, 1.277189016342163, 1.2760335206985474, 1.1348202228546143, 1.0576545000076294, 0.9748088717460632, 0.9831964373588562, 0.7852252721786499, 0.7950588464736938, 0.8228453397750854, 0.7302616834640503, 0.7828100919723511, 0.7796103954315186, 0.7393709421157837, 0.5538648366928101, 0.6016513109207153, 0.6730225682258606, 0.6081904172897339, 0.5252329111099243, 0.5716251134872437, 0.5131511688232422, 0.4017215669155121, 0.42041999101638794, 0.44642725586891174, 0.4080430865287781, 0.37709373235702515, 0.3986928462982178, 0.4040585160255432, 0.32081618905067444, 0.3310963213443756, 0.294098824262619, 0.2941121459007263, 0.23641808331012726], "time_taken": 764.196320772171}