{"n_front_dense_FE": 4, "n_front_dense_PE": 1, "n_front_dense_RxDec": 2, "state_width": 8, "n_epochs": 80, "J_list": [2.772780418395996, 2.772810459136963, 2.8475918769836426, 2.7893459796905518, 2.7804219722747803, 2.7721188068389893, 2.7774124145507812, 2.7667927742004395, 2.7567336559295654, 2.740128993988037, 2.721327304840088, 2.6823275089263916, 2.6198630332946777, 2.5760550498962402, 2.508532762527466, 2.3978028297424316, 2.3317482471466064, 2.2278151512145996, 2.124420166015625, 2.0972440242767334, 1.964623212814331, 1.9127929210662842, 1.8640543222427368, 1.7666898965835571, 1.7206977605819702, 1.5389608144760132, 1.7578160762786865, 1.6142008304595947, 1.4857450723648071, 1.356088399887085, 1.2573539018630981, 1.3345415592193604, 1.2905728816986084, 1.0947153568267822, 1.140273094177246, 1.1532180309295654, 0.9599819183349609, 1.0617440938949585, 0.7428129315376282, 0.9051464796066284, 0.7360061407089233, 0.844569206237793, 0.6659949421882629, 0.6254998445510864, 0.5626423954963684, 0.658981442451477, 0.5230138301849365, 0.4518868923187256, 0.4793446660041809, 0.3809027075767517, 0.3853108286857605, 0.3245653808116913, 0.3486153781414032, 0.24091389775276184, 0.3509766161441803, 0.18135985732078552, 0.27543991804122925, 0.15893764793872833, 0.18415728211402893, 0.2061406821012497, 0.147077739238739, 0.1707811951637268, 0.2993011176586151, 0.1475691795349121, 0.17400938272476196, 0.10778355598449707, 0.18117541074752808, 0.2892323136329651, 0.1474250704050064, 0.1418972909450531, 0.12007226049900055, 0.12352330982685089, 0.1765557825565338, 0.22164984047412872, 0.09975802898406982, 0.08838389813899994, 0.21381478011608124, 0.11097178608179092, 0.1875760853290558, 0.16528770327568054], "time_taken": 532.8237981796265}