{"n_front_dense_FE": 2, "n_front_dense_PE": 1, "n_front_dense_RxDec": 2, "state_width": 8, "n_epochs": 80, "J_list": [2.7728025913238525, 2.7970128059387207, 2.7690322399139404, 2.743825674057007, 2.684990167617798, 2.628655195236206, 2.5129213333129883, 2.3981471061706543, 2.6372647285461426, 2.2779877185821533, 2.231153964996338, 2.209595203399658, 2.031120538711548, 2.017426013946533, 1.9596054553985596, 1.6014492511749268, 1.587189793586731, 1.4576561450958252, 1.2139065265655518, 1.1288245916366577, 0.9435493350028992, 0.8158367276191711, 0.6700857877731323, 0.5730239152908325, 0.401815801858902, 0.3795658051967621, 0.3322924077510834, 0.29351118206977844, 0.22522592544555664, 0.24102754890918732, 0.28015679121017456, 0.3076159954071045, 0.1671532839536667, 0.2939562201499939, 0.2444014549255371, 0.11312615871429443, 0.15021204948425293, 0.16175934672355652, 0.12430940568447113, 0.1580301821231842, 0.12261705100536346, 0.08506307005882263, 0.18274196982383728, 0.17193539440631866, 0.09097646176815033, 0.08580304682254791, 0.1803206503391266, 0.1420440375804901, 0.18018734455108643, 0.05189512297511101, 0.16982142627239227, 0.05471852421760559, 0.08203041553497314, 0.22891941666603088, 0.03653218224644661, 0.11084721237421036, 0.19432267546653748, 0.10226228088140488, 0.08108993619680405, 0.15563252568244934, 0.08523333072662354, 0.0794094055891037, 0.046599116176366806, 0.054238803684711456, 0.10490356385707855, 0.07099571079015732, 0.04714763164520264, 0.08898269385099411, 0.1398719847202301, 0.1194535493850708, 0.07298196852207184, 0.05187373235821724, 0.11652448028326035, 0.10150320827960968, 0.038164909929037094, 0.11302939802408218, 0.05867457389831543, 0.035703904926776886, 0.06182640790939331, 0.018999870866537094], "time_taken": 651.4014520645142}