{"n_front_dense_FE": 2, "n_front_dense_PE": 1, "n_front_dense_RxDec": 2, "state_width": 8, "n_epochs": 80, "J_list": [2.7724967002868652, 2.7835867404937744, 2.7825510501861572, 2.7592251300811768, 2.7184605598449707, 2.6776463985443115, 2.6050381660461426, 2.6547951698303223, 2.56032133102417, 2.349768877029419, 2.2452120780944824, 2.1028084754943848, 2.071615219116211, 1.9595057964324951, 1.8754554986953735, 1.8119395971298218, 1.593941330909729, 1.5622713565826416, 1.288568139076233, 1.191897988319397, 1.0785815715789795, 1.094657063484192, 0.8663711547851562, 0.821799635887146, 0.7766422033309937, 0.5905551910400391, 0.4723076820373535, 0.4390518069267273, 0.3581799864768982, 0.24773330986499786, 0.21252210438251495, 0.18543247878551483, 0.11023478209972382, 0.11446143686771393, 0.1093936413526535, 0.08589359372854233, 0.09439853578805923, 0.1341540366411209, 0.12933434545993805, 0.14121083915233612, 0.14076276123523712, 0.12607762217521667, 0.1511857807636261, 0.2266741245985031, 0.27024540305137634, 0.5201300382614136, 0.1047292947769165, 0.2614975571632385, 0.20133540034294128, 0.15025438368320465, 0.26724880933761597, 0.41554179787635803, 0.3682125210762024, 0.31416887044906616, 0.126353919506073, 0.30491161346435547, 0.2119087427854538, 0.21651871502399445, 0.20778846740722656, 0.2548292577266693, 0.2209612876176834, 0.11078783124685287, 0.14531390368938446, 0.15251538157463074, 0.09250835329294205, 0.07651685923337936, 0.13479262590408325, 0.11361770331859589, 0.12360699474811554, 0.05893980339169502, 0.0803678035736084, 0.04963050037622452, 0.10887489467859268, 0.04063422977924347, 0.02996269427239895, 0.0514579638838768, 0.03332924470305443, 0.029002174735069275, 0.04131115972995758, 0.020953882485628128], "time_taken": 561.662415266037}