{"n_front_dense_FE": 4, "n_front_dense_PE": 1, "n_front_dense_RxDec": 2, "state_width": 8, "n_epochs": 80, "J_list": [2.7722411155700684, 2.899740695953369, 2.780367612838745, 2.780001401901245, 2.775789499282837, 2.773247480392456, 2.764500141143799, 2.766061305999756, 2.7387704849243164, 2.7072572708129883, 2.7401204109191895, 2.627498149871826, 2.5329368114471436, 2.4240643978118896, 2.378115177154541, 2.2715506553649902, 2.5491676330566406, 2.340898275375366, 2.4008095264434814, 2.2108891010284424, 2.198209285736084, 2.1078052520751953, 2.079455852508545, 1.9824912548065186, 2.0390751361846924, 1.873713731765747, 1.9355825185775757, 1.897351861000061, 1.8533565998077393, 1.7000919580459595, 1.6640201807022095, 1.5989185571670532, 1.5413376092910767, 1.5238721370697021, 1.4608442783355713, 1.4074867963790894, 1.3169900178909302, 1.2251776456832886, 1.1726101636886597, 1.0861868858337402, 1.0882867574691772, 0.941928505897522, 0.9548358917236328, 0.8538867831230164, 0.7734577655792236, 0.6935703754425049, 0.7937488555908203, 0.7248895168304443, 0.7936244606971741, 0.6446954607963562, 0.653272807598114, 0.6643627882003784, 0.4720321595668793, 0.6027158498764038, 0.4608536660671234, 0.5110197067260742, 0.5368689298629761, 0.363150417804718, 0.5407322645187378, 0.32082706689834595, 0.34922656416893005, 0.3003302216529846, 0.37098702788352966, 0.44486838579177856, 0.3486625552177429, 0.3564402461051941, 0.27934473752975464, 0.26811596751213074, 0.2970667779445648, 0.17473259568214417, 0.17841801047325134, 0.230203777551651, 0.18632391095161438, 0.1356716901063919, 0.15087643265724182, 0.1770462840795517, 0.2100752890110016, 0.15767960250377655, 0.25401127338409424, 0.12297423928976059], "time_taken": 530.1079411506653}