{"n_front_dense_FE": 2, "n_front_dense_PE": 1, "n_front_dense_RxDec": 2, "state_width": 8, "n_epochs": 80, "J_list": [2.7723634243011475, 2.801177501678467, 2.774204969406128, 2.7490501403808594, 2.737239360809326, 2.6809754371643066, 2.55785870552063, 2.464796543121338, 3.097590208053589, 2.319523811340332, 2.3504629135131836, 2.2644755840301514, 2.17258882522583, 2.079693555831909, 1.9333566427230835, 1.802512526512146, 1.635793924331665, 1.3721598386764526, 1.4066736698150635, 1.3011815547943115, 1.1541752815246582, 1.190740704536438, 1.0686054229736328, 1.0348494052886963, 0.892081081867218, 0.7414501309394836, 0.7788128852844238, 0.676844596862793, 0.5589586496353149, 0.6720588803291321, 0.524559497833252, 0.5486047863960266, 0.5160931348800659, 0.4113335609436035, 0.45828408002853394, 0.35388508439064026, 0.38410431146621704, 0.3272135853767395, 0.43780532479286194, 0.37639111280441284, 0.3840011656284332, 0.29058343172073364, 0.24607495963573456, 0.4009093642234802, 0.37586885690689087, 0.34779590368270874, 0.3666892945766449, 0.26744264364242554, 0.17831644415855408, 0.17387914657592773, 0.20036141574382782, 0.1884108930826187, 0.19534602761268616, 0.15461161732673645, 0.12554992735385895, 0.09770622104406357, 0.10895474255084991, 0.059175800532102585, 0.058257363736629486, 0.04045848548412323, 0.07407977432012558, 0.025785421952605247, 0.03791891410946846, 0.02656664326786995, 0.02582421340048313, 0.040878038853406906, 0.03716057538986206, 0.019084788858890533, 0.029804125428199768, 0.01289503276348114, 0.026683080941438675, 0.014575257897377014, 0.05288567394018173, 0.007371427956968546, 0.028331944718956947, 0.03718247264623642, 0.009917410090565681, 0.01432221569120884, 0.026653524488210678, 0.010791721753776073], "time_taken": 417.9763967990875}