{"n_front_dense_FE": 2, "n_front_dense_PE": 1, "n_front_dense_RxDec": 2, "state_width": 8, "n_epochs": 80, "J_list": [2.7715296745300293, 2.8148601055145264, 2.7676267623901367, 2.759028434753418, 2.7297322750091553, 2.648977756500244, 2.571669101715088, 2.469073534011841, 2.26039457321167, 2.087364673614502, 1.8102436065673828, 1.9808613061904907, 1.7256371974945068, 1.6873455047607422, 1.5323959589004517, 1.4858665466308594, 1.3156530857086182, 1.3152742385864258, 1.1581268310546875, 1.054322600364685, 0.9609073400497437, 0.8429962396621704, 0.7330833673477173, 0.8083502650260925, 0.6819597482681274, 0.6543249487876892, 0.6502816081047058, 0.5376219749450684, 0.6091848611831665, 0.6772174835205078, 0.38743650913238525, 0.5347127318382263, 0.42207565903663635, 0.36167842149734497, 0.38821515440940857, 0.25785398483276367, 0.29831308126449585, 0.2262423038482666, 0.20515596866607666, 0.22339721024036407, 0.13524790108203888, 0.142657071352005, 0.11746011674404144, 0.11875400692224503, 0.10123039782047272, 0.09288148581981659, 0.09767980873584747, 0.033955346792936325, 0.03597928211092949, 0.07203260809183121, 0.041951220482587814, 0.07436881959438324, 0.04092185199260712, 0.022344963625073433, 0.04561633616685867, 0.026396121829748154, 0.061726249754428864, 0.08546282351016998, 0.025280218571424484, 0.03169956058263779, 0.010337382555007935, 0.019262805581092834, 0.053555626422166824, 0.012892539612948895, 0.03141292184591293, 0.012479862198233604, 0.034684449434280396, 0.04306185990571976, 0.016287771984934807, 0.02729021944105625, 0.01460980623960495, 0.04162027686834335, 0.011294162832200527, 0.06318984180688858, 0.02057054080069065, 0.12325314432382584, 0.030929118394851685, 0.0432148352265358, 0.09309321641921997, 0.02630699798464775], "time_taken": 440.7360031604767}