{"n_front_dense_FE": 4, "n_front_dense_PE": 1, "n_front_dense_RxDec": 2, "state_width": 8, "n_epochs": 80, "J_list": [2.7725770473480225, 2.8364665508270264, 2.7870469093322754, 2.7724668979644775, 2.7724204063415527, 2.7667758464813232, 2.7772698402404785, 2.783003568649292, 2.769955635070801, 2.7504732608795166, 2.718308925628662, 2.625572443008423, 2.6792774200439453, 2.676208257675171, 2.657132625579834, 2.5406792163848877, 2.5542359352111816, 2.4122049808502197, 2.359750747680664, 2.2963263988494873, 2.190992832183838, 2.193890333175659, 2.1094963550567627, 1.931736946105957, 1.9734255075454712, 1.9047273397445679, 1.772518515586853, 1.7722384929656982, 1.7386566400527954, 1.6564842462539673, 1.5627989768981934, 1.6337172985076904, 1.6589634418487549, 1.4697297811508179, 1.4864863157272339, 1.545798659324646, 1.3316186666488647, 1.2928855419158936, 1.3465726375579834, 1.2952356338500977, 1.1964101791381836, 1.1550979614257812, 1.1090919971466064, 1.0341659784317017, 1.049176573753357, 0.9935927391052246, 1.0398825407028198, 0.9440411329269409, 1.1270978450775146, 0.9154616594314575, 1.0604197978973389, 0.8820194005966187, 1.0005292892456055, 0.8086317181587219, 0.8992164731025696, 0.9691921472549438, 0.9238470792770386, 0.8230923414230347, 0.9274457693099976, 0.771392822265625, 0.7103880643844604, 0.8497133255004883, 0.7965720295906067, 0.7160019874572754, 0.7163326144218445, 0.7131889462471008, 0.6641879677772522, 0.6363996863365173, 0.6545753479003906, 0.5850417017936707, 0.5868357419967651, 0.7129295468330383, 0.5420547127723694, 0.6025480031967163, 0.5902130007743835, 0.4940361976623535, 0.602481484413147, 0.4425179362297058, 0.5100529789924622, 0.43400993943214417], "time_taken": 593.1043417453766}