{"n_front_dense_FE": 4, "n_front_dense_PE": 1, "n_front_dense_RxDec": 2, "state_width": 8, "n_epochs": 80, "J_list": [2.7727603912353516, 2.7701797485351562, 2.7719624042510986, 2.9936509132385254, 2.7682042121887207, 2.7347283363342285, 2.679877758026123, 2.6724259853363037, 2.616177558898926, 2.586606740951538, 2.4882547855377197, 2.734279155731201, 2.6237640380859375, 2.6539390087127686, 2.5916261672973633, 2.6782240867614746, 2.5926342010498047, 2.573568820953369, 2.5896027088165283, 2.623486042022705, 2.6124796867370605, 2.548501968383789, 2.519989013671875, 2.3817148208618164, 2.4734463691711426, 2.5255801677703857, 2.380220890045166, 2.4407958984375, 2.3994903564453125, 2.301198720932007, 2.269176959991455, 2.196601152420044, 2.2130541801452637, 2.192878246307373, 2.1694047451019287, 2.1357083320617676, 2.114680528640747, 1.9904870986938477, 2.0571112632751465, 2.033897876739502, 2.0050933361053467, 1.9244720935821533, 1.882242202758789, 1.806298851966858, 1.863769292831421, 1.7359917163848877, 1.6664384603500366, 1.705531358718872, 1.6669995784759521, 1.752404808998108, 1.5965726375579834, 1.5827362537384033, 1.4977989196777344, 1.4312820434570312, 1.4610419273376465, 1.3736610412597656, 1.2632888555526733, 1.2830513715744019, 1.1321035623550415, 1.1965742111206055, 1.0773756504058838, 1.1796479225158691, 1.1434192657470703, 1.155526876449585, 0.997686505317688, 1.1175520420074463, 0.9533039331436157, 1.0021976232528687, 1.061737298965454, 0.8500578999519348, 0.9192488789558411, 0.8194265365600586, 0.8218225240707397, 0.7630877494812012, 0.7021059989929199, 0.6515476107597351, 0.7201412916183472, 0.6488078236579895, 0.6061925888061523, 0.6024231910705566], "time_taken": 561.8922419548035}