{"n_front_dense_FE": 4, "n_front_dense_PE": 1, "n_front_dense_RxDec": 2, "state_width": 8, "n_epochs": 80, "J_list": [2.772890567779541, 2.7857346534729004, 2.8198368549346924, 2.769779682159424, 2.7671024799346924, 2.76623272895813, 2.7470829486846924, 2.619417667388916, 2.850588321685791, 2.75258207321167, 2.752016544342041, 2.6933515071868896, 2.684263229370117, 2.787156581878662, 2.668907880783081, 2.6854727268218994, 2.659825086593628, 2.5949299335479736, 2.5623984336853027, 2.4971237182617188, 2.462453842163086, 2.2938175201416016, 2.2036125659942627, 2.2481484413146973, 2.082294464111328, 2.1596200466156006, 1.9664119482040405, 1.9744789600372314, 2.0777831077575684, 2.0380892753601074, 1.8648128509521484, 1.8497174978256226, 1.8279790878295898, 1.862470269203186, 1.683872938156128, 1.6532306671142578, 1.5843746662139893, 1.5454387664794922, 1.5597482919692993, 1.3876054286956787, 1.3500621318817139, 1.3947864770889282, 1.2467800378799438, 1.1043437719345093, 1.1715542078018188, 1.7122447490692139, 2.238929033279419, 1.2232812643051147, 1.728520154953003, 1.4087409973144531, 1.224657416343689, 1.2194418907165527, 1.3795639276504517, 1.223067283630371, 1.1532716751098633, 1.1983206272125244, 1.1896240711212158, 1.1226047277450562, 1.1652247905731201, 1.0957717895507812, 1.0563774108886719, 1.0683597326278687, 0.984172523021698, 1.021074891090393, 0.9258720278739929, 0.9636884927749634, 1.0085980892181396, 0.9060050249099731, 0.8493719100952148, 0.8798819780349731, 0.8091840744018555, 0.6704009175300598, 0.7414244413375854, 0.7725797891616821, 0.7241308093070984, 0.6415296196937561, 0.7192923426628113, 0.5986440777778625, 0.6899536848068237, 0.6341022253036499], "time_taken": 550.5615162849426}