{"n_front_dense_FE": 4, "n_front_dense_PE": 1, "n_front_dense_RxDec": 2, "state_width": 8, "n_epochs": 80, "J_list": [2.7727761268615723, 2.7959442138671875, 2.782316207885742, 2.769798517227173, 2.779205799102783, 2.771174907684326, 2.752218246459961, 2.736694574356079, 2.6255574226379395, 2.5892834663391113, 3.1367499828338623, 2.4939017295837402, 2.6017370223999023, 2.626648187637329, 2.5740363597869873, 2.5230865478515625, 2.5113186836242676, 2.4909355640411377, 2.3568477630615234, 2.3010334968566895, 2.2513866424560547, 2.0182812213897705, 2.0339372158050537, 1.9273532629013062, 1.792687177658081, 1.6910839080810547, 1.522464394569397, 1.5375502109527588, 1.3953911066055298, 1.320726990699768, 1.2036292552947998, 1.160975694656372, 1.1568269729614258, 1.195257544517517, 1.3951170444488525, 1.1628894805908203, 1.0218559503555298, 0.8878711462020874, 0.8000140190124512, 0.8461509943008423, 0.6183167695999146, 0.7601176500320435, 0.5819555521011353, 0.5554839372634888, 0.40310144424438477, 0.4259188771247864, 0.3347209095954895, 0.28241056203842163, 0.29171058535575867, 0.2522386312484741, 0.1974928379058838, 0.16070184111595154, 0.13432034850120544, 0.17781932651996613, 0.12323738634586334, 0.1292487531900406, 0.1734832227230072, 0.1107306107878685, 0.0716901496052742, 0.09576310962438583, 0.07983517646789551, 0.07964014261960983, 0.044607263058423996, 0.08876251429319382, 0.0639491006731987, 0.08082602918148041, 0.04051461070775986, 0.06421393156051636, 0.04915269464254379, 0.06477735936641693, 0.0426042340695858, 0.09398786723613739, 0.04672464355826378, 0.18900685012340546, 0.08566112816333771, 0.12466228008270264, 0.03763051703572273, 0.198614239692688, 0.03244653344154358, 0.059647928923368454], "time_taken": 580.2822358608246}