{"n_front_dense_FE": 2, "n_front_dense_PE": 1, "n_front_dense_RxDec": 2, "state_width": 8, "n_epochs": 80, "J_list": [2.772014617919922, 2.803140878677368, 2.7691433429718018, 2.770322561264038, 2.7189319133758545, 2.684816598892212, 2.584897518157959, 2.4096498489379883, 2.246945858001709, 2.631664752960205, 2.667032241821289, 2.3852837085723877, 2.152831792831421, 2.1709206104278564, 2.040522336959839, 2.0221335887908936, 1.922802209854126, 1.799231767654419, 1.6770498752593994, 1.604246735572815, 1.468604326248169, 1.3614122867584229, 1.2760136127471924, 1.1137826442718506, 1.0138485431671143, 0.8787218928337097, 0.7671982049942017, 0.5976534485816956, 0.5707677602767944, 0.5117605328559875, 0.42111653089523315, 0.35543087124824524, 0.4715043008327484, 0.22138702869415283, 0.288199245929718, 0.4055147171020508, 0.18455734848976135, 0.4715743958950043, 0.27602359652519226, 0.18698273599147797, 0.24921146035194397, 0.2657441198825836, 0.12430202960968018, 0.19875773787498474, 0.13553157448768616, 0.06849846243858337, 0.15348488092422485, 0.09059225022792816, 0.09364904463291168, 0.06670018285512924, 0.11223842948675156, 0.06571686267852783, 0.19489231705665588, 0.05530085414648056, 0.2861403524875641, 0.1760529726743698, 0.26957041025161743, 0.07789002358913422, 0.11508169025182724, 0.1505603790283203, 0.06582292914390564, 0.22870370745658875, 0.06751672178506851, 0.08900611102581024, 0.09894218295812607, 0.0648733526468277, 0.05476551502943039, 0.07819875329732895, 0.07264839112758636, 0.02966434322297573, 0.10950019210577011, 0.05065562576055527, 0.02207004278898239, 0.043401606380939484, 0.02510957047343254, 0.08000991493463516, 0.026609087362885475, 0.034719984978437424, 0.020662318915128708, 0.00492914579808712], "time_taken": 389.7971999645233}