{"n_front_dense_FE": 4, "n_front_dense_PE": 1, "n_front_dense_RxDec": 2, "state_width": 8, "n_epochs": 80, "J_list": [2.7727608680725098, 2.817539691925049, 2.7709193229675293, 2.775125741958618, 2.7713065147399902, 2.778736114501953, 2.7672202587127686, 2.7149806022644043, 2.6769092082977295, 2.644343137741089, 2.7796835899353027, 2.563391923904419, 2.632821559906006, 2.654374361038208, 2.6055715084075928, 2.5070080757141113, 2.3430466651916504, 2.3504433631896973, 2.2838892936706543, 2.20951247215271, 2.1808626651763916, 2.1765637397766113, 2.1657626628875732, 2.073162078857422, 2.006141185760498, 1.9656572341918945, 1.9825738668441772, 1.8542163372039795, 1.796087622642517, 1.7884336709976196, 1.6983377933502197, 1.6661220788955688, 1.6631618738174438, 1.4550106525421143, 1.442619800567627, 1.4755859375, 1.4075044393539429, 1.312585711479187, 1.2216761112213135, 1.2422529458999634, 1.1524492502212524, 1.1697231531143188, 1.067819595336914, 1.128413438796997, 1.1116430759429932, 0.986484169960022, 1.044335126876831, 0.9040898084640503, 0.8448255658149719, 0.8238456845283508, 0.9053786993026733, 0.9959470629692078, 0.9010683298110962, 0.8245517611503601, 0.7453638315200806, 0.7935088872909546, 0.7645201683044434, 0.6950486302375793, 0.7592223882675171, 0.6593570709228516, 0.639240026473999, 0.6071377992630005, 0.6283928155899048, 0.5973120927810669, 0.6001853942871094, 0.42813175916671753, 0.6037132143974304, 0.46359044313430786, 0.4119817614555359, 0.4360206127166748, 0.3410381078720093, 0.4138169288635254, 0.3123031556606293, 0.36938074231147766, 0.32606011629104614, 0.34602662920951843, 0.2863425612449646, 0.3165138065814972, 0.18437866866588593, 0.28915947675704956], "time_taken": 535.3025896549225}