{"n_front_dense_FE": 4, "n_front_dense_PE": 1, "n_front_dense_RxDec": 2, "state_width": 8, "n_epochs": 80, "J_list": [2.7722434997558594, 2.8534131050109863, 2.773113965988159, 2.7757575511932373, 2.7806789875030518, 2.7727341651916504, 2.775228977203369, 2.8061776161193848, 2.7725281715393066, 2.7681972980499268, 2.767169237136841, 2.764242172241211, 2.7564339637756348, 2.749854564666748, 2.7149264812469482, 2.6506378650665283, 2.5682802200317383, 2.5224385261535645, 2.408756971359253, 2.243847370147705, 2.2681338787078857, 2.1630287170410156, 2.180572032928467, 2.1160075664520264, 1.9985214471817017, 1.8699572086334229, 1.9193235635757446, 1.763222098350525, 1.7664082050323486, 1.6472771167755127, 1.5082025527954102, 1.4431358575820923, 1.2919156551361084, 1.2874610424041748, 1.1498132944107056, 1.0134280920028687, 1.2425546646118164, 1.620418906211853, 1.0171864032745361, 1.336379051208496, 1.0286353826522827, 1.064619779586792, 1.144899606704712, 1.003400444984436, 0.963889479637146, 1.0439417362213135, 0.9780041575431824, 0.8821117281913757, 0.8194634318351746, 0.8633871078491211, 0.8334789276123047, 0.7482823729515076, 0.7728263735771179, 0.687050461769104, 0.6416553854942322, 0.6536304950714111, 0.709831714630127, 0.5905058979988098, 0.5896151661872864, 0.5809088945388794, 0.5650783777236938, 0.4752574861049652, 0.426640123128891, 0.37913569808006287, 0.4451421797275543, 0.456632137298584, 0.3952699601650238, 0.3438035845756531, 0.34933480620384216, 0.3763676583766937, 0.2454107701778412, 0.3344559669494629, 0.3337637782096863, 0.26899585127830505, 0.3207491338253021, 0.20717807114124298, 0.3192422389984131, 0.19401215016841888, 0.21412920951843262, 0.19757512211799622], "time_taken": 619.4919595718384}