{"n_front_dense_FE": 2, "n_front_dense_PE": 1, "n_front_dense_RxDec": 2, "state_width": 8, "n_epochs": 80, "J_list": [2.7721481323242188, 2.7920243740081787, 2.7648534774780273, 2.750321626663208, 2.712009906768799, 2.6632418632507324, 2.58251953125, 2.53674578666687, 2.293435573577881, 2.1262967586517334, 2.0198941230773926, 1.869182825088501, 2.1368329524993896, 1.8332347869873047, 1.6536731719970703, 1.458069086074829, 1.3292243480682373, 1.2945811748504639, 1.0671473741531372, 0.8872030377388, 0.8284912109375, 0.6029747724533081, 0.5486622452735901, 0.49181729555130005, 0.3614899516105652, 0.32972797751426697, 0.27477502822875977, 0.24123325943946838, 0.22731657326221466, 0.12802845239639282, 0.12499455362558365, 0.1468435525894165, 0.08170636743307114, 0.12806741893291473, 0.19300538301467896, 0.13887622952461243, 0.07606709003448486, 0.112838014960289, 0.07270485162734985, 0.152368426322937, 0.12535159289836884, 0.08800972998142242, 0.20362062752246857, 0.06678087264299393, 0.08424101024866104, 0.10588278621435165, 0.0619160458445549, 0.08722003549337387, 0.1852010041475296, 0.10828439146280289, 0.17227700352668762, 0.06560012698173523, 0.2593090236186981, 0.07544853538274765, 0.17529229819774628, 0.08784519881010056, 0.10914139449596405, 0.27799850702285767, 0.14815671741962433, 0.2753252387046814, 0.05655735731124878, 0.05291413143277168, 0.0969001054763794, 0.16238804161548615, 0.1565636694431305, 0.22697754204273224, 0.05346153303980827, 0.11573527753353119, 0.09664984792470932, 0.07175082713365555, 0.14897069334983826, 0.13690738379955292, 0.08880104124546051, 0.12123329937458038, 0.02762513794004917, 0.15871809422969818, 0.05975377559661865, 0.12864860892295837, 0.08321945369243622, 0.045557666569948196], "time_taken": 513.387838602066}