{"n_front_dense_FE": 4, "n_front_dense_PE": 1, "n_front_dense_RxDec": 2, "state_width": 8, "n_epochs": 80, "J_list": [2.772346019744873, 2.8069286346435547, 2.7671568393707275, 2.8026232719421387, 2.7763991355895996, 2.77413010597229, 2.7720448970794678, 2.7715373039245605, 2.7604427337646484, 2.737060546875, 2.6804122924804688, 2.5944390296936035, 2.607942581176758, 2.509943723678589, 2.6042377948760986, 2.4464950561523438, 2.371037006378174, 2.352267026901245, 2.299607992172241, 2.219773530960083, 2.2326009273529053, 2.162504196166992, 2.1045429706573486, 2.022444248199463, 2.014202117919922, 1.9494909048080444, 1.8876205682754517, 1.8116798400878906, 1.776454210281372, 1.727993369102478, 1.6651580333709717, 1.6679623126983643, 1.6009000539779663, 1.5454113483428955, 1.5997028350830078, 1.4378561973571777, 1.5313314199447632, 1.3686128854751587, 1.4552056789398193, 1.3569849729537964, 1.2650668621063232, 1.2739496231079102, 1.2772413492202759, 1.16756272315979, 1.2273908853530884, 1.2380964756011963, 1.055658221244812, 1.034203290939331, 1.0282797813415527, 1.0685069561004639, 0.905758261680603, 0.9205551147460938, 0.9899088740348816, 0.8433935046195984, 0.8989883661270142, 0.758746862411499, 0.7038472890853882, 0.8552077412605286, 0.5662595629692078, 0.7327226400375366, 0.5984039902687073, 0.6116045117378235, 0.6716265082359314, 0.5712000131607056, 0.7242392301559448, 0.7863901257514954, 0.5608769655227661, 0.6723313331604004, 0.5006519556045532, 0.5205356478691101, 0.5440307855606079, 0.41366997361183167, 0.41019850969314575, 0.4759206175804138, 0.435133695602417, 0.3864248991012573, 0.34801656007766724, 0.43625926971435547, 0.35217174887657166, 0.3456048369407654], "time_taken": 512.4897248744965}