{"n_front_dense_FE": 4, "n_front_dense_PE": 1, "n_front_dense_RxDec": 2, "state_width": 8, "n_epochs": 80, "J_list": [2.7724876403808594, 2.7917637825012207, 2.776648998260498, 2.774933338165283, 2.7699732780456543, 2.748969554901123, 2.687617063522339, 2.6146256923675537, 3.02949595451355, 2.8678741455078125, 2.6376309394836426, 2.5780045986175537, 2.4945297241210938, 2.4020791053771973, 2.3522579669952393, 2.199464797973633, 2.374779224395752, 3.0329737663269043, 2.260786771774292, 2.2059378623962402, 2.3448281288146973, 2.299645185470581, 2.226710796356201, 2.1755130290985107, 2.11529278755188, 1.9949108362197876, 1.9240047931671143, 1.9046024084091187, 1.7420051097869873, 1.6271167993545532, 1.4934368133544922, 1.5301783084869385, 1.2868382930755615, 1.223431944847107, 1.1523492336273193, 1.080918788909912, 1.0384794473648071, 0.9950151443481445, 1.0193142890930176, 0.8280712366104126, 0.8567972183227539, 0.8415452837944031, 0.8609046936035156, 0.7232702970504761, 0.6747323870658875, 0.619864821434021, 0.5872390866279602, 0.5390564799308777, 0.5338875651359558, 0.5176975131034851, 0.4353156089782715, 0.3738752007484436, 0.345262348651886, 0.4104788899421692, 0.32253560423851013, 0.3241053521633148, 0.3042392134666443, 0.28211158514022827, 0.3885885179042816, 0.2802965044975281, 0.2004202902317047, 0.31091541051864624, 0.29055970907211304, 0.22979697585105896, 0.2368551790714264, 0.17674751579761505, 0.17954573035240173, 0.1705973595380783, 0.19898948073387146, 0.13514047861099243, 0.11593034118413925, 0.16949358582496643, 0.1215675100684166, 0.1801193356513977, 0.06739811599254608, 0.12557849287986755, 0.06263738870620728, 0.09214234352111816, 0.11654894053936005, 0.1043810099363327], "time_taken": 530.8188617229462}