{"n_front_dense_FE": 2, "n_front_dense_PE": 1, "n_front_dense_RxDec": 2, "state_width": 8, "n_epochs": 80, "J_list": [2.772341251373291, 2.774346351623535, 2.7464232444763184, 2.743513584136963, 2.6761603355407715, 2.502023458480835, 2.3437860012054443, 2.5295913219451904, 3.094205141067505, 2.1127781867980957, 2.2249011993408203, 2.3326239585876465, 2.17756986618042, 2.1085715293884277, 2.0369858741760254, 1.878782868385315, 1.7914708852767944, 1.5441335439682007, 1.508147954940796, 1.4913949966430664, 1.165476679801941, 1.162965178489685, 0.9354275465011597, 0.9302644729614258, 0.7372418642044067, 0.6748942136764526, 0.48364561796188354, 0.6452072858810425, 0.5054786801338196, 0.4578157365322113, 0.3551117777824402, 0.32947030663490295, 0.20588240027427673, 0.2704452872276306, 0.20511522889137268, 0.20712752640247345, 0.15702539682388306, 0.15909716486930847, 0.1546635925769806, 0.08283381909132004, 0.12136340141296387, 0.09862549602985382, 0.03781361132860184, 0.03818783909082413, 0.055064938962459564, 0.04844406992197037, 0.0537944957613945, 0.0818331390619278, 0.09351292997598648, 0.026542555540800095, 0.09223614633083344, 0.055759865790605545, 0.07548388093709946, 0.07332374155521393, 0.020458925515413284, 0.06241043657064438, 0.03963647410273552, 0.22055932879447937, 0.01978314481675625, 0.07525824010372162, 0.16583199799060822, 0.028387922793626785, 0.07000646740198135, 0.03564786538481712, 0.042349349707365036, 0.07289167493581772, 0.08498380333185196, 0.06220462918281555, 0.03469518572092056, 0.048170290887355804, 0.08982530981302261, 0.046445123851299286, 0.05278830602765083, 0.02012941613793373, 0.027913009747862816, 0.02452404424548149, 0.0219692625105381, 0.033617764711380005, 0.0751773938536644, 0.08773405849933624], "time_taken": 391.417631149292}