{"n_front_dense_FE": 2, "n_front_dense_PE": 2, "n_front_dense_RxDec": 2, "state_width": 16, "n_epochs": 100, "n_additional_epochs": 40, "CFO_coef": 1, "SNR": 6, "J_list": [2.7724227905273438, 2.7728941440582275, 2.772808074951172, 2.77193021774292, 2.7719197273254395, 2.7707152366638184, 2.7705132961273193, 2.7727270126342773, 2.7680084705352783, 2.7767510414123535, 2.7767319679260254, 2.7692482471466064, 2.770728588104248, 2.771409273147583, 2.771249771118164, 2.7672207355499268, 2.7701191902160645, 2.7698516845703125, 2.768493890762329, 2.7661585807800293, 2.7627475261688232, 2.7686285972595215, 2.757801055908203, 2.7632100582122803, 2.7728703022003174, 2.7523446083068848, 2.7529854774475098, 2.753695487976074, 2.7335708141326904, 2.743222951889038, 2.743424892425537, 2.7511088848114014, 2.7205405235290527, 2.718048095703125, 2.713887929916382, 2.7259039878845215, 2.7261204719543457, 2.6493449211120605, 2.679854154586792, 2.6471104621887207, 2.6501235961914062, 2.605921745300293, 2.651487112045288, 2.5015945434570312, 2.505805492401123, 2.632856845855713, 2.4675991535186768, 2.5974249839782715, 2.508549928665161, 2.5253067016601562, 2.4685800075531006, 2.274171829223633, 2.33788800239563, 2.4454474449157715, 2.22967791557312, 2.2827110290527344, 2.3526864051818848, 2.185953140258789, 2.2394607067108154, 2.251131534576416, 2.320105791091919, 2.459531545639038, 2.10984468460083, 2.358351230621338, 2.351929187774658, 2.3566741943359375, 2.5472943782806396, 2.1126675605773926, 2.397495746612549, 2.2029037475585938, 2.0705955028533936, 2.096806049346924, 2.2466962337493896, 2.0246331691741943, 2.3697867393493652, 2.2622289657592773, 2.1902427673339844, 2.2902426719665527, 1.9907677173614502, 2.1407687664031982, 2.0686702728271484, 1.8363220691680908, 1.9770694971084595, 2.2227165699005127, 1.8972761631011963, 1.7489383220672607, 1.775503158569336, 1.8803226947784424, 2.1199183464050293, 1.7226288318634033, 1.7798292636871338, 2.0898470878601074, 2.0018553733825684, 2.1611225605010986, 1.9683494567871094, 1.8728262186050415, 1.8917205333709717, 1.8929840326309204, 1.7194383144378662, 2.0199031829833984, 1.523090124130249, 1.6760457754135132, 1.6647565364837646, 1.8233455419540405, 1.7573349475860596, 1.5585094690322876, 1.6390186548233032, 1.7130107879638672, 1.6566394567489624, 1.4864957332611084, 1.9500144720077515, 1.3962030410766602, 1.8136756420135498, 1.7707418203353882, 1.6752971410751343, 1.5340001583099365, 2.2265210151672363, 1.837868094444275, 1.6160023212432861, 1.4465174674987793], "time_taken": 921.2941212654114, "bit_accuracy": 0.47437500000000005}