{"n_front_dense_FE": 2, "n_front_dense_PE": 2, "n_front_dense_RxDec": 2, "state_width": 16, "n_epochs": 100, "n_additional_epochs": 40, "CFO_coef": 1, "SNR": 13, "J_list": [2.772639751434326, 2.773338556289673, 2.771852493286133, 2.7719502449035645, 2.7732062339782715, 2.7712979316711426, 2.772095203399658, 2.7726948261260986, 2.776573657989502, 2.768444538116455, 2.768165111541748, 2.772461175918579, 2.7690787315368652, 2.7714645862579346, 2.7666895389556885, 2.7757301330566406, 2.7718472480773926, 2.7693285942077637, 2.763796329498291, 2.7715811729431152, 2.7669296264648438, 2.7589919567108154, 2.7652525901794434, 2.761331081390381, 2.765594005584717, 2.7611680030822754, 2.7616982460021973, 2.7527554035186768, 2.7526426315307617, 2.748927593231201, 2.737936496734619, 2.733715295791626, 2.721348524093628, 2.736121416091919, 2.74302077293396, 2.7428855895996094, 2.7277209758758545, 2.699780225753784, 2.701406955718994, 2.710824966430664, 2.7257297039031982, 2.699615955352783, 2.6534698009490967, 2.6778810024261475, 2.687347888946533, 2.682661533355713, 2.6015923023223877, 2.6609911918640137, 2.6696617603302, 2.599235773086548, 2.5896785259246826, 2.5901198387145996, 2.5918502807617188, 2.5955862998962402, 2.5389204025268555, 2.595806360244751, 2.492687225341797, 2.4892730712890625, 2.433504581451416, 2.414093494415283, 2.4070522785186768, 2.3919317722320557, 2.4340832233428955, 2.424266815185547, 2.3053784370422363, 2.313347101211548, 2.353259801864624, 2.368176221847534, 2.3102757930755615, 2.2946791648864746, 2.3506035804748535, 2.244464159011841, 2.3650856018066406, 2.2831621170043945, 2.4122416973114014, 2.1779141426086426, 2.12396502494812, 2.2758891582489014, 2.3787567615509033, 2.333338737487793, 2.2872049808502197, 2.2580676078796387, 2.2874765396118164, 2.1560661792755127, 2.226130723953247, 2.18495512008667, 2.1510159969329834, 2.2868175506591797, 2.1466362476348877, 2.011357545852661, 2.270702362060547, 2.1535861492156982, 2.254027843475342, 2.2010340690612793, 2.086953639984131, 2.0549514293670654, 2.226027250289917, 2.038080930709839, 2.1326651573181152, 2.03615140914917, 2.0805416107177734, 1.9928241968154907, 2.192800283432007, 2.1407523155212402, 2.0989651679992676, 2.039559841156006, 2.0223381519317627, 2.0806968212127686, 1.901868462562561, 1.9127031564712524, 2.03641939163208, 1.9269250631332397, 1.9762508869171143, 2.1251423358917236, 2.062744140625, 2.1920433044433594, 2.148810625076294, 2.1009888648986816, 2.0927605628967285, 2.180849552154541], "time_taken": 957.7315001487732, "bit_accuracy": 0.30312500000000003}