{"n_front_dense_FE": 2, "n_front_dense_PE": 2, "n_front_dense_RxDec": 2, "state_width": 8, "n_epochs": 100, "n_additional_epochs": 10, "CFO_coef": 1, "SNR": 10, "J_list": [2.7721171379089355, 2.8197319507598877, 2.778097629547119, 2.7902121543884277, 2.780646562576294, 2.771266460418701, 2.7649905681610107, 2.7618472576141357, 2.7557437419891357, 2.7619881629943848, 2.715967893600464, 2.715278387069702, 2.715266227722168, 2.6146819591522217, 2.7434191703796387, 2.732409954071045, 2.642122745513916, 2.5299205780029297, 2.8001298904418945, 2.4577560424804688, 2.60722017288208, 2.519665002822876, 2.373918056488037, 2.4910781383514404, 2.272249698638916, 2.2378597259521484, 2.03914737701416, 2.256809711456299, 2.1213951110839844, 2.303466320037842, 1.7721548080444336, 1.898075819015503, 1.5563724040985107, 2.5241332054138184, 2.264979124069214, 1.6666080951690674, 1.6740353107452393, 1.8194297552108765, 1.7284009456634521, 1.7567650079727173, 1.8279434442520142, 1.3215529918670654, 1.654064416885376, 1.537473440170288, 1.464498519897461, 1.2249510288238525, 1.3647403717041016, 1.3034520149230957, 1.2290483713150024, 1.3302587270736694, 1.2262842655181885, 1.137531042098999, 1.2093734741210938, 1.140426516532898, 1.1079667806625366, 1.9953031539916992, 0.8745132684707642, 1.1255040168762207, 0.9038564562797546, 1.1786689758300781, 0.886210560798645, 1.2042455673217773, 0.7841919660568237, 0.8853591680526733, 0.9525253176689148, 0.8068168759346008, 0.7785125970840454, 1.2480659484863281, 0.9630718231201172, 0.6576957106590271, 0.7353300452232361, 0.7730911374092102, 1.2510201930999756, 0.8086788058280945, 0.6905227899551392, 0.5749713778495789, 0.6489516496658325, 0.6083433032035828, 0.6081655621528625, 0.9184384346008301, 0.5597675442695618, 0.7022875547409058, 0.5232747793197632, 0.46106767654418945, 0.5143685936927795, 0.5662342309951782, 0.38909703493118286, 0.4331916272640228, 0.34938845038414, 0.48635926842689514, 0.8171780705451965, 0.42820483446121216, 0.3967892825603485, 0.8068321347236633, 0.5069246292114258, 0.5299766659736633, 0.5323378443717957, 0.4095984995365143, 1.2634737491607666, 0.3546733558177948, 0.4825679361820221, 0.3037426471710205, 0.35366564989089966, 0.512896716594696, 0.22747190296649933, 0.1853945553302765, 0.22935795783996582, 0.15039992332458496, 0.2514633536338806, 0.6801983714103699], "time_taken": 612.8337438106537, "bit_accuracy": 0.878125}