{"n_front_dense_FE": 2, "n_front_dense_PE": 2, "n_front_dense_RxDec": 2, "state_width": 2, "n_epochs": 100, "n_additional_epochs": 10, "CFO_coef": 1, "SNR": 1, "J_list": [2.7730917930603027, 2.794640302658081, 2.7854506969451904, 2.772519111633301, 2.7799010276794434, 2.7634315490722656, 2.7686429023742676, 2.7463841438293457, 2.728666305541992, 2.705629825592041, 2.6594529151916504, 2.632387161254883, 2.685398578643799, 2.577244997024536, 2.3891499042510986, 2.3629727363586426, 2.2217211723327637, 2.3749642372131348, 2.1344900131225586, 2.148425579071045, 1.9132171869277954, 1.9021015167236328, 1.9441871643066406, 2.097266674041748, 1.719403862953186, 1.6319278478622437, 1.7313730716705322, 1.5233094692230225, 1.30922532081604, 2.4410758018493652, 1.3978259563446045, 1.3753013610839844, 1.3354418277740479, 1.4155247211456299, 1.4842004776000977, 1.2782751321792603, 1.0743358135223389, 1.443987488746643, 1.2058026790618896, 1.1245501041412354, 1.0113122463226318, 1.0422351360321045, 2.1780407428741455, 0.9571917653083801, 1.505694031715393, 1.6637992858886719, 0.9990140795707703, 1.1745904684066772, 1.3265063762664795, 0.8669677972793579, 1.257612943649292, 0.8813923001289368, 0.8062061071395874, 0.8634293675422668, 0.7933457493782043, 0.8446635007858276, 1.169664978981018, 0.7252987623214722, 0.6121582984924316, 0.9722839593887329, 0.6079546809196472, 1.1072636842727661, 0.567430853843689, 0.4607308804988861, 0.5063209533691406, 0.7140774726867676, 0.4744951128959656, 0.4090502858161926, 0.4449802339076996, 0.9734821319580078, 0.47830039262771606, 0.42823782563209534, 0.46141043305397034, 0.4470546841621399, 2.3350930213928223, 0.7492796778678894, 0.7778996229171753, 0.47480344772338867, 0.7000007629394531, 0.5783804059028625, 0.9688919186592102, 0.6929473876953125, 0.7057127952575684, 0.6832880973815918, 0.4467984139919281, 0.35105210542678833, 0.5071669220924377, 0.4094109535217285, 0.36129021644592285, 0.8711763620376587, 0.5821894407272339, 0.3409413695335388, 0.5169067978858948, 0.30779796838760376, 0.3513088822364807, 0.41172346472740173, 0.3324907422065735, 0.35333940386772156, 0.2679376006126404, 0.2948947250843048, 0.2782098650932312, 0.17192891240119934, 0.1891947239637375, 0.14947360754013062, 1.76020085811615, 0.1459447592496872, 0.3084969222545624, 0.16982553899288177, 0.137010395526886, 0.24058660864830017], "time_taken": 593.7949180603027, "bit_accuracy": 0.971875}