{"n_front_dense_FE": 2, "n_front_dense_PE": 2, "n_front_dense_RxDec": 2, "state_width": 2, "n_epochs": 100, "n_additional_epochs": 10, "CFO_coef": 1, "SNR": 10, "J_list": [2.7728161811828613, 2.779911518096924, 2.7735683917999268, 2.787733793258667, 2.765634059906006, 2.7493488788604736, 2.738619327545166, 2.7398502826690674, 2.7206850051879883, 2.6213467121124268, 2.6624584197998047, 2.5037970542907715, 2.6722874641418457, 2.510544776916504, 2.4157843589782715, 2.379364013671875, 2.1796135902404785, 2.1469600200653076, 1.9754985570907593, 1.9440467357635498, 2.139047384262085, 2.453871250152588, 2.097975015640259, 2.376723527908325, 1.9739948511123657, 1.9800087213516235, 1.674224853515625, 1.590088129043579, 1.630427598953247, 1.4481358528137207, 1.8474385738372803, 1.8427985906600952, 1.4499828815460205, 1.3232879638671875, 1.5901930332183838, 1.115006685256958, 1.1645276546478271, 1.2316992282867432, 1.5683656930923462, 1.2158676385879517, 1.0912729501724243, 0.9950917959213257, 0.9616361856460571, 0.958942711353302, 0.8666507601737976, 1.0406841039657593, 0.921678364276886, 0.7053004503250122, 0.8572126626968384, 0.7767459154129028, 3.0989365577697754, 1.290766954421997, 1.14292573928833, 0.8644542694091797, 4.63485860824585, 1.0420743227005005, 1.4451197385787964, 2.33876371383667, 1.033295750617981, 1.1510683298110962, 1.1851789951324463, 1.2388954162597656, 1.262751817703247, 1.117906928062439, 1.0873143672943115, 0.9587074518203735, 1.2448079586029053, 1.0144424438476562, 1.0867875814437866, 0.9272089004516602, 1.2426856756210327, 0.9204280972480774, 0.9519124031066895, 0.7736005187034607, 0.7684441804885864, 0.7175768613815308, 0.6746487617492676, 0.6607072353363037, 0.5754813551902771, 0.6000703573226929, 0.46485790610313416, 0.49908772110939026, 0.44897499680519104, 0.41236940026283264, 1.2115333080291748, 0.3921768069267273, 0.3762036859989166, 0.3433595597743988, 0.6741744875907898, 0.41929155588150024, 0.26512637734413147, 0.23193080723285675, 0.5407477617263794, 0.23089599609375, 0.2651747763156891, 0.4581937789916992, 0.22262784838676453, 0.37285420298576355, 0.18417984247207642, 1.0823562145233154, 0.4226242005825043, 0.2651143968105316, 0.22096304595470428, 0.19815793633460999, 0.16665220260620117, 0.19939571619033813, 0.18839938938617706, 0.13064774870872498, 0.12767904996871948, 0.16874153912067413], "time_taken": 707.478102684021, "bit_accuracy": 0.9375}