{"n_front_dense_FE": 2, "n_front_dense_PE": 2, "n_front_dense_RxDec": 2, "state_width": 2, "n_epochs": 100, "n_additional_epochs": 10, "CFO_coef": 1, "SNR": 10, "J_list": [2.7725162506103516, 2.8071465492248535, 2.7738842964172363, 2.7822704315185547, 2.775243043899536, 2.7698605060577393, 2.76826810836792, 2.763793468475342, 2.7725448608398438, 2.737760305404663, 2.75797963142395, 2.6987762451171875, 2.701807975769043, 2.689131021499634, 2.609867572784424, 2.6140670776367188, 2.6023964881896973, 2.7149150371551514, 2.3889613151550293, 2.4986727237701416, 2.6639654636383057, 2.3941802978515625, 2.281923532485962, 2.279326915740967, 2.159696578979492, 2.128202438354492, 2.609978437423706, 2.0658507347106934, 2.088376522064209, 2.0070998668670654, 1.919377088546753, 1.9417539834976196, 1.7751185894012451, 1.9128875732421875, 2.3176684379577637, 2.0488083362579346, 2.0751423835754395, 2.2839832305908203, 2.0937678813934326, 1.7670891284942627, 1.6963748931884766, 1.7920717000961304, 1.8086236715316772, 1.7523645162582397, 1.6819522380828857, 1.5574891567230225, 2.094744920730591, 1.954146146774292, 1.6580810546875, 1.6184879541397095, 1.7182121276855469, 1.579565167427063, 1.553948998451233, 1.6768182516098022, 1.5056571960449219, 1.4888824224472046, 1.5639208555221558, 1.4198071956634521, 1.8443915843963623, 1.4138686656951904, 1.4802525043487549, 1.3697683811187744, 1.4112571477890015, 1.3469412326812744, 1.3604772090911865, 1.2261955738067627, 1.2353383302688599, 1.223850965499878, 1.399733543395996, 1.2541346549987793, 1.2973676919937134, 1.6442371606826782, 1.1844557523727417, 2.160149097442627, 1.4474599361419678, 1.4271581172943115, 1.1951944828033447, 1.2018481492996216, 1.726536512374878, 1.51886785030365, 1.610805869102478, 1.2212069034576416, 1.1259397268295288, 1.2161619663238525, 2.788703203201294, 1.5438097715377808, 1.9096667766571045, 1.4450454711914062, 1.4565842151641846, 1.2840989828109741, 1.5010273456573486, 1.382516860961914, 1.4619436264038086, 1.2758471965789795, 1.258159875869751, 1.5146818161010742, 2.0336861610412598, 1.3018999099731445, 2.096116304397583, 1.4890562295913696, 1.5458438396453857, 1.374341368675232, 1.211683988571167, 1.2005641460418701, 1.1220252513885498, 1.1870356798171997, 1.5914251804351807, 1.1426137685775757, 1.2334625720977783, 1.0693036317825317], "time_taken": 609.3744397163391, "bit_accuracy": 0.58125}