{"n_front_dense_FE": 2, "n_front_dense_PE": 2, "n_front_dense_RxDec": 2, "state_width": 8, "n_epochs": 100, "n_additional_epochs": 10, "CFO_coef": 1, "SNR": 6, "J_list": [2.772268295288086, 2.7660441398620605, 2.806439161300659, 2.787525177001953, 2.757067918777466, 2.75219464302063, 2.7350656986236572, 2.6892974376678467, 2.6219449043273926, 2.536705732345581, 2.5887513160705566, 2.715454578399658, 2.309988498687744, 2.3964953422546387, 2.338311195373535, 2.427537441253662, 2.0327086448669434, 1.9511916637420654, 1.6319535970687866, 3.287517547607422, 1.9461650848388672, 1.6937412023544312, 1.483573079109192, 2.2295727729797363, 1.9068639278411865, 1.6049054861068726, 1.6795704364776611, 1.4872528314590454, 1.4821172952651978, 1.5804150104522705, 1.4990155696868896, 1.3057756423950195, 1.4046390056610107, 1.376418113708496, 1.24141526222229, 1.1444661617279053, 1.0572965145111084, 1.0234624147415161, 0.9466937780380249, 0.7661064863204956, 1.569814920425415, 0.9046406745910645, 1.6767174005508423, 1.1501619815826416, 1.203964114189148, 0.8657307624816895, 0.6655856370925903, 0.6529423594474792, 0.6544976234436035, 0.7151516675949097, 1.0947728157043457, 0.6381639242172241, 0.5544538497924805, 1.2142698764801025, 0.8307133913040161, 0.48409003019332886, 0.526599109172821, 0.4959801137447357, 0.5774540901184082, 0.35400131344795227, 0.7446393370628357, 0.8676899075508118, 0.3806755542755127, 0.28722110390663147, 0.7692791819572449, 0.5247045159339905, 0.4100145399570465, 0.4506801962852478, 0.2762846350669861, 0.3845652937889099, 0.27824482321739197, 0.8884158134460449, 0.49049434065818787, 0.3995688259601593, 0.2593297064304352, 0.28524306416511536, 0.4195181727409363, 0.1986340582370758, 0.17901171743869781, 0.18627028167247772, 0.2882130742073059, 0.12795796990394592, 0.1346694678068161, 1.4465909004211426, 0.21554453670978546, 0.5326732397079468, 0.5372676849365234, 0.22391745448112488, 0.5346459150314331, 0.15779241919517517, 0.2666148841381073, 0.3551955819129944, 0.269707053899765, 0.24947471916675568, 0.3606579005718231, 0.3067317605018616, 0.22976943850517273, 0.2511516213417053, 0.3933558464050293, 0.18711844086647034, 0.15690335631370544, 0.4135749340057373, 0.11806190013885498, 0.10231288522481918, 0.12745769321918488, 0.10060381889343262, 0.08892806619405746, 0.11751069873571396, 0.08077426999807358, 0.8589557409286499], "time_taken": 656.8300671577454, "bit_accuracy": 0.965625}