{"n_front_dense_FE": 2, "n_front_dense_PE": 2, "n_front_dense_RxDec": 2, "state_width": 0, "n_epochs": 100, "n_additional_epochs": 10, "CFO_coef": 1, "SNR": 1, "J_list": [2.7725894451141357, 2.773009777069092, 2.7713069915771484, 2.771888494491577, 2.773270845413208, 2.7725107669830322, 2.7735538482666016, 2.773192882537842, 2.776646375656128, 2.772157669067383, 2.7734005451202393, 2.7757537364959717, 2.7717838287353516, 2.774592876434326, 2.7744126319885254, 2.7733914852142334, 2.774646282196045, 2.7729063034057617, 2.7724156379699707, 2.773353099822998, 2.7716801166534424, 2.7746379375457764, 2.7737107276916504, 2.7741494178771973, 2.7725539207458496, 2.7709994316101074, 2.7733912467956543, 2.773618221282959, 2.772473096847534, 2.7709388732910156, 2.7730886936187744, 2.7739596366882324, 2.7698590755462646, 2.7737205028533936, 2.77363657951355, 2.7743020057678223, 2.7735674381256104, 2.7737069129943848, 2.7744927406311035, 2.7774291038513184, 2.7728543281555176, 2.7709732055664062, 2.775785446166992, 2.773362159729004, 2.7721779346466064, 2.771533966064453, 2.7729973793029785, 2.7752597332000732, 2.771946430206299, 2.776627779006958, 2.7748425006866455, 2.7728824615478516, 2.7711963653564453, 2.7716493606567383, 2.7743046283721924, 2.7714731693267822, 2.7737698554992676, 2.772803783416748, 2.772395610809326, 2.772988796234131, 2.7728893756866455, 2.774292469024658, 2.7721872329711914, 2.773841381072998, 2.7722339630126953, 2.7734286785125732, 2.7760608196258545, 2.772502899169922, 2.7754127979278564, 2.7745957374572754, 2.7719390392303467, 2.7717432975769043, 2.775684118270874, 2.773541212081909, 2.772642135620117, 2.773120164871216, 2.772324323654175, 2.7735629081726074, 2.771817684173584, 2.7719242572784424, 2.775078773498535, 2.7738404273986816, 2.7734928131103516, 2.775592803955078, 2.7734503746032715, 2.7727065086364746, 2.7705259323120117, 2.7702548503875732, 2.772390365600586, 2.7724227905273438, 2.769908905029297, 2.773603916168213, 2.773854970932007, 2.7724759578704834, 2.770742893218994, 2.771599292755127, 2.77294659614563, 2.7753047943115234, 2.774310350418091, 2.775655508041382, 2.7676987648010254, 2.7720093727111816, 2.776245594024658, 2.773911952972412, 2.772153854370117, 2.7724947929382324, 2.771636724472046, 2.771782398223877, 2.7730414867401123, 2.773949146270752], "time_taken": 663.0964393615723, "bit_accuracy": 0.034375}