{"n_front_dense_FE": 2, "n_front_dense_PE": 2, "n_front_dense_RxDec": 2, "state_width": 0, "n_epochs": 100, "n_additional_epochs": 10, "CFO_coef": 1, "SNR": 1, "J_list": [2.7725894451141357, 2.772225856781006, 2.7716622352600098, 2.7708427906036377, 2.772066116333008, 2.774397373199463, 2.7744927406311035, 2.7729907035827637, 2.775804042816162, 2.775590181350708, 2.7684719562530518, 2.7699999809265137, 2.77382230758667, 2.7723915576934814, 2.77022123336792, 2.774998188018799, 2.772348403930664, 2.776238203048706, 2.770772933959961, 2.7744569778442383, 2.7733652591705322, 2.7725396156311035, 2.7767887115478516, 2.7786507606506348, 2.7716803550720215, 2.7738232612609863, 2.773834705352783, 2.777189254760742, 2.7738728523254395, 2.773885726928711, 2.7680459022521973, 2.7724757194519043, 2.772193193435669, 2.772742748260498, 2.7707359790802, 2.7729744911193848, 2.7742676734924316, 2.7759900093078613, 2.7742152214050293, 2.774559259414673, 2.7725026607513428, 2.771505832672119, 2.7742769718170166, 2.773937225341797, 2.7738595008850098, 2.773519992828369, 2.773531436920166, 2.7713661193847656, 2.7743844985961914, 2.7759804725646973, 2.7761988639831543, 2.7760486602783203, 2.776522159576416, 2.7709569931030273, 2.7744476795196533, 2.771259307861328, 2.771695613861084, 2.7745606899261475, 2.771798610687256, 2.77358341217041, 2.7733826637268066, 2.7729310989379883, 2.7746922969818115, 2.7738492488861084, 2.77494215965271, 2.7727198600769043, 2.772874355316162, 2.773721694946289, 2.773667573928833, 2.773699998855591, 2.773545503616333, 2.7737858295440674, 2.771347761154175, 2.772958278656006, 2.7714476585388184, 2.7734034061431885, 2.773793935775757, 2.771944522857666, 2.7716774940490723, 2.76994252204895, 2.774959087371826, 2.7721221446990967, 2.7747230529785156, 2.7723228931427, 2.7727913856506348, 2.7731974124908447, 2.775268077850342, 2.774937391281128, 2.773310422897339, 2.7718284130096436, 2.771522045135498, 2.7759952545166016, 2.7702300548553467, 2.7741122245788574, 2.7714905738830566, 2.7721383571624756, 2.7714643478393555, 2.7729859352111816, 2.7731690406799316, 2.7725822925567627, 2.7748725414276123, 2.7763869762420654, 2.7739620208740234, 2.771324872970581, 2.76835298538208, 2.772172451019287, 2.7741928100585938, 2.7749717235565186, 2.7745654582977295, 2.776594400405884], "time_taken": 613.668256521225, "bit_accuracy": 0.05}