{"n_front_dense_FE": 2, "n_front_dense_PE": 2, "n_front_dense_RxDec": 2, "state_width": 0, "n_epochs": 100, "n_additional_epochs": 10, "CFO_coef": 1, "SNR": 10, "J_list": [2.7725894451141357, 2.772700309753418, 2.772394895553589, 2.771591901779175, 2.7728562355041504, 2.773587942123413, 2.772240161895752, 2.772693157196045, 2.774256706237793, 2.7706470489501953, 2.7781481742858887, 2.774277448654175, 2.7740540504455566, 2.7751171588897705, 2.7703640460968018, 2.7744336128234863, 2.7756714820861816, 2.776911973953247, 2.7722280025482178, 2.7729740142822266, 2.7728097438812256, 2.771158218383789, 2.7734456062316895, 2.7728111743927, 2.773270845413208, 2.7713723182678223, 2.773407220840454, 2.7709946632385254, 2.769843578338623, 2.77169132232666, 2.775723934173584, 2.771960496902466, 2.7765119075775146, 2.776543378829956, 2.7756106853485107, 2.7757725715637207, 2.772691249847412, 2.7747530937194824, 2.772183418273926, 2.773582935333252, 2.775303602218628, 2.7704479694366455, 2.77302885055542, 2.773077964782715, 2.7754557132720947, 2.7707130908966064, 2.7711589336395264, 2.7727763652801514, 2.772714614868164, 2.7718703746795654, 2.773707866668701, 2.7727737426757812, 2.77089786529541, 2.7712409496307373, 2.775130033493042, 2.7754058837890625, 2.7736315727233887, 2.771743059158325, 2.7703304290771484, 2.775738477706909, 2.773621082305908, 2.773010492324829, 2.7720718383789062, 2.774523973464966, 2.7723681926727295, 2.774364471435547, 2.775346040725708, 2.772529125213623, 2.7706189155578613, 2.7713425159454346, 2.7729461193084717, 2.7729156017303467, 2.776486873626709, 2.7697501182556152, 2.7726917266845703, 2.772151231765747, 2.7744975090026855, 2.7716591358184814, 2.7716126441955566, 2.7757554054260254, 2.773465394973755, 2.77347993850708, 2.7751808166503906, 2.771921396255493, 2.7732203006744385, 2.7749719619750977, 2.77262020111084, 2.7718505859375, 2.772869348526001, 2.7735860347747803, 2.768301010131836, 2.7703518867492676, 2.771285057067871, 2.77593731880188, 2.773228406906128, 2.775765895843506, 2.7726635932922363, 2.772763729095459, 2.772453546524048, 2.770695447921753, 2.772000789642334, 2.7698071002960205, 2.7754552364349365, 2.774505138397217, 2.7706902027130127, 2.7753982543945312, 2.775237560272217, 2.7683258056640625, 2.771792411804199, 2.768611192703247], "time_taken": 593.916553735733, "bit_accuracy": 0.075}