{"n_front_dense_FE": 2, "n_front_dense_PE": 2, "n_front_dense_RxDec": 2, "state_width": 8, "n_epochs": 100, "n_additional_epochs": 10, "CFO_coef": 1, "SNR": 1, "J_list": [2.772127628326416, 2.7929675579071045, 2.771070957183838, 2.7781596183776855, 2.781332492828369, 2.7762341499328613, 2.7569966316223145, 2.7529091835021973, 2.722750663757324, 2.680201292037964, 2.5938639640808105, 2.8372886180877686, 2.849144697189331, 2.6631197929382324, 2.5895071029663086, 2.5801451206207275, 2.549635648727417, 2.3345227241516113, 2.295908212661743, 2.201079845428467, 2.1984708309173584, 1.925004243850708, 1.921837568283081, 1.914510726928711, 1.6365089416503906, 1.7898896932601929, 1.7712719440460205, 1.4516708850860596, 1.4000227451324463, 1.456421136856079, 1.2625398635864258, 1.1233325004577637, 1.2728545665740967, 1.0694568157196045, 1.0870600938796997, 0.9991744756698608, 1.9134327173233032, 1.120961308479309, 0.9952560663223267, 0.9605625867843628, 0.9104108810424805, 0.9285129308700562, 0.7827484607696533, 0.7406303286552429, 0.933070182800293, 1.3075231313705444, 0.7934157848358154, 0.7216514348983765, 0.7528591156005859, 2.1414284706115723, 0.8343771696090698, 0.8682619333267212, 0.7587512731552124, 0.6568084955215454, 1.4418944120407104, 0.7596545219421387, 0.6818351745605469, 0.8147521018981934, 0.7159891128540039, 0.8656250834465027, 0.728159487247467, 0.749299168586731, 0.9820085763931274, 0.6973668336868286, 0.9623748660087585, 0.7037486433982849, 0.6337021589279175, 1.0041429996490479, 0.7890675663948059, 0.7145478129386902, 0.9972200393676758, 0.7736243009567261, 1.285620927810669, 0.5988559722900391, 0.5832611918449402, 0.6723276376724243, 0.7107497453689575, 0.6827394366264343, 0.7672647833824158, 0.5970603227615356, 0.6709069013595581, 0.4848281741142273, 0.4454319477081299, 0.3785185217857361, 1.0877732038497925, 0.6424276232719421, 0.6030896306037903, 0.6366249322891235, 0.7409982085227966, 0.502641499042511, 0.6379715204238892, 1.7215855121612549, 0.41709670424461365, 0.7421407699584961, 0.9068132638931274, 1.2245129346847534, 0.509768009185791, 1.3295663595199585, 0.9819177389144897, 0.5269967317581177, 0.4652203917503357, 0.782082736492157, 0.3464086949825287, 0.2599903345108032, 0.3431214392185211, 0.3363291323184967, 0.33005842566490173, 0.3675083518028259, 0.25803709030151367, 0.2300209105014801], "time_taken": 662.3444135189056, "bit_accuracy": 0.946875}