{"n_front_dense_FE": 2, "n_front_dense_PE": 2, "n_front_dense_RxDec": 2, "state_width": 0, "n_epochs": 100, "n_additional_epochs": 10, "CFO_coef": 1, "SNR": 10, "J_list": [2.7725894451141357, 2.7729763984680176, 2.7733354568481445, 2.7747550010681152, 2.7716948986053467, 2.773066997528076, 2.769029140472412, 2.77097749710083, 2.771949291229248, 2.7713379859924316, 2.7715134620666504, 2.768070936203003, 2.7717747688293457, 2.775678873062134, 2.7720634937286377, 2.770876884460449, 2.773594617843628, 2.7726409435272217, 2.776078701019287, 2.7750563621520996, 2.7787013053894043, 2.7722606658935547, 2.7700366973876953, 2.7718234062194824, 2.771202564239502, 2.7771294116973877, 2.768915891647339, 2.777651309967041, 2.776549816131592, 2.773831844329834, 2.7778029441833496, 2.777413845062256, 2.7695727348327637, 2.771127223968506, 2.7742092609405518, 2.774183988571167, 2.7778594493865967, 2.7749016284942627, 2.776362180709839, 2.769064426422119, 2.775325298309326, 2.772632122039795, 2.77219295501709, 2.7756152153015137, 2.7717742919921875, 2.7754123210906982, 2.7714147567749023, 2.7768394947052, 2.7756481170654297, 2.7721049785614014, 2.774610757827759, 2.7745540142059326, 2.771726131439209, 2.772324323654175, 2.7740581035614014, 2.7719767093658447, 2.7739245891571045, 2.7742786407470703, 2.7735378742218018, 2.7734577655792236, 2.7736833095550537, 2.7734594345092773, 2.772286891937256, 2.7720284461975098, 2.773627519607544, 2.773094892501831, 2.773763656616211, 2.777432918548584, 2.7728257179260254, 2.7721962928771973, 2.7705259323120117, 2.775890588760376, 2.7723758220672607, 2.7695822715759277, 2.7720413208007812, 2.7729134559631348, 2.7748653888702393, 2.7723913192749023, 2.7716565132141113, 2.7731738090515137, 2.7738747596740723, 2.7737793922424316, 2.774016857147217, 2.7743334770202637, 2.767939805984497, 2.7749125957489014, 2.773939609527588, 2.774509906768799, 2.773103713989258, 2.7745110988616943, 2.773988962173462, 2.773425817489624, 2.7729380130767822, 2.7759296894073486, 2.771174430847168, 2.7744781970977783, 2.773881673812866, 2.7729575634002686, 2.774531841278076, 2.771364688873291, 2.775664806365967, 2.774919271469116, 2.77274489402771, 2.7726569175720215, 2.770909070968628, 2.7746901512145996, 2.7737975120544434, 2.7776012420654297, 2.7758076190948486, 2.7731025218963623], "time_taken": 604.7734370231628, "bit_accuracy": 0.05}