{"n_front_dense_FE": 2, "n_front_dense_PE": 2, "n_front_dense_RxDec": 2, "state_width": 0, "n_epochs": 100, "n_additional_epochs": 10, "CFO_coef": 1, "SNR": 1, "J_list": [2.7725894451141357, 2.7726962566375732, 2.773374319076538, 2.7726175785064697, 2.773397922515869, 2.7741644382476807, 2.7733187675476074, 2.771052837371826, 2.771926164627075, 2.776822328567505, 2.7741036415100098, 2.7735259532928467, 2.771371364593506, 2.773472309112549, 2.7693488597869873, 2.773561954498291, 2.772026777267456, 2.7738242149353027, 2.7725539207458496, 2.7762866020202637, 2.7742092609405518, 2.775395631790161, 2.7726402282714844, 2.7742919921875, 2.771810531616211, 2.7740302085876465, 2.771822452545166, 2.7733523845672607, 2.773393392562866, 2.7741615772247314, 2.773728609085083, 2.772421360015869, 2.7700071334838867, 2.772383213043213, 2.77581787109375, 2.7720561027526855, 2.773163080215454, 2.7720932960510254, 2.773452043533325, 2.7719314098358154, 2.772883176803589, 2.773487091064453, 2.7748472690582275, 2.7724008560180664, 2.7723755836486816, 2.7726142406463623, 2.7724547386169434, 2.771841526031494, 2.7720372676849365, 2.772714376449585, 2.772814989089966, 2.7742691040039062, 2.7723965644836426, 2.7697246074676514, 2.772409439086914, 2.7725741863250732, 2.7717270851135254, 2.7713353633880615, 2.7700188159942627, 2.775696277618408, 2.7721006870269775, 2.7757880687713623, 2.7693350315093994, 2.773780584335327, 2.7722628116607666, 2.7744171619415283, 2.7731285095214844, 2.7759451866149902, 2.7736330032348633, 2.7762694358825684, 2.7733585834503174, 2.773416042327881, 2.7721469402313232, 2.771610736846924, 2.7762584686279297, 2.7713756561279297, 2.77235746383667, 2.773595094680786, 2.772914171218872, 2.774890899658203, 2.7732319831848145, 2.7731947898864746, 2.7726643085479736, 2.7754945755004883, 2.772834539413452, 2.7741353511810303, 2.770355224609375, 2.7728776931762695, 2.7759640216827393, 2.774101734161377, 2.7720015048980713, 2.7739171981811523, 2.771482229232788, 2.773871898651123, 2.7719738483428955, 2.7725844383239746, 2.768989086151123, 2.7724099159240723, 2.7717506885528564, 2.77470064163208, 2.7710120677948, 2.773890972137451, 2.773606777191162, 2.7735157012939453, 2.7713534832000732, 2.7723934650421143, 2.7731943130493164, 2.772761821746826, 2.771293878555298, 2.7758615016937256], "time_taken": 603.6981656551361, "bit_accuracy": 0.040625}