{"n_front_dense_FE": 2, "n_front_dense_PE": 2, "n_front_dense_RxDec": 2, "state_width": 8, "n_epochs": 100, "n_additional_epochs": 10, "CFO_coef": 1, "SNR": 1, "J_list": [2.773179531097412, 2.7983131408691406, 2.7658615112304688, 2.788696765899658, 2.773371696472168, 2.776087760925293, 2.7564830780029297, 2.7300333976745605, 2.6458420753479004, 2.5251872539520264, 2.414571762084961, 2.5412113666534424, 2.113981008529663, 3.137866973876953, 2.2438881397247314, 2.1016998291015625, 2.028604507446289, 1.9893238544464111, 2.2798569202423096, 2.280221462249756, 2.0862717628479004, 1.9799299240112305, 1.808713674545288, 1.661217451095581, 2.1548032760620117, 1.8262065649032593, 1.7426064014434814, 1.8430877923965454, 1.8447074890136719, 1.5883442163467407, 2.1493732929229736, 1.6298736333847046, 1.5470283031463623, 1.5638574361801147, 1.503861665725708, 1.4446364641189575, 1.3495124578475952, 1.2760186195373535, 1.607073187828064, 1.218810796737671, 1.9360911846160889, 1.119992971420288, 1.0745230913162231, 0.963149905204773, 1.1099131107330322, 0.9643702507019043, 1.025831937789917, 0.9187013506889343, 1.5034658908843994, 1.3637511730194092, 1.0437508821487427, 0.713161826133728, 0.8745177984237671, 0.7384762763977051, 1.6109116077423096, 1.6440109014511108, 1.7269309759140015, 0.9509040713310242, 1.456244707107544, 0.9345542192459106, 0.8947900533676147, 1.1765544414520264, 0.9852067828178406, 1.037933349609375, 1.0660995244979858, 0.9952758550643921, 0.8519898653030396, 0.8339669108390808, 0.7511774897575378, 0.7136610150337219, 0.687566876411438, 0.923427402973175, 0.9493821859359741, 1.1865943670272827, 0.6931745409965515, 0.5870352983474731, 0.7178475260734558, 0.6124473214149475, 0.5809171795845032, 0.5257644653320312, 0.47959819436073303, 0.5250672101974487, 0.4653392434120178, 0.4635399878025055, 0.4754481911659241, 1.1274744272232056, 0.42582830786705017, 0.6513481140136719, 0.512020468711853, 0.36316078901290894, 1.885424017906189, 0.6123577356338501, 0.7861075401306152, 0.7380892038345337, 0.9692506790161133, 0.6595705151557922, 0.9721044301986694, 1.3417831659317017, 1.2739436626434326, 0.8442080616950989, 0.5263999700546265, 0.5371255874633789, 0.43655556440353394, 0.3321353793144226, 0.8461624979972839, 0.30179017782211304, 0.44629865884780884, 0.33977267146110535, 0.2943831980228424, 0.35112714767456055], "time_taken": 816.8583061695099, "bit_accuracy": 0.903125}