{"n_front_dense_FE": 2, "n_front_dense_PE": 2, "n_front_dense_RxDec": 2, "state_width": 2, "n_epochs": 100, "n_additional_epochs": 10, "CFO_coef": 1, "SNR": 10, "J_list": [2.772223949432373, 2.7807998657226562, 2.8026623725891113, 2.766197681427002, 2.78265380859375, 2.768017292022705, 2.768057107925415, 2.7496049404144287, 2.759917736053467, 2.679980754852295, 2.65533185005188, 2.5553674697875977, 2.4836292266845703, 2.826873779296875, 2.386805295944214, 2.3142189979553223, 2.217057704925537, 2.352074384689331, 2.3907387256622314, 2.090649366378784, 2.206716775894165, 2.176826000213623, 2.106566905975342, 2.041881561279297, 1.9572412967681885, 1.9323269128799438, 1.8479217290878296, 1.7503324747085571, 1.631546974182129, 1.739723563194275, 1.5852504968643188, 1.4489903450012207, 1.9829137325286865, 1.8966258764266968, 1.6256000995635986, 1.342587947845459, 1.312117099761963, 1.5134308338165283, 1.9577834606170654, 1.7157127857208252, 1.9060821533203125, 1.3697363138198853, 1.2972289323806763, 1.5401716232299805, 1.034416913986206, 1.196743130683899, 1.1715617179870605, 1.1313621997833252, 1.026044249534607, 1.5187549591064453, 1.0546514987945557, 1.3299089670181274, 0.9476286172866821, 1.0244004726409912, 1.6815764904022217, 0.8273255228996277, 1.042615532875061, 1.1814786195755005, 2.556617021560669, 0.807883083820343, 0.8592499494552612, 2.0703063011169434, 0.7147142291069031, 0.7249473333358765, 0.842236340045929, 0.8291710615158081, 1.1030610799789429, 1.3493832349777222, 0.9427072405815125, 1.0253684520721436, 0.8188258409500122, 0.6515803337097168, 0.752422034740448, 0.5839769244194031, 0.7009376287460327, 0.7110652923583984, 1.384147047996521, 0.963879406452179, 0.7235461473464966, 0.620323896408081, 0.7646006345748901, 0.6879810094833374, 0.5742514729499817, 0.7884979248046875, 0.7055679559707642, 0.52971351146698, 0.5175752639770508, 0.5257892608642578, 0.404824435710907, 0.46737298369407654, 0.4462757110595703, 0.3463003635406494, 0.6841530203819275, 0.604853093624115, 0.3933589458465576, 0.4096393585205078, 0.29552561044692993, 0.26258015632629395, 1.5299527645111084, 0.2909521162509918, 0.508344292640686, 0.2645006775856018, 0.19142305850982666, 0.6225832104682922, 0.386746346950531, 0.183172345161438, 0.17996016144752502, 0.24104826152324677, 0.35942474007606506, 0.15855157375335693], "time_taken": 989.8670606613159, "bit_accuracy": 0.9375}