{"n_front_dense_FE": 2, "n_front_dense_PE": 2, "n_front_dense_RxDec": 2, "state_width": 2, "n_epochs": 100, "n_additional_epochs": 10, "CFO_coef": 1, "SNR": 6, "J_list": [2.7731144428253174, 2.779421329498291, 2.7725300788879395, 2.827552318572998, 2.77201509475708, 2.771012306213379, 2.7613272666931152, 2.7238452434539795, 2.701765298843384, 2.7256596088409424, 2.6203622817993164, 2.7212629318237305, 2.5571436882019043, 2.591935873031616, 2.506582260131836, 2.3975462913513184, 2.518040895462036, 2.8382019996643066, 2.288165330886841, 2.4022679328918457, 2.254697322845459, 2.3006794452667236, 2.1824514865875244, 2.521106243133545, 2.0987350940704346, 1.9370670318603516, 1.8395572900772095, 1.7988455295562744, 1.6536941528320312, 1.8458144664764404, 1.6297317743301392, 1.7526906728744507, 1.6143462657928467, 1.9871326684951782, 1.503504753112793, 1.3926972150802612, 1.4393558502197266, 1.2555053234100342, 1.2033993005752563, 1.1530647277832031, 1.289233684539795, 1.0959045886993408, 1.5531957149505615, 1.0362731218338013, 1.1187727451324463, 0.9482294917106628, 0.7701180577278137, 0.986255943775177, 0.8570863604545593, 0.9298402070999146, 0.8253577351570129, 0.6948752999305725, 0.641362190246582, 1.096361517906189, 0.6084613800048828, 0.5754705667495728, 0.8358513116836548, 1.1401546001434326, 0.8381983041763306, 0.5823322534561157, 0.44716358184814453, 0.5279950499534607, 0.6413034200668335, 2.3450405597686768, 0.6444522738456726, 0.47816476225852966, 0.8555787205696106, 0.642480731010437, 0.6787199974060059, 0.5063378214836121, 0.5251550674438477, 0.7915834188461304, 2.000209331512451, 0.7241271734237671, 0.8957184553146362, 0.5092514157295227, 0.6030163764953613, 0.6388400793075562, 0.5562117099761963, 0.8615871667861938, 0.6684205532073975, 1.7728408575057983, 0.4757448136806488, 0.472444623708725, 0.9681134223937988, 2.0247673988342285, 0.6774006485939026, 0.45511406660079956, 0.5856682062149048, 0.5489971041679382, 0.5342766642570496, 0.6667020916938782, 0.4838910698890686, 0.8571065664291382, 0.42046672105789185, 0.6100455522537231, 0.39662930369377136, 1.074305772781372, 0.3173620104789734, 0.6202956438064575, 0.43021106719970703, 0.3555710017681122, 0.44225502014160156, 0.2947045862674713, 0.42833632230758667, 0.2928312420845032, 0.2223948985338211, 0.5546104311943054, 0.241536945104599, 0.23063258826732635], "time_taken": 692.9154081344604, "bit_accuracy": 0.9375}