{"n_front_dense_FE": 2, "n_front_dense_PE": 2, "n_front_dense_RxDec": 2, "state_width": 8, "n_epochs": 100, "n_additional_epochs": 10, "CFO_coef": 1, "SNR": 1, "J_list": [2.772745132446289, 2.792731761932373, 2.776890277862549, 2.7769417762756348, 2.7658355236053467, 2.7464020252227783, 2.703627109527588, 2.7128849029541016, 2.6567649841308594, 2.5853819847106934, 2.481438159942627, 2.5504441261291504, 2.2820284366607666, 2.4791877269744873, 2.3950610160827637, 3.049534320831299, 1.9980449676513672, 2.8562674522399902, 2.5805184841156006, 2.3812756538391113, 2.2052853107452393, 2.082434892654419, 2.3344500064849854, 1.9657518863677979, 1.9463374614715576, 1.724938988685608, 1.5730726718902588, 2.5241165161132812, 1.5314857959747314, 1.5531320571899414, 1.4209058284759521, 1.4341961145401, 1.5978059768676758, 1.9406980276107788, 1.7487703561782837, 1.776685357093811, 1.3837432861328125, 1.3186756372451782, 1.2945992946624756, 1.1502420902252197, 1.0619869232177734, 1.4673287868499756, 1.0647701025009155, 1.1069095134735107, 2.425219774246216, 1.779188871383667, 1.314178228378296, 1.470299243927002, 1.1702792644500732, 1.5822303295135498, 1.2399499416351318, 1.1258598566055298, 1.390120506286621, 0.9285934567451477, 1.0114953517913818, 0.8825629353523254, 0.7712513208389282, 0.6530802845954895, 0.6950591802597046, 0.5578721761703491, 0.5742284059524536, 0.44204244017601013, 0.4446328282356262, 0.3738078773021698, 0.27604156732559204, 0.711732029914856, 0.2844672203063965, 2.4024107456207275, 0.36807483434677124, 0.3385116457939148, 0.33943915367126465, 0.3181607127189636, 0.5947650074958801, 0.32196441292762756, 0.6084188222885132, 0.250772625207901, 0.3557102680206299, 0.5782108902931213, 0.32832640409469604, 0.34115391969680786, 0.18441510200500488, 1.1121225357055664, 0.2290256917476654, 0.2834559977054596, 0.3175128996372223, 0.28505486249923706, 0.7305059432983398, 1.4126222133636475, 0.47391778230667114, 0.5323053002357483, 0.3779899775981903, 0.806641697883606, 0.44494399428367615, 0.31339049339294434, 0.5536493062973022, 0.4081537127494812, 0.5890071988105774, 0.36982589960098267, 0.24648621678352356, 0.3452894687652588, 0.3148372173309326, 0.24556967616081238, 0.16077136993408203, 0.7418913841247559, 0.16332586109638214, 0.12736794352531433, 0.12862738966941833, 0.12372150272130966, 0.12247049808502197, 0.14555330574512482], "time_taken": 594.927084684372, "bit_accuracy": 0.934375}