{"n_front_dense_FE": 2, "n_front_dense_PE": 2, "n_front_dense_RxDec": 2, "state_width": 8, "n_epochs": 100, "n_additional_epochs": 10, "CFO_coef": 1, "SNR": 10, "J_list": [2.7732391357421875, 2.7825465202331543, 2.7662081718444824, 2.7704358100891113, 2.7888429164886475, 2.7325599193573, 2.7622616291046143, 2.6510531902313232, 2.695333480834961, 2.601776599884033, 2.4189789295196533, 2.3598811626434326, 2.1957671642303467, 2.6650898456573486, 2.006150245666504, 2.102712631225586, 1.764902114868164, 1.9357080459594727, 1.6900802850723267, 1.7907764911651611, 1.9455009698867798, 1.536444902420044, 2.6447319984436035, 1.6642873287200928, 1.7256536483764648, 1.336607575416565, 1.4635586738586426, 1.367051362991333, 1.157952070236206, 1.093470573425293, 1.23354172706604, 0.9806033372879028, 1.3953702449798584, 0.8992454409599304, 0.7898992896080017, 0.8142120242118835, 0.6720779538154602, 0.8371084928512573, 0.43458643555641174, 0.4846155047416687, 2.738767147064209, 1.2369451522827148, 0.6387114524841309, 0.5675760507583618, 0.7781339883804321, 0.9320911169052124, 0.5680733323097229, 0.8494197726249695, 1.0461982488632202, 0.5583708882331848, 0.6295549273490906, 0.6966640949249268, 0.3479350209236145, 0.9774570465087891, 0.6215814352035522, 0.8164161443710327, 0.3242834806442261, 0.3655461370944977, 0.3077501952648163, 0.3105769157409668, 0.2763601243495941, 1.0483872890472412, 0.321020245552063, 0.67253577709198, 0.30897843837738037, 0.395654559135437, 0.3064196705818176, 0.18008370697498322, 0.3421955108642578, 0.20091581344604492, 0.3516663610935211, 0.23916466534137726, 0.15147912502288818, 0.26403936743736267, 0.2581091523170471, 0.19241321086883545, 0.14093811810016632, 0.40869683027267456, 0.19541743397712708, 0.1530989408493042, 0.26005062460899353, 0.548056960105896, 0.17923001945018768, 0.145660862326622, 0.19121146202087402, 0.16929611563682556, 0.1902489811182022, 0.24972829222679138, 3.8818130493164062, 0.3100302517414093, 0.44440561532974243, 0.408834844827652, 0.48100709915161133, 0.31237825751304626, 0.4594874382019043, 0.19241246581077576, 0.2962128520011902, 0.4206371307373047, 0.23625436425209045, 0.24276748299598694, 0.17005613446235657, 0.15584519505500793, 0.7973719835281372, 0.1912858486175537, 0.3578266501426697, 0.15257395803928375, 0.5444358587265015, 0.1268153339624405, 0.10149550437927246, 0.47480934858322144], "time_taken": 880.1872737407684, "bit_accuracy": 0.9625}