{"n_front_dense_FE": 2, "n_front_dense_PE": 2, "n_front_dense_RxDec": 2, "state_width": 2, "n_epochs": 100, "n_additional_epochs": 10, "CFO_coef": 1, "SNR": 10, "J_list": [2.7725489139556885, 2.77742600440979, 2.8200604915618896, 2.769404888153076, 2.7606141567230225, 2.7578587532043457, 2.7736096382141113, 2.7837095260620117, 2.760155439376831, 2.767887830734253, 2.7503600120544434, 2.7318851947784424, 2.746234178543091, 2.6601881980895996, 2.560518264770508, 2.5003485679626465, 2.417374849319458, 2.3249130249023438, 2.6599221229553223, 2.264777421951294, 2.797480821609497, 2.554663896560669, 2.4270641803741455, 2.291372537612915, 2.2477996349334717, 2.398113965988159, 2.6500656604766846, 2.2702829837799072, 2.261336326599121, 2.3806252479553223, 2.2806284427642822, 2.2068028450012207, 2.3856916427612305, 2.182013511657715, 2.0095720291137695, 2.040966749191284, 1.9859504699707031, 2.0184593200683594, 1.960679054260254, 1.9208784103393555, 1.8215563297271729, 1.9066743850708008, 1.7211872339248657, 1.6455169916152954, 1.6863692998886108, 1.6634231805801392, 1.539132833480835, 1.543359398841858, 1.9968271255493164, 2.4343302249908447, 2.347485065460205, 1.8661651611328125, 1.481996774673462, 1.8512506484985352, 1.8272088766098022, 2.5670711994171143, 1.7283945083618164, 1.5920212268829346, 1.6416895389556885, 1.6770694255828857, 1.828810453414917, 1.5261245965957642, 1.6883156299591064, 1.4989122152328491, 1.4948348999023438, 1.7547531127929688, 1.5221922397613525, 1.3995472192764282, 1.4134113788604736, 1.5845832824707031, 1.3818715810775757, 1.3864389657974243, 1.2680370807647705, 1.3072999715805054, 1.414355993270874, 1.3053271770477295, 1.1804301738739014, 1.1500380039215088, 1.1914472579956055, 1.055191159248352, 1.1772315502166748, 1.0962374210357666, 1.0191097259521484, 0.9816526174545288, 0.9905979037284851, 0.9056929349899292, 0.8597621917724609, 0.8906394243240356, 0.8156746029853821, 2.378655195236206, 1.1539119482040405, 1.1073331832885742, 0.9725641012191772, 0.9225826263427734, 0.8929891586303711, 0.9081331491470337, 0.9749053716659546, 1.2306056022644043, 1.0424145460128784, 1.3566558361053467, 0.8977548480033875, 0.8137582540512085, 0.8224042654037476, 0.7505874633789062, 0.6812020540237427, 0.6562321782112122, 0.6952583193778992, 0.6769603490829468, 0.620650053024292, 0.5958525538444519], "time_taken": 629.8312668800354, "bit_accuracy": 0.696875}