{"n_front_dense_FE": 2, "n_front_dense_PE": 2, "n_front_dense_RxDec": 2, "state_width": 8, "n_epochs": 100, "n_additional_epochs": 10, "CFO_coef": 1, "SNR": 1, "J_list": [2.772636890411377, 2.773089647293091, 2.7614336013793945, 2.7366509437561035, 2.757228374481201, 2.6141269207000732, 2.597700595855713, 2.9891655445098877, 2.6205320358276367, 2.4444165229797363, 2.384596347808838, 2.3382019996643066, 2.3007445335388184, 2.8041014671325684, 2.0357086658477783, 1.8754962682724, 2.0433132648468018, 1.7816028594970703, 2.7452754974365234, 2.0393450260162354, 2.4488096237182617, 1.5371778011322021, 1.5746876001358032, 1.968274474143982, 1.550292730331421, 1.4011266231536865, 1.5369712114334106, 1.2289307117462158, 1.6569515466690063, 1.150265097618103, 1.1808218955993652, 1.0713012218475342, 1.211303472518921, 0.9302989840507507, 0.8679250478744507, 1.1431779861450195, 0.8348002433776855, 1.1181933879852295, 0.9373245239257812, 0.663290798664093, 1.1149585247039795, 0.6246380805969238, 0.5821040272712708, 0.4751184582710266, 0.42254209518432617, 0.8527665138244629, 0.5787655711174011, 1.860477089881897, 0.5780917406082153, 0.3465304374694824, 0.3779664635658264, 0.7413860559463501, 1.660800576210022, 0.36848315596580505, 0.7488390207290649, 3.7524406909942627, 0.61134934425354, 1.69594407081604, 1.348909616470337, 0.7839006185531616, 0.7801574468612671, 1.1798741817474365, 0.7542567253112793, 0.5677478313446045, 1.1283200979232788, 1.5479316711425781, 0.637484610080719, 0.8221681714057922, 0.9371089935302734, 0.5648698806762695, 0.49945324659347534, 0.41007930040359497, 0.48245829343795776, 0.7147343754768372, 0.32324478030204773, 0.34107986092567444, 0.22996696829795837, 0.3092455267906189, 0.2057170420885086, 0.21827073395252228, 0.20023977756500244, 0.5926583409309387, 0.17730669677257538, 0.2336283177137375, 0.14665918052196503, 0.14264015853405, 0.16277620196342468, 0.1698271930217743, 0.20021668076515198, 0.23892271518707275, 0.19501131772994995, 0.2041362226009369, 0.12985816597938538, 0.17756208777427673, 0.17782312631607056, 0.21246173977851868, 0.19859734177589417, 0.3178871273994446, 0.2031838595867157, 0.10467463731765747, 0.27908653020858765, 0.28657224774360657, 0.202561616897583, 0.09056983888149261, 0.10894781351089478, 0.4355081021785736, 0.12542013823986053, 0.11762899160385132, 0.1293937861919403, 0.09105174243450165], "time_taken": 610.9015738964081, "bit_accuracy": 0.9375}