{"n_front_dense_FE": 2, "n_front_dense_PE": 2, "n_front_dense_RxDec": 2, "state_width": 0, "n_epochs": 100, "n_additional_epochs": 10, "CFO_coef": 1, "SNR": 1, "J_list": [2.7725894451141357, 2.7724478244781494, 2.772148847579956, 2.7735257148742676, 2.7722373008728027, 2.7716293334960938, 2.774454116821289, 2.774353504180908, 2.7737205028533936, 2.774547576904297, 2.771892786026001, 2.7723793983459473, 2.769254446029663, 2.772063732147217, 2.772399425506592, 2.774327278137207, 2.7730653285980225, 2.7745749950408936, 2.772326707839966, 2.774174928665161, 2.773742914199829, 2.775791645050049, 2.774043560028076, 2.7744719982147217, 2.7711141109466553, 2.7737627029418945, 2.773176670074463, 2.771790027618408, 2.7723515033721924, 2.776477336883545, 2.773362398147583, 2.770474672317505, 2.7778427600860596, 2.774207353591919, 2.7734274864196777, 2.772418975830078, 2.772425413131714, 2.7704217433929443, 2.7736573219299316, 2.773975133895874, 2.774415969848633, 2.772289991378784, 2.7755331993103027, 2.7712268829345703, 2.7717437744140625, 2.7741971015930176, 2.7729744911193848, 2.7747128009796143, 2.7727551460266113, 2.7754509449005127, 2.769740581512451, 2.7742114067077637, 2.7737553119659424, 2.7723774909973145, 2.7724432945251465, 2.7744393348693848, 2.7753448486328125, 2.7727315425872803, 2.7738475799560547, 2.7711713314056396, 2.7717394828796387, 2.7713685035705566, 2.77223539352417, 2.7710185050964355, 2.7741434574127197, 2.7729995250701904, 2.7708022594451904, 2.7716922760009766, 2.772719144821167, 2.7747349739074707, 2.772461414337158, 2.7736032009124756, 2.772836446762085, 2.7707743644714355, 2.771172046661377, 2.7736425399780273, 2.772230386734009, 2.7731258869171143, 2.7701430320739746, 2.7732651233673096, 2.773073196411133, 2.7743775844573975, 2.770418167114258, 2.7728590965270996, 2.7742810249328613, 2.7727653980255127, 2.771965742111206, 2.7740185260772705, 2.7726242542266846, 2.775815486907959, 2.7679431438446045, 2.7737088203430176, 2.776697874069214, 2.775784730911255, 2.774803400039673, 2.7725231647491455, 2.7728259563446045, 2.7725095748901367, 2.773469924926758, 2.7766776084899902, 2.769401788711548, 2.7732033729553223, 2.771113395690918, 2.7708580493927, 2.7727878093719482, 2.7749710083007812, 2.77215838432312, 2.7739641666412354, 2.7704660892486572, 2.774648666381836], "time_taken": 773.2619733810425, "bit_accuracy": 0.053125}