{"n_front_dense_FE": 2, "n_front_dense_PE": 2, "n_front_dense_RxDec": 2, "state_width": 2, "n_epochs": 100, "n_additional_epochs": 10, "CFO_coef": 1, "SNR": 1, "J_list": [2.772793769836426, 2.7781476974487305, 2.7844386100769043, 2.774301052093506, 2.7710683345794678, 2.754568576812744, 2.79079270362854, 2.7695271968841553, 2.73836612701416, 2.6954357624053955, 2.6650218963623047, 2.6654715538024902, 2.5668587684631348, 2.949829339981079, 2.581878185272217, 2.727091073989868, 2.5669217109680176, 2.555018186569214, 2.3730454444885254, 2.3348991870880127, 2.481445789337158, 2.3636372089385986, 2.2179298400878906, 2.1427440643310547, 2.1531224250793457, 2.1713650226593018, 2.1506175994873047, 2.35601806640625, 1.9790767431259155, 1.8837058544158936, 2.2435355186462402, 1.882706880569458, 1.8974946737289429, 1.8417110443115234, 1.7229242324829102, 1.7711412906646729, 1.5958871841430664, 1.5218220949172974, 1.375411868095398, 1.3959779739379883, 1.1665921211242676, 1.3009406328201294, 1.3550846576690674, 1.113021969795227, 1.2905744314193726, 2.181871175765991, 1.9392471313476562, 1.328871488571167, 1.1666544675827026, 0.8861390948295593, 1.0315322875976562, 1.55696702003479, 1.1372652053833008, 1.5360991954803467, 1.1766390800476074, 1.121984839439392, 1.03231680393219, 1.8882701396942139, 1.4270694255828857, 1.6015002727508545, 1.2548236846923828, 1.051378846168518, 1.1588751077651978, 1.1739461421966553, 1.7591205835342407, 0.9013383984565735, 1.0088732242584229, 0.9781652688980103, 1.0038176774978638, 1.0316574573516846, 0.9072076678276062, 0.8513463735580444, 0.8708907961845398, 0.8449870944023132, 0.665765643119812, 0.6286289095878601, 0.6036770939826965, 0.6035063862800598, 1.144058346748352, 0.6484063267707825, 0.7014225125312805, 0.6001927256584167, 0.4489804208278656, 1.8257930278778076, 0.6268821358680725, 0.5313917994499207, 0.4666237235069275, 0.526860237121582, 0.5224405527114868, 0.40705814957618713, 0.8705450296401978, 0.7397411465644836, 0.7577253580093384, 0.5208474397659302, 0.47739458084106445, 0.5415876507759094, 0.4401840269565582, 0.4740687310695648, 0.3701537847518921, 0.41347676515579224, 0.30869388580322266, 0.22932545840740204, 0.2529509663581848, 0.4575020670890808, 0.23742429912090302, 0.24806606769561768, 0.3453407883644104, 0.35276103019714355, 0.4628816545009613, 0.3624086380004883], "time_taken": 607.2294542789459, "bit_accuracy": 0.94375}