{"n_front_dense_FE": 2, "n_front_dense_PE": 2, "n_front_dense_RxDec": 2, "state_width": 2, "n_epochs": 100, "n_additional_epochs": 10, "CFO_coef": 1, "SNR": 1, "J_list": [2.7723288536071777, 2.7971367835998535, 2.7661917209625244, 2.773607015609741, 2.7556724548339844, 2.755129337310791, 2.720236301422119, 2.686183452606201, 2.552647113800049, 2.465343713760376, 2.4351789951324463, 2.21972393989563, 2.52394437789917, 2.203179359436035, 2.318912982940674, 2.1462249755859375, 2.180554151535034, 2.106950521469116, 2.086669921875, 3.209820508956909, 1.9936546087265015, 1.9781776666641235, 1.947760820388794, 2.0777342319488525, 1.9384424686431885, 1.8594545125961304, 2.0748066902160645, 1.9573742151260376, 1.563513994216919, 1.4679676294326782, 1.6079145669937134, 1.9564052820205688, 1.4967238903045654, 1.2960370779037476, 1.3295305967330933, 1.1478493213653564, 1.0271602869033813, 1.1193262338638306, 2.086785078048706, 1.3913218975067139, 2.775564193725586, 1.0969754457473755, 1.2340980768203735, 1.1134366989135742, 1.3455158472061157, 0.9900005459785461, 1.645932912826538, 2.2295761108398438, 1.358922004699707, 1.630003571510315, 1.1746970415115356, 1.0599400997161865, 1.2881816625595093, 1.156255841255188, 1.097749948501587, 1.1273143291473389, 1.8421885967254639, 0.8421724438667297, 1.040324091911316, 1.0587769746780396, 0.9763789176940918, 1.4311962127685547, 0.9756226539611816, 1.0956940650939941, 0.8474684953689575, 0.77415931224823, 0.6408717632293701, 0.7712539434432983, 0.5939671397209167, 0.5797146558761597, 0.5581474900245667, 2.786191940307617, 0.5988645553588867, 0.6473198533058167, 0.48656710982322693, 0.8594644665718079, 1.4374072551727295, 0.8945072293281555, 0.6454387307167053, 0.7032455205917358, 0.552287757396698, 0.4282366633415222, 0.6526099443435669, 0.4607541561126709, 0.683776319026947, 0.619384765625, 0.702720046043396, 0.4156475067138672, 0.4981500506401062, 0.5123364925384521, 0.5982552766799927, 0.45780640840530396, 0.5466970205307007, 0.38270536065101624, 0.3137933611869812, 1.128907561302185, 0.3027316927909851, 0.25990188121795654, 0.3216968774795532, 0.2757192850112915, 0.3135911822319031, 0.20177681744098663, 0.21243822574615479, 0.2733941972255707, 0.12994563579559326, 0.23368719220161438, 0.17927949130535126, 1.9191315174102783, 0.21603429317474365, 0.18002484738826752], "time_taken": 726.8063840866089, "bit_accuracy": 0.934375}