{"n_front_dense_FE": 2, "n_front_dense_PE": 2, "n_front_dense_RxDec": 2, "state_width": 8, "n_epochs": 100, "n_additional_epochs": 10, "CFO_coef": 1, "SNR": 10, "J_list": [2.772258758544922, 2.782806873321533, 2.7742409706115723, 2.759338855743408, 2.7560062408447266, 2.740787982940674, 2.7649459838867188, 2.771083116531372, 2.753314256668091, 2.708763837814331, 2.6517043113708496, 2.6989731788635254, 2.5660719871520996, 2.535473585128784, 2.354236602783203, 2.3080761432647705, 2.2761054039001465, 1.9881635904312134, 1.8266589641571045, 1.8468742370605469, 1.9944053888320923, 1.7085597515106201, 1.9395803213119507, 1.4342353343963623, 1.2652990818023682, 1.3240540027618408, 1.2427661418914795, 1.475959062576294, 1.0309524536132812, 0.91729336977005, 1.3790059089660645, 1.0135173797607422, 0.8629973530769348, 1.1353328227996826, 1.1743240356445312, 1.818372368812561, 0.7294987440109253, 0.6314886808395386, 0.8351467251777649, 1.9152400493621826, 0.8628925085067749, 0.9844108819961548, 0.6280220746994019, 0.6925944089889526, 1.3338623046875, 0.7843595743179321, 0.5808724164962769, 0.546295702457428, 0.7298378944396973, 0.6111118197441101, 0.6478900909423828, 0.442157506942749, 1.3899977207183838, 0.6027989387512207, 0.4329148828983307, 0.5037659406661987, 0.4791860580444336, 0.29898977279663086, 0.28997477889060974, 0.27944618463516235, 0.34818992018699646, 3.173041820526123, 0.9281097650527954, 0.7637462615966797, 1.2823302745819092, 0.5287559628486633, 0.6257730722427368, 0.5860611200332642, 0.7991792559623718, 0.5807848572731018, 0.8080413937568665, 0.4242122769355774, 0.5511177182197571, 0.6876794695854187, 0.3620656132698059, 0.34807541966438293, 0.3028494715690613, 0.3397586941719055, 0.29147061705589294, 0.28119856119155884, 0.2439151108264923, 0.1546693593263626, 0.173109769821167, 0.21041791141033173, 0.34114333987236023, 1.5185539722442627, 0.24760489165782928, 0.32753780484199524, 0.23909299075603485, 0.3813754618167877, 0.19375714659690857, 0.16805213689804077, 0.4627874493598938, 0.14753088355064392, 0.12766484916210175, 0.2560182213783264, 0.16797685623168945, 0.1337796002626419, 0.13064734637737274, 0.10307089984416962, 0.10013234615325928, 0.14904062449932098, 0.22067689895629883, 0.14961981773376465, 0.08965106308460236, 0.2175639569759369, 0.6846157312393188, 0.08632422983646393, 0.10163352638483047, 0.20307102799415588], "time_taken": 754.1203737258911, "bit_accuracy": 0.934375}