{"n_front_dense_FE": 2, "n_front_dense_PE": 2, "n_front_dense_RxDec": 2, "state_width": 0, "n_epochs": 100, "n_additional_epochs": 10, "CFO_coef": 1, "SNR": 6, "J_list": [2.7725894451141357, 2.772034168243408, 2.7738261222839355, 2.7720706462860107, 2.773369073867798, 2.772749662399292, 2.7724807262420654, 2.7725346088409424, 2.7718403339385986, 2.775028944015503, 2.7710673809051514, 2.773378372192383, 2.77488374710083, 2.7694170475006104, 2.7702245712280273, 2.7728354930877686, 2.774260997772217, 2.774639368057251, 2.7751946449279785, 2.775602340698242, 2.773754596710205, 2.772322654724121, 2.772298812866211, 2.7738900184631348, 2.774329662322998, 2.7711758613586426, 2.7725882530212402, 2.7717125415802, 2.771127700805664, 2.772998332977295, 2.772873640060425, 2.7764716148376465, 2.770327568054199, 2.7715156078338623, 2.773671865463257, 2.773444890975952, 2.7742867469787598, 2.7698776721954346, 2.772831916809082, 2.7705156803131104, 2.776979684829712, 2.771878957748413, 2.771350383758545, 2.7731895446777344, 2.7746658325195312, 2.772531509399414, 2.770756244659424, 2.7753567695617676, 2.769758701324463, 2.7738513946533203, 2.7766082286834717, 2.7771987915039062, 2.774970531463623, 2.772907257080078, 2.7740676403045654, 2.7740228176116943, 2.76941180229187, 2.7744510173797607, 2.774202823638916, 2.7735953330993652, 2.77007794380188, 2.7749879360198975, 2.7731375694274902, 2.7700703144073486, 2.7739384174346924, 2.7727715969085693, 2.7725281715393066, 2.7765026092529297, 2.775238037109375, 2.777501106262207, 2.7676138877868652, 2.772801637649536, 2.7722580432891846, 2.7754175662994385, 2.7757415771484375, 2.772275447845459, 2.77174711227417, 2.773197650909424, 2.7742347717285156, 2.770634174346924, 2.7729580402374268, 2.772984027862549, 2.771559000015259, 2.7725632190704346, 2.771212339401245, 2.7737364768981934, 2.773993968963623, 2.7721879482269287, 2.772298812866211, 2.7753851413726807, 2.7730870246887207, 2.77317214012146, 2.7722392082214355, 2.7729878425598145, 2.7727017402648926, 2.7744529247283936, 2.7724530696868896, 2.773555278778076, 2.7717881202697754, 2.77270245552063, 2.7727408409118652, 2.7726192474365234, 2.7713680267333984, 2.7738442420959473, 2.7720084190368652, 2.7716917991638184, 2.774765968322754, 2.7699835300445557, 2.7707090377807617, 2.7727065086364746], "time_taken": 603.9033639431, "bit_accuracy": 0.078125}