{"n_front_dense_FE": 2, "n_front_dense_PE": 2, "n_front_dense_RxDec": 2, "state_width": 8, "n_epochs": 100, "n_additional_epochs": 10, "CFO_coef": 1, "SNR": 6, "J_list": [2.773707151412964, 2.7747597694396973, 2.800401449203491, 2.7795581817626953, 2.7621092796325684, 2.75784969329834, 2.7327938079833984, 2.6883678436279297, 2.6103062629699707, 2.440361738204956, 2.3941330909729004, 2.6775848865509033, 2.1933445930480957, 2.4132158756256104, 2.323639392852783, 2.0959784984588623, 2.018261432647705, 1.9709718227386475, 2.306879758834839, 1.8528255224227905, 1.46501886844635, 1.3986775875091553, 1.200266718864441, 1.0582091808319092, 1.6817405223846436, 1.4383741617202759, 0.9269611239433289, 0.983223557472229, 1.4862501621246338, 0.7321844100952148, 0.7089473009109497, 0.7795861959457397, 2.597843647003174, 0.7746003270149231, 0.8370546102523804, 0.7138134241104126, 0.811448872089386, 0.6224788427352905, 0.5545756220817566, 0.7300482988357544, 0.6733845472335815, 0.5104228854179382, 0.35796257853507996, 0.9388364553451538, 0.398416668176651, 0.5494452118873596, 0.34959813952445984, 1.1388804912567139, 0.42521238327026367, 0.70894855260849, 0.8933826684951782, 0.33704695105552673, 0.4844304025173187, 0.549651563167572, 0.36723288893699646, 0.44349542260169983, 0.47161540389060974, 0.5983453989028931, 0.34297317266464233, 0.39177295565605164, 0.45864659547805786, 0.30712902545928955, 0.25496387481689453, 0.3230820298194885, 0.26897183060646057, 0.22959022223949432, 0.28392094373703003, 0.3906586766242981, 0.45769843459129333, 0.2303779572248459, 0.23284800350666046, 0.1882767379283905, 0.7598632574081421, 0.15933096408843994, 0.15628643333911896, 0.15389996767044067, 0.1785658895969391, 0.4127267003059387, 0.3128320276737213, 0.9540182948112488, 0.3147224187850952, 0.24981871247291565, 0.1243397444486618, 0.28121232986450195, 0.2670033574104309, 0.2526361346244812, 0.23354998230934143, 0.24271412193775177, 0.36154526472091675, 0.3160948157310486, 0.49022990465164185, 0.32091838121414185, 0.3717540204524994, 0.11955247074365616, 0.14849603176116943, 0.161163330078125, 0.20979492366313934, 0.206720232963562, 0.10741575062274933, 1.3391425609588623, 0.3627142906188965, 0.13955113291740417, 0.09133349359035492, 0.08346438407897949, 0.06512971222400665, 0.14697501063346863, 0.47550415992736816, 0.06428501754999161, 0.0751103013753891, 0.10735930502414703], "time_taken": 744.6589953899384, "bit_accuracy": 0.971875}