{"n_front_dense_FE": 2, "n_front_dense_PE": 2, "n_front_dense_RxDec": 2, "state_width": 8, "n_epochs": 100, "n_additional_epochs": 10, "CFO_coef": 1, "SNR": 6, "J_list": [2.77406644821167, 2.7825589179992676, 2.772942066192627, 2.781412124633789, 2.7729036808013916, 2.779980421066284, 2.7301266193389893, 2.715879440307617, 2.6872949600219727, 2.682216167449951, 2.4519686698913574, 2.5240283012390137, 2.4785680770874023, 2.3100364208221436, 2.2907893657684326, 2.316011667251587, 1.9172766208648682, 2.074993848800659, 1.8481032848358154, 1.6430251598358154, 1.6967227458953857, 2.1513710021972656, 1.6343971490859985, 1.4950791597366333, 1.5262420177459717, 1.9370311498641968, 1.4105443954467773, 1.3196607828140259, 1.3238862752914429, 1.6981788873672485, 1.383948564529419, 1.252928376197815, 0.9951300621032715, 2.002471446990967, 1.3457633256912231, 1.4226617813110352, 1.1659088134765625, 1.1129730939865112, 1.2648329734802246, 1.1081966161727905, 1.1177606582641602, 1.0849940776824951, 1.1214700937271118, 1.009939432144165, 0.8501971960067749, 0.9230406880378723, 0.6752685308456421, 0.898019015789032, 0.76827472448349, 0.5821099281311035, 0.4861374795436859, 0.4330900311470032, 0.4708332121372223, 0.45839348435401917, 1.1972298622131348, 0.3857787549495697, 0.42688804864883423, 0.6393548250198364, 0.6737325191497803, 1.148823618888855, 0.3296568989753723, 1.1613256931304932, 0.5929791331291199, 0.7841315269470215, 0.6278502941131592, 6.343062400817871, 0.7024092078208923, 0.8918842077255249, 0.540296196937561, 0.5043505430221558, 0.6347563862800598, 0.5916620492935181, 0.5818870663642883, 0.4486134648323059, 0.4286769926548004, 0.49413394927978516, 0.49432435631752014, 0.502126157283783, 0.532402515411377, 0.34384918212890625, 0.7703225612640381, 0.4703306257724762, 0.3739756941795349, 1.018921971321106, 0.3720424771308899, 0.3817521929740906, 1.2721569538116455, 0.3155566453933716, 0.5695338249206543, 0.30393072962760925, 0.34414079785346985, 1.9446815252304077, 1.9863653182983398, 0.6606726050376892, 0.5709928274154663, 0.8512932658195496, 0.3752020001411438, 0.4220992922782898, 0.4553799629211426, 0.5350725054740906, 0.41751036047935486, 0.3326016366481781, 0.6075344085693359, 0.33688676357269287, 0.19469188153743744, 0.24896638095378876, 0.2375197857618332, 0.32284823060035706, 0.36022821068763733, 0.18305392563343048], "time_taken": 600.5867455005646, "bit_accuracy": 0.715625}