{"n_front_dense_FE": 2, "n_front_dense_PE": 2, "n_front_dense_RxDec": 2, "state_width": 0, "n_epochs": 100, "n_additional_epochs": 10, "CFO_coef": 1, "SNR": 4, "J_list": [2.7725894451141357, 2.773190975189209, 2.7726614475250244, 2.774445056915283, 2.7717297077178955, 2.772684335708618, 2.771202564239502, 2.7736544609069824, 2.7720553874969482, 2.7728004455566406, 2.768810987472534, 2.775254964828491, 2.77380633354187, 2.773871898651123, 2.7714970111846924, 2.7759323120117188, 2.7737865447998047, 2.7689690589904785, 2.7715678215026855, 2.7752976417541504, 2.7730565071105957, 2.772571086883545, 2.7695536613464355, 2.7722861766815186, 2.7730467319488525, 2.7743191719055176, 2.776122808456421, 2.7733497619628906, 2.7711987495422363, 2.776172637939453, 2.775581121444702, 2.7744076251983643, 2.776848077774048, 2.7734267711639404, 2.7743518352508545, 2.770118236541748, 2.773026704788208, 2.773113965988159, 2.7716050148010254, 2.7722249031066895, 2.776414155960083, 2.774853229522705, 2.7737491130828857, 2.771780014038086, 2.7709741592407227, 2.7773683071136475, 2.7739315032958984, 2.772099733352661, 2.7737679481506348, 2.7703094482421875, 2.772653102874756, 2.7748191356658936, 2.7719063758850098, 2.7726969718933105, 2.772655725479126, 2.7736284732818604, 2.7704098224639893, 2.7741763591766357, 2.7747890949249268, 2.7732796669006348, 2.773221015930176, 2.7757301330566406, 2.771244525909424, 2.7716422080993652, 2.774909257888794, 2.7738139629364014, 2.7710413932800293, 2.7758772373199463, 2.7692248821258545, 2.7738232612609863, 2.772516965866089, 2.7740845680236816, 2.7753145694732666, 2.772552967071533, 2.77410888671875, 2.772369384765625, 2.7726588249206543, 2.7754178047180176, 2.7709641456604004, 2.773751974105835, 2.7722229957580566, 2.7722129821777344, 2.773308038711548, 2.7716453075408936, 2.7728257179260254, 2.7727813720703125, 2.771527051925659, 2.7746479511260986, 2.7774930000305176, 2.775096893310547, 2.771307945251465, 2.7746880054473877, 2.774416446685791, 2.7733778953552246, 2.77306866645813, 2.774064540863037, 2.773232936859131, 2.7730495929718018, 2.7731499671936035, 2.773190975189209, 2.7724947929382324, 2.773948907852173, 2.772608518600464, 2.771918773651123, 2.7727627754211426, 2.77304744720459, 2.7721636295318604, 2.7728676795959473, 2.7718677520751953, 2.7714438438415527], "time_taken": 624.4116685390472, "bit_accuracy": 0.06218749999999999}