{"n_front_dense_FE": 2, "n_front_dense_PE": 2, "n_front_dense_RxDec": 2, "state_width": 0, "n_epochs": 100, "n_additional_epochs": 10, "CFO_coef": 1, "SNR": 5, "J_list": [2.7725894451141357, 2.771885395050049, 2.7740836143493652, 2.7710976600646973, 2.771132230758667, 2.7740893363952637, 2.7741005420684814, 2.772447109222412, 2.774676561355591, 2.769146680831909, 2.7746520042419434, 2.7755141258239746, 2.7721285820007324, 2.7750165462493896, 2.7718966007232666, 2.771570920944214, 2.7752902507781982, 2.7712268829345703, 2.768435478210449, 2.7758917808532715, 2.7766270637512207, 2.7738165855407715, 2.773782253265381, 2.777632236480713, 2.7741506099700928, 2.774555206298828, 2.7760536670684814, 2.774962902069092, 2.7724690437316895, 2.775028705596924, 2.7721526622772217, 2.774198055267334, 2.772308826446533, 2.7731614112854004, 2.7720987796783447, 2.772775173187256, 2.7738289833068848, 2.774467706680298, 2.7771658897399902, 2.774747610092163, 2.7744319438934326, 2.7716145515441895, 2.7740817070007324, 2.7737460136413574, 2.7726738452911377, 2.7709269523620605, 2.7729265689849854, 2.772061824798584, 2.7719290256500244, 2.776453733444214, 2.774240016937256, 2.7733306884765625, 2.773223400115967, 2.774379253387451, 2.772259473800659, 2.774329423904419, 2.771657943725586, 2.772023916244507, 2.772563934326172, 2.774138927459717, 2.7741379737854004, 2.771426200866699, 2.771822452545166, 2.771519184112549, 2.771566390991211, 2.7738423347473145, 2.771991491317749, 2.776740789413452, 2.770535469055176, 2.770524263381958, 2.773329257965088, 2.7745728492736816, 2.7716293334960938, 2.7727749347686768, 2.7724175453186035, 2.771820545196533, 2.7723710536956787, 2.7728755474090576, 2.7731456756591797, 2.7722363471984863, 2.7747225761413574, 2.7747206687927246, 2.7745842933654785, 2.7767646312713623, 2.7689292430877686, 2.7712669372558594, 2.778006076812744, 2.774008274078369, 2.7702088356018066, 2.7713351249694824, 2.774606227874756, 2.776829242706299, 2.771928548812866, 2.7695810794830322, 2.7694411277770996, 2.7777106761932373, 2.7804534435272217, 2.774588108062744, 2.773730754852295, 2.7711660861968994, 2.770683765411377, 2.7745113372802734, 2.768537998199463, 2.778149366378784, 2.774043321609497, 2.7725565433502197, 2.7709624767303467, 2.772739887237549, 2.77234148979187, 2.772907257080078], "time_taken": 675.7337090969086, "bit_accuracy": 0.060625}