{"n_front_dense_FE": 2, "n_front_dense_PE": 2, "n_front_dense_RxDec": 2, "state_width": 0, "n_epochs": 100, "n_additional_epochs": 10, "CFO_coef": 0, "SNR": 5, "J_list": [2.7725894451141357, 2.7723731994628906, 2.774932861328125, 2.7726824283599854, 2.7730679512023926, 2.773028612136841, 2.772716760635376, 2.773113965988159, 2.7725629806518555, 2.772862195968628, 2.7726099491119385, 2.772486448287964, 2.76997709274292, 2.7728981971740723, 2.773120164871216, 2.7756266593933105, 2.7742559909820557, 2.773815870285034, 2.777989625930786, 2.7742509841918945, 2.7760250568389893, 2.7706103324890137, 2.7729594707489014, 2.774890422821045, 2.7707717418670654, 2.7712020874023438, 2.772822141647339, 2.7736454010009766, 2.7706923484802246, 2.7724862098693848, 2.7766168117523193, 2.77376651763916, 2.774012327194214, 2.7705726623535156, 2.774412155151367, 2.7721877098083496, 2.773287296295166, 2.771876811981201, 2.7720093727111816, 2.771663188934326, 2.7755484580993652, 2.773616075515747, 2.7745845317840576, 2.773402452468872, 2.770577907562256, 2.772420644760132, 2.777367115020752, 2.773416519165039, 2.7712550163269043, 2.7755885124206543, 2.774303436279297, 2.7732467651367188, 2.7728729248046875, 2.774646043777466, 2.772263765335083, 2.7752373218536377, 2.777073621749878, 2.7731776237487793, 2.774198055267334, 2.7699532508850098, 2.7730185985565186, 2.775076389312744, 2.771634817123413, 2.769972562789917, 2.7724738121032715, 2.7730793952941895, 2.7718188762664795, 2.7716214656829834, 2.7764458656311035, 2.7723140716552734, 2.7709243297576904, 2.7728888988494873, 2.7696938514709473, 2.7699105739593506, 2.773491621017456, 2.7718076705932617, 2.7741353511810303, 2.7737011909484863, 2.770573854446411, 2.7702126502990723, 2.7743937969207764, 2.773380756378174, 2.7723641395568848, 2.773033618927002, 2.773775100708008, 2.7718262672424316, 2.7685954570770264, 2.7706284523010254, 2.77294659614563, 2.7686474323272705, 2.772693157196045, 2.7763736248016357, 2.7762558460235596, 2.773315906524658, 2.7724385261535645, 2.7798101902008057, 2.7737345695495605, 2.7733967304229736, 2.772714614868164, 2.7776737213134766, 2.773144006729126, 2.7751612663269043, 2.7732129096984863, 2.7729218006134033, 2.7725653648376465, 2.777406692504883, 2.774864673614502, 2.7753241062164307, 2.77958345413208, 2.7748024463653564], "time_taken": 493.6869661808014, "bit_accuracy": 0.05500000000000001}