{"n_front_dense_FE": 2, "n_front_dense_PE": 2, "n_front_dense_RxDec": 2, "state_width": 0, "n_epochs": 100, "n_additional_epochs": 10, "CFO_coef": 0, "SNR": 6, "J_list": [2.7725894451141357, 2.771695613861084, 2.7734134197235107, 2.7736878395080566, 2.7731597423553467, 2.772627353668213, 2.7746224403381348, 2.7738075256347656, 2.7761521339416504, 2.773902177810669, 2.774937391281128, 2.77203106880188, 2.7728068828582764, 2.7715342044830322, 2.7736282348632812, 2.7733261585235596, 2.7704834938049316, 2.7730185985565186, 2.7724456787109375, 2.772585391998291, 2.772566556930542, 2.7752652168273926, 2.770185947418213, 2.7728774547576904, 2.7744812965393066, 2.773345470428467, 2.7726643085479736, 2.7721807956695557, 2.775829792022705, 2.7714991569519043, 2.773263931274414, 2.772062301635742, 2.7711331844329834, 2.7727303504943848, 2.7720956802368164, 2.7731964588165283, 2.772336959838867, 2.770106315612793, 2.775416851043701, 2.7723400592803955, 2.775973081588745, 2.7738468647003174, 2.774366855621338, 2.77565598487854, 2.771522045135498, 2.7712132930755615, 2.7739005088806152, 2.776289463043213, 2.773449659347534, 2.7737772464752197, 2.771843433380127, 2.7720017433166504, 2.7728371620178223, 2.772630214691162, 2.773460865020752, 2.7747299671173096, 2.771894931793213, 2.772698163986206, 2.7752416133880615, 2.7770614624023438, 2.772469997406006, 2.773913860321045, 2.774104118347168, 2.7731375694274902, 2.7716734409332275, 2.7737624645233154, 2.7736103534698486, 2.7739689350128174, 2.772057294845581, 2.773743152618408, 2.773183822631836, 2.7708964347839355, 2.772531509399414, 2.7722392082214355, 2.7736029624938965, 2.7706527709960938, 2.7713334560394287, 2.7708535194396973, 2.773473024368286, 2.7720770835876465, 2.7720980644226074, 2.7728989124298096, 2.7729716300964355, 2.7723822593688965, 2.7704498767852783, 2.775832176208496, 2.7737069129943848, 2.770852565765381, 2.7758476734161377, 2.7738430500030518, 2.775447130203247, 2.7753748893737793, 2.777235507965088, 2.776042938232422, 2.7695772647857666, 2.7736313343048096, 2.7714736461639404, 2.7726895809173584, 2.775944471359253, 2.7714664936065674, 2.772157907485962, 2.7693352699279785, 2.7705178260803223, 2.7725391387939453, 2.77097749710083, 2.7745890617370605, 2.7702815532684326, 2.771390199661255, 2.772406578063965, 2.771793842315674], "time_taken": 675.3262851238251, "bit_accuracy": 0.065}