{"n_front_dense_FE": 2, "n_front_dense_PE": 2, "n_front_dense_RxDec": 2, "state_width": 0, "n_epochs": 100, "n_additional_epochs": 10, "CFO_coef": 0.1, "SNR": 3, "J_list": [2.7725894451141357, 2.773325204849243, 2.771650791168213, 2.7738959789276123, 2.7724921703338623, 2.7728095054626465, 2.7722253799438477, 2.7758522033691406, 2.7723593711853027, 2.774738073348999, 2.7730414867401123, 2.773853063583374, 2.772423267364502, 2.7742767333984375, 2.77577543258667, 2.7714874744415283, 2.7736659049987793, 2.7736291885375977, 2.7749783992767334, 2.7749741077423096, 2.7738101482391357, 2.7701058387756348, 2.7720799446105957, 2.77158784866333, 2.7708468437194824, 2.7715530395507812, 2.7765920162200928, 2.7745234966278076, 2.772660732269287, 2.7761340141296387, 2.7702643871307373, 2.772761583328247, 2.77508544921875, 2.7721974849700928, 2.773618459701538, 2.7753586769104004, 2.772944688796997, 2.7712645530700684, 2.7721829414367676, 2.770936965942383, 2.7704265117645264, 2.7724030017852783, 2.7727558612823486, 2.773139476776123, 2.7694783210754395, 2.7721240520477295, 2.774223566055298, 2.7767622470855713, 2.773859739303589, 2.7730114459991455, 2.772976875305176, 2.774573564529419, 2.7707571983337402, 2.774106740951538, 2.773590326309204, 2.77354097366333, 2.7752838134765625, 2.773258686065674, 2.7718873023986816, 2.774254322052002, 2.771958589553833, 2.7745089530944824, 2.7740042209625244, 2.7761168479919434, 2.7728495597839355, 2.7743444442749023, 2.7724239826202393, 2.7690930366516113, 2.773336887359619, 2.7730724811553955, 2.7724101543426514, 2.7730488777160645, 2.771198272705078, 2.7709412574768066, 2.7732861042022705, 2.772235870361328, 2.7690746784210205, 2.7756800651550293, 2.772120237350464, 2.773571729660034, 2.773803234100342, 2.7719454765319824, 2.774470567703247, 2.772956371307373, 2.773475170135498, 2.772265672683716, 2.772960662841797, 2.774967670440674, 2.7734570503234863, 2.7731306552886963, 2.77406644821167, 2.77337908744812, 2.7722723484039307, 2.773232936859131, 2.7719225883483887, 2.772956609725952, 2.774341583251953, 2.7739739418029785, 2.7700767517089844, 2.776716709136963, 2.7740471363067627, 2.7705798149108887, 2.773794174194336, 2.772439956665039, 2.7740705013275146, 2.7733492851257324, 2.7754786014556885, 2.7713260650634766, 2.772721529006958, 2.7741811275482178], "time_taken": 573.2667255401611, "bit_accuracy": 0.063125}