{"n_front_dense_FE": 2, "n_front_dense_PE": 2, "n_front_dense_RxDec": 2, "state_width": 0, "n_epochs": 100, "n_additional_epochs": 10, "CFO_coef": 0, "SNR": 10, "J_list": [2.7725894451141357, 2.7721970081329346, 2.7726352214813232, 2.7692558765411377, 2.773409605026245, 2.772038698196411, 2.775805950164795, 2.7729952335357666, 2.7760379314422607, 2.77545166015625, 2.778296947479248, 2.772491931915283, 2.77384877204895, 2.7725861072540283, 2.775951385498047, 2.7721469402313232, 2.7704896926879883, 2.7747933864593506, 2.7728686332702637, 2.7760579586029053, 2.775646209716797, 2.767303943634033, 2.7739696502685547, 2.7757728099823, 2.775595188140869, 2.7722325325012207, 2.7724366188049316, 2.771705389022827, 2.7742695808410645, 2.7746667861938477, 2.7759604454040527, 2.7737228870391846, 2.7731242179870605, 2.770223617553711, 2.7730953693389893, 2.771857976913452, 2.772843837738037, 2.771167039871216, 2.7731082439422607, 2.7719295024871826, 2.7734622955322266, 2.7734899520874023, 2.771239995956421, 2.77103853225708, 2.7727408409118652, 2.774167537689209, 2.7721056938171387, 2.77284836769104, 2.7777295112609863, 2.7761921882629395, 2.7756965160369873, 2.7725577354431152, 2.776520252227783, 2.7743608951568604, 2.774855136871338, 2.7738850116729736, 2.772019147872925, 2.7712960243225098, 2.774637460708618, 2.774855852127075, 2.7753233909606934, 2.776790142059326, 2.7708466053009033, 2.770920515060425, 2.77463960647583, 2.771757125854492, 2.7715492248535156, 2.7743589878082275, 2.771477460861206, 2.771535634994507, 2.7738118171691895, 2.7729103565216064, 2.7710227966308594, 2.77392315864563, 2.7736942768096924, 2.775908946990967, 2.77498197555542, 2.773408889770508, 2.7747645378112793, 2.77571177482605, 2.7722136974334717, 2.7743782997131348, 2.769806385040283, 2.7728025913238525, 2.773911476135254, 2.773606777191162, 2.7749059200286865, 2.7722067832946777, 2.7712159156799316, 2.7707459926605225, 2.7731385231018066, 2.772218704223633, 2.7746729850769043, 2.7731974124908447, 2.769792079925537, 2.771979331970215, 2.772732734680176, 2.774770736694336, 2.774946451187134, 2.7758638858795166, 2.7721972465515137, 2.7721619606018066, 2.7728710174560547, 2.771634578704834, 2.7725636959075928, 2.777106761932373, 2.770502805709839, 2.7753543853759766, 2.7740509510040283, 2.7704174518585205], "time_taken": 487.2172861099243, "bit_accuracy": 0.0646875}