{"n_front_dense_FE": 2, "n_front_dense_PE": 2, "n_front_dense_RxDec": 2, "state_width": 0, "n_epochs": 100, "n_additional_epochs": 10, "CFO_coef": 0, "SNR": 4, "J_list": [2.7725894451141357, 2.772979259490967, 2.7740471363067627, 2.7726693153381348, 2.773345470428467, 2.7722091674804688, 2.7714269161224365, 2.776360511779785, 2.773348569869995, 2.7748684883117676, 2.7718002796173096, 2.773712635040283, 2.7733399868011475, 2.77405047416687, 2.773547649383545, 2.774199962615967, 2.7736668586730957, 2.772153854370117, 2.774641752243042, 2.7729737758636475, 2.772745132446289, 2.7732975482940674, 2.773214817047119, 2.773857355117798, 2.773098945617676, 2.7730326652526855, 2.771547317504883, 2.7731521129608154, 2.7739217281341553, 2.7729198932647705, 2.772718906402588, 2.773186445236206, 2.772475481033325, 2.7734432220458984, 2.772454023361206, 2.772190570831299, 2.773479461669922, 2.774811029434204, 2.773552656173706, 2.771561861038208, 2.771427869796753, 2.7716403007507324, 2.771533489227295, 2.772031784057617, 2.7737767696380615, 2.7712459564208984, 2.771061420440674, 2.7757840156555176, 2.774409770965576, 2.776401996612549, 2.7749295234680176, 2.7749321460723877, 2.77642560005188, 2.7753732204437256, 2.7709391117095947, 2.7716751098632812, 2.7733426094055176, 2.7748966217041016, 2.7729651927948, 2.7716498374938965, 2.772859573364258, 2.7725815773010254, 2.7753894329071045, 2.7724053859710693, 2.7700018882751465, 2.7737786769866943, 2.768282413482666, 2.7724151611328125, 2.774197578430176, 2.7750630378723145, 2.7744204998016357, 2.7744030952453613, 2.774934768676758, 2.7726967334747314, 2.7726244926452637, 2.7724952697753906, 2.777050495147705, 2.7729878425598145, 2.772442579269409, 2.7709975242614746, 2.773637294769287, 2.7711026668548584, 2.7724246978759766, 2.774494171142578, 2.7745447158813477, 2.7729032039642334, 2.7726447582244873, 2.771960496902466, 2.7714664936065674, 2.772063732147217, 2.772460460662842, 2.7717480659484863, 2.7736945152282715, 2.77233624458313, 2.7778031826019287, 2.772261381149292, 2.773991107940674, 2.7720370292663574, 2.772477626800537, 2.7708277702331543, 2.7737979888916016, 2.7710695266723633, 2.7743747234344482, 2.772390842437744, 2.7733540534973145, 2.774198293685913, 2.77313232421875, 2.772395372390747, 2.7734577655792236, 2.7756454944610596], "time_taken": 489.9753694534302, "bit_accuracy": 0.06031249999999999}