{"n_front_dense_FE": 2, "n_front_dense_PE": 2, "n_front_dense_RxDec": 2, "state_width": 0, "n_epochs": 100, "n_additional_epochs": 10, "CFO_coef": 0.1, "SNR": 5, "J_list": [2.7725894451141357, 2.7733256816864014, 2.7712395191192627, 2.773710250854492, 2.772862434387207, 2.7741808891296387, 2.776020050048828, 2.7699332237243652, 2.7712535858154297, 2.7727603912353516, 2.7740426063537598, 2.7738075256347656, 2.7718653678894043, 2.776365280151367, 2.7736928462982178, 2.7751030921936035, 2.772650957107544, 2.7747745513916016, 2.775778293609619, 2.774113416671753, 2.7741198539733887, 2.772947072982788, 2.773064136505127, 2.7739014625549316, 2.77022647857666, 2.7723774909973145, 2.774340867996216, 2.7721610069274902, 2.772900104522705, 2.7738773822784424, 2.7707207202911377, 2.774427890777588, 2.773608446121216, 2.774458646774292, 2.7713139057159424, 2.7719504833221436, 2.776167154312134, 2.772360324859619, 2.7703447341918945, 2.772728443145752, 2.7717411518096924, 2.774832010269165, 2.7713265419006348, 2.772439479827881, 2.7672975063323975, 2.775125741958618, 2.7736525535583496, 2.773773193359375, 2.7729249000549316, 2.773866653442383, 2.772970676422119, 2.772916316986084, 2.7705929279327393, 2.7747604846954346, 2.773638963699341, 2.7715210914611816, 2.7747983932495117, 2.77740478515625, 2.776975393295288, 2.7731058597564697, 2.7743067741394043, 2.770521640777588, 2.7771949768066406, 2.7756705284118652, 2.7746741771698, 2.7745237350463867, 2.7731990814208984, 2.7730631828308105, 2.7735726833343506, 2.7728805541992188, 2.7720389366149902, 2.7741920948028564, 2.7721619606018066, 2.7737269401550293, 2.7728848457336426, 2.774409055709839, 2.7728562355041504, 2.7717952728271484, 2.776543140411377, 2.7714743614196777, 2.77254056930542, 2.7712109088897705, 2.769554615020752, 2.7728731632232666, 2.7705955505371094, 2.773030996322632, 2.7704684734344482, 2.7733893394470215, 2.771907091140747, 2.7725062370300293, 2.775083303451538, 2.7752130031585693, 2.7769510746002197, 2.776543140411377, 2.7740375995635986, 2.7732090950012207, 2.772517681121826, 2.7751564979553223, 2.7709383964538574, 2.7742092609405518, 2.7709853649139404, 2.7750911712646484, 2.7747440338134766, 2.775865077972412, 2.773714303970337, 2.77347469329834, 2.774052381515503, 2.7730250358581543, 2.774169921875, 2.773340940475464], "time_taken": 502.0589520931244, "bit_accuracy": 0.069375}