{"n_front_dense_FE": 2, "n_front_dense_PE": 2, "n_front_dense_RxDec": 2, "state_width": 0, "n_epochs": 100, "n_additional_epochs": 10, "CFO_coef": 0, "SNR": 3, "J_list": [2.7725894451141357, 2.772975444793701, 2.77168607711792, 2.773679256439209, 2.772991180419922, 2.7730774879455566, 2.77024507522583, 2.774855852127075, 2.7717089653015137, 2.7718329429626465, 2.7752842903137207, 2.771973133087158, 2.7755208015441895, 2.7739639282226562, 2.7778584957122803, 2.7727408409118652, 2.775355815887451, 2.7736339569091797, 2.7694249153137207, 2.774754285812378, 2.7726588249206543, 2.7711634635925293, 2.770211696624756, 2.770664930343628, 2.772047519683838, 2.770207405090332, 2.7791295051574707, 2.7707290649414062, 2.775435209274292, 2.776038646697998, 2.7707974910736084, 2.7715725898742676, 2.7757394313812256, 2.7745494842529297, 2.770627498626709, 2.775038957595825, 2.7722575664520264, 2.7739760875701904, 2.771059274673462, 2.7773332595825195, 2.7736432552337646, 2.775188446044922, 2.771027088165283, 2.7741827964782715, 2.7740237712860107, 2.7726080417633057, 2.775918483734131, 2.773812770843506, 2.771488666534424, 2.7726778984069824, 2.773362636566162, 2.7738475799560547, 2.77394700050354, 2.7718820571899414, 2.7765767574310303, 2.7720513343811035, 2.7753608226776123, 2.771885633468628, 2.7719924449920654, 2.7720274925231934, 2.7730512619018555, 2.775238037109375, 2.774296283721924, 2.7712180614471436, 2.774609327316284, 2.7714943885803223, 2.7730860710144043, 2.7731549739837646, 2.7715744972229004, 2.771911144256592, 2.7742791175842285, 2.776090383529663, 2.776517152786255, 2.7726993560791016, 2.7742459774017334, 2.7728476524353027, 2.7719550132751465, 2.772696018218994, 2.7728397846221924, 2.771364688873291, 2.7786524295806885, 2.774599552154541, 2.7694592475891113, 2.7714245319366455, 2.7761876583099365, 2.774949550628662, 2.7735579013824463, 2.773643970489502, 2.7730724811553955, 2.772491455078125, 2.771181106567383, 2.770128011703491, 2.7750277519226074, 2.7724595069885254, 2.7725472450256348, 2.772306442260742, 2.7732410430908203, 2.774162530899048, 2.7722086906433105, 2.7718870639801025, 2.77355694770813, 2.7716453075408936, 2.7720894813537598, 2.7717151641845703, 2.772728443145752, 2.7717020511627197, 2.7719357013702393, 2.773679494857788, 2.7730727195739746, 2.7728800773620605], "time_taken": 453.6472096443176, "bit_accuracy": 0.06562500000000002}