{"n_front_dense_FE": 2, "n_front_dense_PE": 2, "n_front_dense_RxDec": 2, "state_width": 0, "n_epochs": 100, "n_additional_epochs": 10, "CFO_coef": 0.1, "SNR": 4, "J_list": [2.7725894451141357, 2.7719504833221436, 2.7713260650634766, 2.7712364196777344, 2.7722856998443604, 2.7685365676879883, 2.7783102989196777, 2.7770657539367676, 2.775702953338623, 2.773453950881958, 2.7727699279785156, 2.7734169960021973, 2.7735633850097656, 2.7734642028808594, 2.772576093673706, 2.777592182159424, 2.7711100578308105, 2.7736048698425293, 2.774610996246338, 2.772538661956787, 2.7778542041778564, 2.7723662853240967, 2.7763051986694336, 2.7696573734283447, 2.7729129791259766, 2.7784390449523926, 2.774813652038574, 2.772080421447754, 2.774677276611328, 2.7729716300964355, 2.7737133502960205, 2.7741646766662598, 2.774118661880493, 2.7715811729431152, 2.77479887008667, 2.771594524383545, 2.772153377532959, 2.7735183238983154, 2.7755846977233887, 2.772035598754883, 2.7745537757873535, 2.772191286087036, 2.771451234817505, 2.772792100906372, 2.772123336791992, 2.7722041606903076, 2.7742981910705566, 2.774834156036377, 2.7700247764587402, 2.776282787322998, 2.7731595039367676, 2.771947145462036, 2.770717144012451, 2.771127223968506, 2.7750439643859863, 2.773078441619873, 2.7722525596618652, 2.773106098175049, 2.7770655155181885, 2.7726759910583496, 2.775393009185791, 2.7730720043182373, 2.7723140716552734, 2.7733120918273926, 2.7739644050598145, 2.772695541381836, 2.7740261554718018, 2.7703068256378174, 2.7750296592712402, 2.77174711227417, 2.7738754749298096, 2.7738163471221924, 2.7726569175720215, 2.775484561920166, 2.7727789878845215, 2.7746520042419434, 2.774489641189575, 2.77105450630188, 2.773125171661377, 2.7710652351379395, 2.771449327468872, 2.7728054523468018, 2.7736940383911133, 2.7734713554382324, 2.773218870162964, 2.7719054222106934, 2.7750790119171143, 2.772127866744995, 2.771636962890625, 2.773949146270752, 2.772592067718506, 2.7706680297851562, 2.7723896503448486, 2.77116060256958, 2.7735776901245117, 2.770256280899048, 2.7728776931762695, 2.77315092086792, 2.7735776901245117, 2.774015188217163, 2.7720015048980713, 2.774977922439575, 2.775773763656616, 2.7723402976989746, 2.776137351989746, 2.7746739387512207, 2.77009916305542, 2.7730066776275635, 2.7733211517333984, 2.7715415954589844], "time_taken": 514.3086071014404, "bit_accuracy": 0.055625}