{"n_front_dense_FE": 2, "n_front_dense_PE": 2, "n_front_dense_RxDec": 2, "state_width": 8, "n_epochs": 40, "n_additional_epochs": 20, "CFO_coef": 1, "SNR": 1, "J_list": [2.772451400756836, 2.7871193885803223, 2.772083282470703, 2.7779717445373535, 2.7651419639587402, 2.7510547637939453, 2.7334506511688232, 2.7324435710906982, 2.692331314086914, 2.553403377532959, 2.6828033924102783, 2.461212635040283, 2.6289467811584473, 2.771533250808716, 2.2265148162841797, 2.1219499111175537, 1.8849443197250366, 1.9215373992919922, 2.060197114944458, 2.103896379470825, 1.8056247234344482, 1.575197458267212, 2.2060587406158447, 1.3338394165039062, 1.553264856338501, 1.3994961977005005, 1.190643548965454, 1.2181246280670166, 1.0256197452545166, 0.8298562169075012, 0.875941276550293, 1.4852653741836548, 0.6468950510025024, 1.341158390045166, 1.0587995052337646, 1.0777819156646729, 0.5570209622383118, 0.6545861959457397, 0.9421310424804688, 0.5770171880722046, 0.7091930508613586, 0.6172808408737183, 0.38565459847450256, 0.5007714629173279, 2.0584919452667236, 0.352611243724823, 0.3738309442996979, 0.36879482865333557, 0.5321078300476074, 0.38942837715148926, 0.9240026473999023, 0.3984485864639282, 0.3607158660888672, 0.9840379953384399, 0.3372703194618225, 0.35144346952438354, 0.38780853152275085, 0.4717937111854553, 0.26360267400741577, 0.3260260820388794], "time_taken": 712.0471687316895, "bit_accuracy": 0.553125}