{"n_front_dense_FE": 2, "n_front_dense_PE": 2, "n_front_dense_RxDec": 2, "state_width": 16, "n_epochs": 40, "n_additional_epochs": 20, "CFO_coef": 1, "SNR": 1, "J_list": [2.7724990844726562, 2.808018207550049, 2.7715811729431152, 2.767780065536499, 2.779057264328003, 2.763035535812378, 2.7424521446228027, 2.782912015914917, 2.705871343612671, 2.6528513431549072, 2.5880231857299805, 2.4606070518493652, 2.281404972076416, 2.768979072570801, 2.254964828491211, 2.262760639190674, 2.2630040645599365, 2.13472056388855, 2.037951707839966, 2.2385363578796387, 2.2345242500305176, 2.0960848331451416, 1.8977025747299194, 1.9919650554656982, 1.7624537944793701, 1.6637647151947021, 1.4632914066314697, 1.4674155712127686, 1.6825727224349976, 1.5067460536956787, 1.2565338611602783, 2.5507779121398926, 1.174804925918579, 1.1714838743209839, 1.2147727012634277, 1.2202699184417725, 1.2626924514770508, 1.0894514322280884, 1.1272594928741455, 1.2559213638305664, 1.2139453887939453, 1.0630555152893066, 0.8636350631713867, 1.08209228515625, 1.0197960138320923, 1.2677348852157593, 0.7129272818565369, 0.7837312817573547, 0.6632649302482605, 0.7139745950698853, 0.6559880971908569, 0.6772586107254028, 0.6301333904266357, 0.6097465753555298, 0.6418501734733582, 0.5492103695869446, 0.5745499730110168, 0.559989333152771, 0.5985747575759888, 0.5585491061210632], "time_taken": 718.1299614906311, "bit_accuracy": 0.825}