{"n_front_dense_FE": 2, "n_front_dense_PE": 2, "n_front_dense_RxDec": 2, "state_width": 16, "n_epochs": 40, "n_additional_epochs": 20, "CFO_coef": 0.5, "SNR": 1, "J_list": [2.771547317504883, 2.779489040374756, 2.766403913497925, 2.772103786468506, 2.737654447555542, 2.7135250568389893, 2.596266508102417, 2.5139477252960205, 2.437129020690918, 2.4801559448242188, 2.3218939304351807, 2.4059438705444336, 1.9613637924194336, 1.8577951192855835, 1.872626543045044, 1.463165044784546, 1.5826209783554077, 1.4427769184112549, 2.270068407058716, 1.5816887617111206, 1.12655508518219, 1.3697879314422607, 1.0648047924041748, 1.0658925771713257, 1.0242973566055298, 0.9407750964164734, 0.7361971735954285, 0.5821978449821472, 0.6580476760864258, 0.8446425199508667, 0.6426669359207153, 0.7698699235916138, 0.45589756965637207, 0.2821112275123596, 0.43866339325904846, 0.7933452129364014, 0.2447350025177002, 0.42024391889572144, 0.3421056866645813, 0.9850677251815796, 0.4508674740791321, 0.2008529007434845, 0.22702567279338837, 0.10569562017917633, 0.8878251910209656, 0.05884556844830513, 0.1272544264793396, 0.21304082870483398, 0.3984360694885254, 0.1328314244747162, 0.8857625722885132, 0.07766391336917877, 0.5111681222915649, 0.06772668659687042, 0.08841830492019653, 0.06555560976266861, 0.07802925258874893, 0.18924133479595184, 0.3562987744808197, 0.08496713638305664], "time_taken": 720.7431995868683, "bit_accuracy": 0.96875}