{"n_front_dense_FE": 2, "n_front_dense_PE": 2, "n_front_dense_RxDec": 2, "state_width": 8, "n_epochs": 40, "n_additional_epochs": 20, "CFO_coef": 0.5, "SNR": 4, "J_list": [2.77246356010437, 2.771326780319214, 2.776235580444336, 2.7627875804901123, 2.711911678314209, 2.6108789443969727, 2.5133585929870605, 2.3264846801757812, 2.690203905105591, 2.2074484825134277, 2.2914881706237793, 1.9359428882598877, 1.9242475032806396, 1.8571914434432983, 1.6197372674942017, 1.955809235572815, 1.3988518714904785, 1.2088773250579834, 1.030322790145874, 1.0122625827789307, 0.9486813545227051, 0.989404022693634, 0.9565496444702148, 0.7978531122207642, 0.7066711187362671, 0.6366599202156067, 0.5578250288963318, 1.3913764953613281, 0.722651481628418, 0.6913447380065918, 0.5253531336784363, 0.566921591758728, 0.7445444464683533, 0.49045291543006897, 0.9403950572013855, 0.5619968175888062, 0.8398522138595581, 1.0685938596725464, 0.5125073194503784, 0.3088601529598236, 0.5759933590888977, 0.3174293637275696, 0.45792025327682495, 0.1974806785583496, 0.6197977066040039, 0.2462199181318283, 0.20497722923755646, 0.29079556465148926, 0.18233652412891388, 0.24308247864246368, 0.17214863002300262, 0.18261277675628662, 0.188012033700943, 0.1462717056274414, 0.113778255879879, 0.17935025691986084, 0.18942758440971375, 0.1383017599582672, 0.12518510222434998, 0.14056679606437683], "time_taken": 700.4771635532379, "bit_accuracy": 0.978125}