{"n_front_dense_FE": 2, "n_front_dense_PE": 2, "n_front_dense_RxDec": 2, "state_width": 16, "n_epochs": 40, "n_additional_epochs": 20, "CFO_coef": 0.5, "SNR": 2, "J_list": [2.7726993560791016, 2.764474630355835, 2.827875852584839, 2.7833638191223145, 2.7712087631225586, 2.7478203773498535, 2.722586154937744, 2.6514601707458496, 2.5929179191589355, 2.5600428581237793, 2.4766156673431396, 2.5700385570526123, 2.2534852027893066, 2.106260299682617, 2.1485280990600586, 1.8623998165130615, 1.9003976583480835, 1.7661278247833252, 1.88827383518219, 1.6888072490692139, 1.5251953601837158, 1.5537396669387817, 1.188271403312683, 1.1171118021011353, 0.9031111001968384, 0.9091227650642395, 0.7367523908615112, 0.5479472875595093, 0.5154809951782227, 0.49870070815086365, 0.36348897218704224, 0.31002309918403625, 0.2916720509529114, 0.34434276819229126, 0.29822245240211487, 0.22091713547706604, 1.419840693473816, 0.2433113306760788, 0.8837235569953918, 0.4504307806491852, 0.5919944643974304, 0.33932095766067505, 0.1800413578748703, 0.29375141859054565, 0.1097540408372879, 0.1353544294834137, 0.10958985984325409, 0.6545717120170593, 0.11176393181085587, 0.11924870312213898, 0.11824162304401398, 0.24268272519111633, 0.08499977737665176, 0.28911614418029785, 0.07064251601696014, 0.27340227365493774, 0.09300009906291962, 0.2421901524066925, 0.11564028263092041, 0.12393224239349365], "time_taken": 731.34561419487, "bit_accuracy": 0.93125}