{"n_front_dense_FE": 2, "n_front_dense_PE": 2, "n_front_dense_RxDec": 2, "state_width": 16, "n_epochs": 40, "n_additional_epochs": 20, "CFO_coef": 0.5, "SNR": 5, "J_list": [2.7728066444396973, 2.7806036472320557, 2.7648279666900635, 2.791123867034912, 2.7564761638641357, 2.7681095600128174, 2.703367233276367, 2.626840591430664, 2.6526896953582764, 2.560154676437378, 2.36867094039917, 2.304738998413086, 2.213435411453247, 2.1385746002197266, 2.02278470993042, 1.8326696157455444, 1.9716007709503174, 2.0827462673187256, 1.6511226892471313, 1.4037082195281982, 2.549922466278076, 1.3985223770141602, 1.2412453889846802, 1.1360961198806763, 1.518164873123169, 0.9478223919868469, 0.9476436376571655, 1.328228235244751, 0.8068046569824219, 1.1294364929199219, 1.0417920351028442, 0.9410828351974487, 0.6747941970825195, 0.5046011209487915, 0.6448913216590881, 0.6896505355834961, 0.886524498462677, 0.5333741307258606, 0.8547785878181458, 0.6220097541809082, 0.47923731803894043, 0.2485627830028534, 0.3204505145549774, 0.19097676873207092, 0.2106080949306488, 0.30546504259109497, 0.21742062270641327, 0.127376988530159, 0.18538451194763184, 0.34120628237724304, 0.24273142218589783, 0.16621455550193787, 0.2915227711200714, 0.12374560534954071, 1.0394983291625977, 0.27311792969703674, 0.12154175341129303, 0.1139182299375534, 0.12200699001550674, 0.16200610995292664], "time_taken": 715.867246389389, "bit_accuracy": 0.971875}