{"n_front_dense_FE": 2, "n_front_dense_PE": 2, "n_front_dense_RxDec": 2, "state_width": 8, "n_epochs": 40, "n_additional_epochs": 20, "CFO_coef": 0.5, "SNR": 3, "J_list": [2.772371768951416, 2.779500722885132, 2.7818989753723145, 2.7735953330993652, 2.755324125289917, 2.7414066791534424, 2.721259832382202, 2.660724639892578, 2.5728938579559326, 2.3340516090393066, 2.1592283248901367, 3.387526035308838, 2.136474370956421, 2.076908588409424, 2.0928328037261963, 1.9022678136825562, 1.6966257095336914, 1.570899248123169, 1.7782989740371704, 1.4906915426254272, 1.2537099123001099, 2.1980507373809814, 1.2696629762649536, 1.091996192932129, 1.037947416305542, 0.853680431842804, 1.1724616289138794, 0.8078261613845825, 0.7648418545722961, 0.6412194967269897, 0.6034249663352966, 0.5093191862106323, 0.4871521592140198, 1.1368334293365479, 0.6693066358566284, 0.5432895421981812, 0.8697307705879211, 0.3921862244606018, 0.5752888917922974, 0.9878009557723999, 0.44649115204811096, 0.4515548646450043, 0.546394407749176, 0.2755518853664398, 0.2782055735588074, 0.31229591369628906, 0.23239874839782715, 0.21190424263477325, 0.2169545590877533, 0.24617858231067657, 0.185490220785141, 0.2132340371608734, 0.1782933920621872, 0.2290094643831253, 0.33140498399734497, 0.15542006492614746, 0.13524381816387177, 0.15243873000144958, 0.12527060508728027, 0.11068706214427948], "time_taken": 697.9892382621765, "bit_accuracy": 0.946875}