{"n_front_dense_FE": 2, "n_front_dense_PE": 2, "n_front_dense_RxDec": 2, "state_width": 16, "n_epochs": 40, "n_additional_epochs": 20, "CFO_coef": 1, "SNR": 3, "J_list": [2.7716081142425537, 2.8088839054107666, 2.7748584747314453, 2.7760672569274902, 2.761843681335449, 2.758812427520752, 2.7282347679138184, 2.6513123512268066, 2.612745761871338, 2.8836610317230225, 2.55729341506958, 2.540529251098633, 2.421283483505249, 2.6126203536987305, 2.2980384826660156, 2.4200448989868164, 2.1761677265167236, 2.1174519062042236, 2.0025737285614014, 2.0230300426483154, 2.32511568069458, 1.7705005407333374, 1.8204835653305054, 1.7296650409698486, 2.0343539714813232, 1.616875410079956, 1.475873351097107, 1.3990452289581299, 1.3028706312179565, 2.424365282058716, 2.3141369819641113, 1.401196837425232, 1.3197166919708252, 1.4510724544525146, 1.387822151184082, 1.2840420007705688, 2.028568983078003, 1.1057201623916626, 1.280857801437378, 1.08329176902771, 0.939222514629364, 1.061565637588501, 0.8215131759643555, 0.7361176013946533, 0.8060596585273743, 0.8031784296035767, 0.9604846239089966, 0.7748635411262512, 0.7109261155128479, 0.8057314157485962, 0.6009098887443542, 2.30305552482605, 0.6162912249565125, 0.5341212153434753, 0.7110699415206909, 0.5356815457344055, 0.48834162950515747, 0.46545448899269104, 2.2292771339416504, 0.4826146960258484], "time_taken": 723.2512230873108, "bit_accuracy": 0.865625}