{"n_front_dense_FE": 2, "n_front_dense_PE": 2, "n_front_dense_RxDec": 2, "state_width": 16, "n_epochs": 40, "n_additional_epochs": 20, "CFO_coef": 1, "SNR": 2, "J_list": [2.7724621295928955, 2.7883429527282715, 2.7804036140441895, 2.7682337760925293, 2.7663137912750244, 2.761803388595581, 2.759078025817871, 2.7476038932800293, 2.6348319053649902, 2.5559401512145996, 2.8791556358337402, 2.5508337020874023, 2.47493839263916, 2.71468448638916, 2.4445011615753174, 2.400017023086548, 2.4581406116485596, 2.3287975788116455, 2.2170777320861816, 2.168079376220703, 1.9448111057281494, 1.8037970066070557, 1.6528732776641846, 1.39065420627594, 1.628546953201294, 1.2526185512542725, 1.6396446228027344, 1.5851151943206787, 1.2987909317016602, 1.0532376766204834, 3.1720569133758545, 1.1517951488494873, 1.4204001426696777, 1.0949342250823975, 1.1025571823120117, 1.645250678062439, 1.054244041442871, 2.0794742107391357, 1.4711992740631104, 1.8679193258285522, 1.162125825881958, 1.0424867868423462, 1.2442997694015503, 0.8796054720878601, 1.1690168380737305, 1.2196054458618164, 0.8807418942451477, 0.9059683084487915, 0.7209781408309937, 0.7454605102539062, 0.7674332857131958, 0.730945885181427, 0.6593262553215027, 0.5924819707870483, 0.746560275554657, 0.8716278076171875, 0.6623743772506714, 0.5139837265014648, 0.5757604837417603, 0.5653236508369446], "time_taken": 726.9813306331635, "bit_accuracy": 0.85625}