{"n_front_dense_FE": 2, "n_front_dense_PE": 2, "n_front_dense_RxDec": 2, "state_width": 16, "n_epochs": 40, "n_additional_epochs": 20, "CFO_coef": 1, "SNR": 4, "J_list": [2.772063732147217, 2.8314526081085205, 2.773543119430542, 2.7743499279022217, 2.768664836883545, 2.7683396339416504, 2.7805371284484863, 2.7545573711395264, 2.729649066925049, 2.7733047008514404, 2.656921148300171, 2.59468150138855, 2.493440628051758, 2.4296250343322754, 2.5313022136688232, 2.5152029991149902, 2.4632081985473633, 2.642920970916748, 2.1427481174468994, 2.1093246936798096, 2.117837429046631, 2.070030927658081, 1.7840049266815186, 1.6265523433685303, 1.4986271858215332, 2.47116756439209, 1.4494978189468384, 1.4486541748046875, 1.089050531387329, 1.4465656280517578, 1.4255534410476685, 1.3865270614624023, 2.1565158367156982, 1.186176061630249, 1.22139573097229, 1.3121545314788818, 1.1448365449905396, 1.1342140436172485, 1.104079008102417, 1.1169273853302002, 0.9966890215873718, 0.8400707244873047, 0.7818623781204224, 0.8033946752548218, 0.7191392779350281, 1.432992935180664, 0.9676300287246704, 0.6671796441078186, 1.3022719621658325, 0.7301200032234192, 0.7716292142868042, 1.3540176153182983, 1.1971288919448853, 0.6956648826599121, 1.4804900884628296, 0.6197084784507751, 0.6370142698287964, 0.5187772512435913, 0.5437818169593811, 0.5142585039138794], "time_taken": 722.4656388759613, "bit_accuracy": 0.8}