{"n_front_dense_FE": 2, "n_front_dense_PE": 2, "n_front_dense_RxDec": 2, "state_width": 8, "n_epochs": 40, "n_additional_epochs": 20, "CFO_coef": 1, "SNR": 5, "J_list": [2.7726857662200928, 2.777918577194214, 2.776340961456299, 2.7932653427124023, 2.7647864818573, 2.7590854167938232, 2.7636046409606934, 2.7851920127868652, 2.763179302215576, 2.719219923019409, 2.703252077102661, 2.71238374710083, 2.7504730224609375, 2.6146373748779297, 2.5125489234924316, 2.352465867996216, 2.3043406009674072, 2.6761205196380615, 2.5116190910339355, 2.09546160697937, 2.344965696334839, 2.211879253387451, 2.0514092445373535, 2.117297887802124, 2.024876356124878, 2.0414834022521973, 1.9024654626846313, 1.8165462017059326, 1.846698522567749, 1.559258222579956, 1.515256643295288, 1.237744927406311, 1.447006106376648, 1.2275922298431396, 1.314111351966858, 1.5429203510284424, 1.4737958908081055, 1.0558319091796875, 1.1054455041885376, 1.115296483039856, 1.2870556116104126, 1.0776293277740479, 1.6463978290557861, 0.8602768182754517, 1.0427868366241455, 0.8889220952987671, 1.377751350402832, 0.8720857501029968, 2.631706953048706, 0.7298930883407593, 0.7564803957939148, 0.8486445546150208, 0.8070996403694153, 0.7501150369644165, 0.7441736459732056, 0.737372875213623, 0.9715667963027954, 0.686745285987854, 0.705164909362793, 0.7635135650634766], "time_taken": 704.2691466808319, "bit_accuracy": 0.834375}