{"n_front_dense_FE": 2, "n_front_dense_PE": 2, "n_front_dense_RxDec": 2, "state_width": 8, "n_epochs": 40, "n_additional_epochs": 20, "CFO_coef": 1, "SNR": 4, "J_list": [2.7725934982299805, 2.7839484214782715, 2.809843063354492, 2.7719597816467285, 2.7825489044189453, 2.7674152851104736, 2.768169403076172, 2.7636830806732178, 2.7414393424987793, 2.747424602508545, 2.6729094982147217, 2.6299407482147217, 2.542879819869995, 2.408505916595459, 2.6417243480682373, 2.405860424041748, 2.4203619956970215, 2.49489164352417, 2.2892279624938965, 2.354581594467163, 2.0381038188934326, 1.8933693170547485, 2.6344172954559326, 1.8664312362670898, 1.7877814769744873, 1.9907375574111938, 1.5931107997894287, 1.5243442058563232, 1.9290813207626343, 1.6599013805389404, 1.2525317668914795, 1.3245843648910522, 2.0838615894317627, 1.4839575290679932, 1.1440489292144775, 1.3767763376235962, 1.2136846780776978, 1.0065032243728638, 1.226186990737915, 1.5380032062530518, 0.9040921926498413, 0.8759635090827942, 0.7436952590942383, 0.8938719630241394, 0.746533215045929, 0.7585312724113464, 1.324791669845581, 1.5267776250839233, 0.721407949924469, 0.6836084127426147, 1.390551209449768, 0.7169220447540283, 0.643380343914032, 0.6973168849945068, 0.6217778325080872, 0.6043596267700195, 0.6301363110542297, 1.7178828716278076, 0.6408302783966064, 0.6047185063362122], "time_taken": 708.8235511779785, "bit_accuracy": 0.85}