{"n_front_dense_FE": 4, "n_front_dense_PE": 2, "n_front_dense_RxDec": 1, "state_width": 8, "n_epochs": 2, "J_list": [2.7724554538726807, 2.776010036468506], "time_taken": 9.879897594451904}