{"n_front_dense_FE": 4, "n_front_dense_PE": 8, "n_front_dense_RxDec": 8, "state_width": 8, "n_epochs": 2, "J_list": [2.7726001739501953, 2.775773286819458], "time_taken": 18.929723262786865}