{"n_front_dense_FE": 8, "n_front_dense_PE": 2, "n_front_dense_RxDec": 8, "state_width": 8, "n_epochs": 2, "J_list": [2.7725930213928223, 2.7722880840301514], "time_taken": 14.399775505065918}