{"n_front_dense_FE": 4, "n_front_dense_PE": 2, "n_front_dense_RxDec": 8, "state_width": 8, "n_epochs": 2, "J_list": [2.772630214691162, 2.780980348587036], "time_taken": 13.669631481170654}