{"n_front_dense_FE": 2, "n_front_dense_PE": 8, "n_front_dense_RxDec": 1, "state_width": 8, "n_epochs": 2, "J_list": [2.7725119590759277, 2.7687747478485107], "time_taken": 11.949859857559204}