{"n_front_dense_FE": 2, "n_front_dense_PE": 2, "n_front_dense_RxDec": 1, "state_width": 8, "n_epochs": 2, "J_list": [2.772549867630005, 2.7740285396575928], "time_taken": 8.425112962722778}