{"n_front_dense_FE": 2, "n_front_dense_PE": 2, "n_front_dense_RxDec": 4, "state_width": 8, "n_epochs": 2, "J_list": [2.7725830078125, 2.809298038482666], "time_taken": 10.095909357070923}