{"n_front_dense_FE": 8, "n_front_dense_PE": 8, "n_front_dense_RxDec": 8, "state_width": 8, "n_epochs": 2, "J_list": [2.772587537765503, 2.773890256881714], "time_taken": 16.63973593711853}