{"n_front_dense_FE": 8, "n_front_dense_PE": 2, "n_front_dense_RxDec": 4, "state_width": 8, "n_epochs": 2, "J_list": [2.7724947929382324, 2.789118766784668], "time_taken": 12.549094676971436}