{"n_front_dense_FE": 4, "n_front_dense_PE": 2, "n_front_dense_RxDec": 2, "state_width": 8, "n_epochs": 2, "J_list": [2.772528886795044, 2.777496814727783], "time_taken": 10.489677906036377}