{"n_front_dense_FE": 4, "n_front_dense_PE": 8, "n_front_dense_RxDec": 4, "state_width": 8, "n_epochs": 2, "J_list": [2.7726807594299316, 2.787041187286377], "time_taken": 14.304905652999878}