{"n_front_dense_FE": 4, "n_front_dense_PE": 2, "n_front_dense_RxDec": 4, "state_width": 8, "n_epochs": 2, "J_list": [2.772864818572998, 2.773303508758545], "time_taken": 10.879770994186401}