{"n_front_dense_FE": 2, "n_front_dense_PE": 2, "n_front_dense_RxDec": 2, "state_width": 8, "n_epochs": 100, "n_additional_epochs": 40, "CFO_coef": 1, "SNR": 3, "J_list": [2.7723870277404785, 2.785722017288208, 2.764488935470581, 2.8140485286712646, 2.781127452850342, 2.7698445320129395, 2.779399871826172, 2.763309955596924, 2.7593581676483154, 2.7359414100646973, 2.723233938217163, 2.71562123298645, 2.567399263381958, 2.4977355003356934, 2.4082963466644287, 2.6997733116149902, 2.2879674434661865, 2.1342613697052, 1.9998133182525635, 1.8920990228652954, 2.1198222637176514, 1.7864784002304077, 1.881736397743225, 1.6964702606201172, 2.091233491897583, 1.4341877698898315, 2.871217727661133, 1.5054844617843628, 1.6907765865325928, 1.3822290897369385, 1.359222650527954, 1.351222038269043, 1.2104616165161133, 1.1569284200668335, 1.042776107788086, 0.9860780835151672, 1.7769839763641357, 1.2850862741470337, 0.8208160400390625, 0.8373004198074341, 0.8358275294303894, 2.1526999473571777, 1.2378566265106201, 1.582786202430725, 1.073284387588501, 2.2772574424743652, 1.1493148803710938, 1.0508071184158325, 0.8114848136901855, 0.8436113595962524, 0.9509463310241699, 1.7800979614257812, 1.074180006980896, 0.9695669412612915, 1.2494912147521973, 0.8347584009170532, 1.0392177104949951, 0.9804298281669617, 0.7208460569381714, 0.6293763518333435, 0.6568390130996704, 0.5301229357719421, 0.6772083044052124, 0.5138649940490723, 0.4988030791282654, 0.9810550808906555, 0.49723225831985474, 0.4181605279445648, 0.4388207495212555, 0.44269904494285583, 0.4680926203727722, 1.3241595029830933, 0.9563497304916382, 0.9804379343986511, 0.5997847318649292, 0.4478701651096344, 0.48357725143432617, 0.47943514585494995, 4.105776309967041, 0.3837555944919586, 0.7293325066566467, 1.6230781078338623, 0.9783231616020203, 0.5189856290817261, 0.6140556931495667, 0.7406538128852844, 0.6217881441116333, 0.5287312269210815, 0.4139193892478943, 0.6683186292648315, 0.3253328204154968, 0.6049138307571411, 0.3453109860420227, 0.3224868178367615, 0.32754263281822205, 0.4820467531681061, 0.2310585230588913, 0.14687871932983398, 0.16507188975811005, 0.2177470177412033, 0.0924929678440094, 1.0175896883010864, 0.17982633411884308, 0.11660083383321762, 0.10481557995080948, 0.12073297798633575, 0.38513341546058655, 0.15292009711265564, 0.14238238334655762, 0.5310001969337463, 0.09273286908864975, 0.10040935128927231, 0.139034703373909, 0.7910074591636658, 0.1111963763833046, 0.08027973026037216, 0.32655978202819824, 0.6430510878562927, 0.6051215529441833, 0.472553014755249], "time_taken": 972.7299025058746, "bit_accuracy": 0.9190625000000001}