{"n_front_dense_FE": 2, "n_front_dense_PE": 2, "n_front_dense_RxDec": 2, "state_width": 8, "n_epochs": 100, "n_additional_epochs": 40, "CFO_coef": 1, "SNR": 13, "J_list": [2.773000717163086, 2.8010752201080322, 2.768461227416992, 2.7811756134033203, 2.7820892333984375, 2.7813820838928223, 2.7719123363494873, 2.764127254486084, 2.7459778785705566, 2.7506418228149414, 2.6741955280303955, 2.6138463020324707, 2.5116448402404785, 2.4702858924865723, 2.303253173828125, 2.6676201820373535, 2.07224702835083, 2.173784017562866, 2.1377949714660645, 1.951467514038086, 2.6747734546661377, 2.0198047161102295, 1.8893665075302124, 1.9957586526870728, 1.7866367101669312, 2.0512008666992188, 1.7089054584503174, 1.7085802555084229, 1.6395717859268188, 1.4402210712432861, 1.449999213218689, 1.347386360168457, 1.8189960718154907, 1.23002290725708, 1.1000381708145142, 1.121943712234497, 1.039467453956604, 1.0414743423461914, 0.9489138722419739, 0.7888549566268921, 0.9419214129447937, 0.5931514501571655, 0.9890239834785461, 0.6751850843429565, 0.9509893655776978, 1.1292686462402344, 2.6477596759796143, 0.7618341445922852, 0.63783860206604, 0.7554380297660828, 0.899084210395813, 0.7242316007614136, 0.6025384664535522, 1.267271876335144, 1.1277822256088257, 1.6710952520370483, 1.1242924928665161, 0.659337043762207, 0.6528270840644836, 0.5836197137832642, 0.6118881106376648, 0.5330145955085754, 0.5488945841789246, 2.3420326709747314, 0.585654616355896, 0.7563802003860474, 0.6451101303100586, 0.50985187292099, 1.378700852394104, 0.5807011127471924, 0.6793025135993958, 0.5464640855789185, 0.5652915835380554, 0.4128236770629883, 0.4315323829650879, 0.7375906109809875, 0.5792425870895386, 0.6069002747535706, 0.731128990650177, 0.33633214235305786, 0.4232880473136902, 0.5703614354133606, 0.6946824193000793, 0.6030014753341675, 0.34239378571510315, 0.4219053387641907, 0.25448521971702576, 0.6199641227722168, 0.35042521357536316, 0.34762945771217346, 0.47815951704978943, 0.40968650579452515, 0.14254070818424225, 0.1328641027212143, 0.3259243667125702, 0.42506900429725647, 0.1733192503452301, 0.14409410953521729, 0.17075666785240173, 0.14292818307876587, 0.12151017040014267, 0.1112215518951416, 0.07306911051273346, 0.11395338922739029, 0.2017841339111328, 0.14577634632587433, 0.12486759573221207, 0.12033212184906006, 0.0916302353143692, 0.07822023332118988, 0.2984907627105713, 0.09175939112901688, 0.09319675713777542, 0.10905180126428604, 0.3108755946159363, 0.09099046140909195, 0.3357844650745392, 0.21271738409996033, 0.10263500362634659, 0.10979442298412323], "time_taken": 800.9707078933716, "bit_accuracy": 0.9171875}