{"n_front_dense_FE": 2, "n_front_dense_PE": 2, "n_front_dense_RxDec": 2, "state_width": 8, "n_epochs": 100, "n_additional_epochs": 40, "CFO_coef": 1, "SNR": 6, "J_list": [2.7730228900909424, 2.7721621990203857, 2.7789297103881836, 2.7764735221862793, 2.7335739135742188, 2.7749013900756836, 2.6702334880828857, 2.6488542556762695, 2.5515379905700684, 2.5524697303771973, 2.1953799724578857, 2.132153034210205, 2.214797019958496, 1.7854139804840088, 2.050508975982666, 1.8687629699707031, 2.0321030616760254, 1.9860252141952515, 1.6120567321777344, 1.544629693031311, 1.571401834487915, 1.5611854791641235, 1.5418370962142944, 1.3237378597259521, 1.385324239730835, 1.3240019083023071, 1.2115232944488525, 1.3602697849273682, 0.9908427000045776, 1.057766079902649, 2.2066028118133545, 1.3668814897537231, 1.5429880619049072, 1.2329922914505005, 1.1919801235198975, 1.539963960647583, 1.1321094036102295, 1.0313565731048584, 1.6855554580688477, 1.7842292785644531, 2.265655279159546, 1.0059551000595093, 0.9891548156738281, 1.1612327098846436, 0.9370347857475281, 1.0071183443069458, 0.997136116027832, 0.8034694790840149, 0.6466575860977173, 0.7293456792831421, 1.131777048110962, 1.7837775945663452, 0.9470728635787964, 1.1073368787765503, 1.5323951244354248, 0.8112144470214844, 0.5600074529647827, 0.8820654153823853, 0.8307108879089355, 0.6078635454177856, 0.9643613696098328, 0.9012547731399536, 0.47224339842796326, 0.5200368762016296, 0.7702447772026062, 0.3777647912502289, 0.5709618330001831, 0.2903701364994049, 0.1614471971988678, 0.5664092898368835, 0.32365232706069946, 0.28960785269737244, 0.23816367983818054, 0.23411031067371368, 0.3326270580291748, 0.3084535598754883, 0.1335139274597168, 0.47383785247802734, 1.8711721897125244, 1.4704943895339966, 1.0692312717437744, 0.5348395705223083, 0.4575919210910797, 0.37563568353652954, 0.4931701123714447, 0.5688783526420593, 0.4322482943534851, 0.5559407472610474, 0.47543415427207947, 0.48153477907180786, 0.529780387878418, 0.528968334197998, 0.5761532783508301, 0.4099750518798828, 0.2607049345970154, 0.27248093485832214, 0.6575196981430054, 0.23952820897102356, 0.3452836871147156, 0.21040837466716766, 0.14583976566791534, 0.13591423630714417, 0.12626612186431885, 0.17068976163864136, 0.1812346875667572, 0.12647676467895508, 0.13915887475013733, 0.10445073992013931, 0.13455899059772491, 0.2567168176174164, 0.31922847032546997, 0.16148342192173004, 0.11241824924945831, 0.1442754864692688, 0.10324351489543915, 0.1268061250448227, 0.14473310112953186, 0.13175202906131744, 0.12701669335365295, 0.1168752908706665], "time_taken": 928.5392961502075, "bit_accuracy": 0.9349999999999999}