{"n_front_dense_FE": 2, "n_front_dense_PE": 2, "n_front_dense_RxDec": 2, "state_width": 2, "n_epochs": 100, "n_additional_epochs": 10, "CFO_coef": 0, "SNR": 6, "J_list": [2.7724204063415527, 2.754124402999878, 2.598748207092285, 2.351428270339966, 2.5099549293518066, 2.1560988426208496, 1.8845828771591187, 1.750982642173767, 1.5889755487442017, 1.4357916116714478, 1.1657004356384277, 1.1157848834991455, 0.9767112731933594, 0.8796955347061157, 0.838309109210968, 0.6729850172996521, 0.5389803647994995, 0.5023486614227295, 0.46464666724205017, 0.2758992910385132, 0.2935928404331207, 0.39196109771728516, 0.2663631737232208, 0.19540764391422272, 0.23002567887306213, 0.23792538046836853, 0.09084786474704742, 0.1386573612689972, 0.1202203780412674, 0.1176467165350914, 0.053273119032382965, 0.06496987491846085, 0.047431450337171555, 0.045897554606199265, 0.030805375427007675, 0.03807384893298149, 0.050249963998794556, 0.048321474343538284, 0.03071006014943123, 0.06374238431453705, 0.027917975559830666, 0.04036162048578262, 0.07673059403896332, 0.015254962258040905, 0.16364315152168274, 0.02410804107785225, 0.162391796708107, 0.035102568566799164, 0.1978745460510254, 0.040410954505205154, 0.022803280502557755, 0.05515366047620773, 0.03950446844100952, 0.03986410051584244, 0.04257449507713318, 0.02887389436364174, 0.016876937821507454, 0.033486805856227875, 0.02026839554309845, 0.011266876943409443, 0.02454625628888607, 0.021276498213410378, 0.009467867203056812, 0.04432746022939682, 0.01738753542304039, 0.06031249836087227, 0.010836307890713215, 0.05262070149183273, 0.030429739505052567, 0.44251376390457153, 1.5191600322723389, 0.6095291972160339, 0.1023632287979126, 1.61981201171875, 0.16179311275482178, 0.3194345533847809, 0.7001891136169434, 0.33041977882385254, 2.5282645225524902, 0.1636054962873459, 0.590848445892334, 0.325587660074234, 0.2388942986726761, 0.17430952191352844, 0.26040133833885193, 0.11951184272766113, 0.0751892626285553, 0.06376936286687851, 0.09081418812274933, 0.04734475165605545, 0.09848352521657944, 0.0789174884557724, 0.09436239302158356, 0.19080743193626404, 0.25497037172317505, 0.19580884277820587, 0.3889743387699127, 0.11105889081954956, 0.10027658939361572, 0.033339399844408035, 0.016779301688075066, 0.030769770964980125, 0.012470688670873642, 0.006382764782756567, 0.007502658758312464, 0.005959555972367525, 0.014971844851970673, 0.015900565311312675, 0.004179990850389004, 0.010870836675167084], "time_taken": 698.5420024394989, "bit_accuracy": 0.9875}