{"n_front_dense_FE": 2, "n_front_dense_PE": 2, "n_front_dense_RxDec": 2, "state_width": 2, "n_epochs": 100, "n_additional_epochs": 10, "CFO_coef": 0, "SNR": 10, "J_list": [2.772580623626709, 2.7781805992126465, 2.6989009380340576, 2.516636371612549, 2.249056339263916, 1.948265790939331, 1.8442752361297607, 1.7188384532928467, 1.4604923725128174, 1.2775367498397827, 1.3541383743286133, 1.1393829584121704, 1.0523303747177124, 0.8577292561531067, 0.88221275806427, 0.8032605051994324, 0.6720288395881653, 0.6005805730819702, 0.48914727568626404, 0.3937187194824219, 0.3492724895477295, 0.25348034501075745, 0.24032863974571228, 0.1232091560959816, 0.09725933521986008, 0.07106897234916687, 0.07179740071296692, 0.03854798525571823, 0.0448201484978199, 0.033795617520809174, 0.055553536862134933, 0.011819621548056602, 0.01537410169839859, 0.011704268865287304, 0.016013067215681076, 0.010011355392634869, 0.025332296267151833, 0.017175761982798576, 0.1179664358496666, 0.03169542923569679, 0.007042250130325556, 0.0137530118227005, 0.015195352956652641, 0.03147195652127266, 0.02638714574277401, 0.010054359212517738, 0.023841436952352524, 0.005085090175271034, 0.013035958632826805, 0.027615036815404892, 0.00953595619648695, 0.013806325383484364, 0.0400555320084095, 0.0368020161986351, 0.0376807264983654, 0.0305913295596838, 0.03208519518375397, 0.05691763758659363, 0.05559725686907768, 0.06183964014053345, 0.05374490097165108, 0.00993551779538393, 0.05869579315185547, 0.03567825257778168, 0.16174548864364624, 0.030776064842939377, 0.21767933666706085, 0.10483817756175995, 0.019992271438241005, 0.11805599927902222, 0.3979344964027405, 0.38254064321517944, 0.4652946889400482, 0.5919089913368225, 0.4494048058986664, 1.5180027484893799, 0.7100316286087036, 0.9683494567871094, 0.3616402745246887, 1.05556321144104, 0.39707648754119873, 0.24892738461494446, 0.22106261551380157, 0.09778515994548798, 0.20871420204639435, 0.20391897857189178, 0.1078619509935379, 0.20713666081428528, 0.08396969735622406, 0.1520593911409378, 0.08173872530460358, 0.03716784715652466, 0.08353986591100693, 0.01913594827055931, 0.03045273944735527, 0.029463399201631546, 0.014009748585522175, 0.020309090614318848, 0.01627545990049839, 0.00910595990717411, 0.008746105246245861, 0.00459642056375742, 0.004736877046525478, 0.003184158354997635, 0.0016296101966872811, 0.006754991598427296, 0.0015565443318337202, 0.0030731346923857927, 0.005427945405244827, 0.000596381607465446], "time_taken": 628.8898329734802, "bit_accuracy": 1.0}