{"n_front_dense_FE": 2, "n_front_dense_PE": 2, "n_front_dense_RxDec": 2, "state_width": 2, "n_epochs": 100, "n_additional_epochs": 10, "CFO_coef": 0, "SNR": 6, "J_list": [2.773275375366211, 2.772653102874756, 2.68416166305542, 2.3989498615264893, 2.373246431350708, 2.2456672191619873, 2.08215069770813, 1.9482609033584595, 1.8296512365341187, 1.640695571899414, 1.5741136074066162, 1.4083051681518555, 1.2190179824829102, 1.1685539484024048, 1.0033947229385376, 0.9694741368293762, 0.9431144595146179, 0.807103157043457, 0.752519965171814, 0.5592138171195984, 0.5329009294509888, 0.444323867559433, 0.39286839962005615, 0.39493051171302795, 0.35535869002342224, 0.42783480882644653, 0.20480947196483612, 0.3884150981903076, 0.3325522541999817, 0.2902969717979431, 0.2158401757478714, 0.22846153378486633, 0.2591886520385742, 0.08668579906225204, 0.11857262998819351, 0.2986692786216736, 0.08110889047384262, 0.19320817291736603, 0.13686144351959229, 0.10601767152547836, 0.10748249292373657, 0.1203925609588623, 0.051994867622852325, 0.04173273220658302, 0.04711379483342171, 0.04466722160577774, 0.024052347987890244, 0.040197305381298065, 0.038974594324827194, 0.010378132574260235, 0.01532561145722866, 0.04832076653838158, 0.023115281015634537, 0.03476681932806969, 0.014424976892769337, 0.024891654029488564, 0.013477122411131859, 0.009808403439819813, 0.04162813723087311, 0.033249109983444214, 0.007511512842029333, 0.028266096487641335, 0.0067370436154305935, 0.0032241225708276033, 0.003418362233787775, 0.0035313069820404053, 0.011541802436113358, 0.010936418548226357, 0.011402471922338009, 0.01013525202870369, 0.0028694309294223785, 0.008797366172075272, 0.0038329095114022493, 0.003987242933362722, 0.0051488373428583145, 0.004516685847193003, 0.03993610665202141, 0.0021905109751969576, 0.005715667270123959, 0.006414766423404217, 0.016109229996800423, 0.005479438696056604, 0.01481672190129757, 0.00347820739261806, 0.011741137132048607, 0.002391001209616661, 0.04447556287050247, 0.019131803885102272, 0.010292061604559422, 0.0057905991561710835, 0.017576921731233597, 0.0035373668652027845, 0.0024935598485171795, 0.002778557362034917, 0.006364320404827595, 0.010528197512030602, 0.005646436475217342, 0.0029964616987854242, 0.0015201170463114977, 0.001309331739321351, 0.0010496035683900118, 0.0006430725334212184, 0.0077634090557694435, 0.0002670455724000931, 0.0002520077396184206, 0.00044239117414690554, 0.00025130645371973515, 0.0006082536419853568, 0.0006795686786063015, 0.0006310184835456312], "time_taken": 854.6153860092163, "bit_accuracy": 1.0}