{"n_front_dense_FE": 2, "n_front_dense_PE": 2, "n_front_dense_RxDec": 2, "state_width": 0, "n_epochs": 100, "n_additional_epochs": 10, "CFO_coef": 0, "SNR": 10, "J_list": [2.7725894451141357, 2.771756887435913, 2.771658420562744, 2.771000385284424, 2.7697184085845947, 2.7737367153167725, 2.7748641967773438, 2.771181106567383, 2.7717068195343018, 2.774306058883667, 2.7771453857421875, 2.772631883621216, 2.774125814437866, 2.7743334770202637, 2.7716774940490723, 2.772029161453247, 2.770697593688965, 2.775373697280884, 2.7768893241882324, 2.7728090286254883, 2.7767493724823, 2.7760043144226074, 2.771630048751831, 2.7733230590820312, 2.777419328689575, 2.772029399871826, 2.7721142768859863, 2.771820545196533, 2.780221462249756, 2.7743191719055176, 2.771570920944214, 2.7740156650543213, 2.7721424102783203, 2.7746100425720215, 2.7741971015930176, 2.7744545936584473, 2.773777484893799, 2.7725093364715576, 2.771862745285034, 2.7718563079833984, 2.773395299911499, 2.7732632160186768, 2.772747755050659, 2.774168014526367, 2.7763843536376953, 2.771160840988159, 2.7732491493225098, 2.775430679321289, 2.777155637741089, 2.7724785804748535, 2.7756118774414062, 2.7736542224884033, 2.7749218940734863, 2.7721455097198486, 2.7723565101623535, 2.7722129821777344, 2.7729010581970215, 2.772860288619995, 2.7720937728881836, 2.7709953784942627, 2.771901845932007, 2.7695515155792236, 2.7739603519439697, 2.773747682571411, 2.77329683303833, 2.7739105224609375, 2.776271104812622, 2.773059129714966, 2.7732579708099365, 2.7738468647003174, 2.772878646850586, 2.77687931060791, 2.7728347778320312, 2.774815559387207, 2.774806261062622, 2.771695137023926, 2.7718665599823, 2.771974563598633, 2.7707438468933105, 2.7728536128997803, 2.772675037384033, 2.7734856605529785, 2.772700786590576, 2.7746686935424805, 2.7723495960235596, 2.7718214988708496, 2.7726645469665527, 2.774733543395996, 2.7729363441467285, 2.770108699798584, 2.772357940673828, 2.7738006114959717, 2.7704837322235107, 2.774550199508667, 2.7733447551727295, 2.774221897125244, 2.7716445922851562, 2.7709574699401855, 2.7741456031799316, 2.772124767303467, 2.7745985984802246, 2.7714624404907227, 2.7739827632904053, 2.7724623680114746, 2.77429461479187, 2.772341251373291, 2.77465558052063, 2.774749279022217, 2.770923614501953, 2.770963668823242], "time_taken": 838.2352468967438, "bit_accuracy": 0.040625}