{"n_front_dense_FE": 2, "n_front_dense_PE": 2, "n_front_dense_RxDec": 2, "state_width": 2, "n_epochs": 100, "n_additional_epochs": 10, "CFO_coef": 0, "SNR": 10, "J_list": [2.7717578411102295, 2.7101383209228516, 2.5269827842712402, 2.1603314876556396, 2.3300271034240723, 2.040520668029785, 1.6365649700164795, 1.6369050741195679, 1.5409953594207764, 1.293147325515747, 1.1900125741958618, 1.1448663473129272, 1.0898926258087158, 1.0214534997940063, 0.8590109944343567, 0.8022281527519226, 0.7868438959121704, 0.6629454493522644, 0.5861658453941345, 0.49402961134910583, 0.3972419202327728, 0.3968812823295593, 0.34374457597732544, 0.2417360246181488, 0.2565179467201233, 0.20192043483257294, 0.2041531503200531, 0.12607166171073914, 0.12998704612255096, 0.11608638614416122, 0.06625621020793915, 0.07721804827451706, 0.04777640849351883, 0.04342466965317726, 0.04710812866687775, 0.03401969373226166, 0.0230438020080328, 0.011074273847043514, 0.010277864523231983, 0.014984798617661, 0.010047240182757378, 0.007950371131300926, 0.005328021012246609, 0.004076334647834301, 0.006752760615199804, 0.003624571021646261, 0.003146449802443385, 0.0032865244429558516, 0.0032811195123940706, 0.003412259742617607, 0.0027783848345279694, 0.002756744157522917, 0.0023920522071421146, 0.0015073653776198626, 0.0009974431013688445, 0.0007605410064570606, 0.0007689890335313976, 0.0009232644224539399, 0.0010375534184277058, 0.0009009214118123055, 0.0011541297426447272, 0.000779828813392669, 0.0005255413707345724, 0.0007791087264195085, 0.0005306837847456336, 0.0003901858872268349, 0.0004175338544882834, 0.0004758842696901411, 0.0005285299848765135, 0.0004304923058953136, 0.00040233629988506436, 0.00030718647758476436, 0.0003435175458434969, 0.0004057438636664301, 0.00026529975002631545, 0.0002941798302344978, 0.0002067062014248222, 0.00022176998027134687, 0.00018621140043251216, 0.00022381362214218825, 0.0002129058848368004, 0.00018344323325436562, 0.0001257688709301874, 0.0001752387615852058, 0.00014862502575851977, 0.00019011422409676015, 0.00016057603352237493, 0.00023359758779406548, 0.0001669915218371898, 0.000130953048937954, 0.00014788834960199893, 0.00017623808525968343, 0.00012313120532780886, 0.00011818052735179663, 0.00015374952636193484, 0.00014137492689769715, 0.0001449978444725275, 0.0001469876733608544, 0.0001010201740427874, 0.00010843381460290402, 0.00011172706581419334, 0.00013733605737797916, 0.0001238159602507949, 0.00010950565047096461, 0.00010123222455149516, 0.00012283366231713444, 8.556052489439026e-05, 0.00010963289241772145, 5.8202596846967936e-05, 5.233105184743181e-05], "time_taken": 1006.9870753288269, "bit_accuracy": 1.0}