{"n_front_dense_FE": 2, "n_front_dense_PE": 2, "n_front_dense_RxDec": 2, "state_width": 2, "n_epochs": 100, "n_additional_epochs": 10, "CFO_coef": 0, "SNR": 6, "J_list": [2.772961139678955, 2.788686513900757, 2.7308285236358643, 2.5991930961608887, 2.3426623344421387, 2.2410154342651367, 2.2830650806427, 2.2596709728240967, 2.048131227493286, 2.0061793327331543, 1.9430530071258545, 1.7857859134674072, 1.7540395259857178, 1.5521953105926514, 1.4181711673736572, 1.2299163341522217, 1.2010986804962158, 1.1051241159439087, 0.9629529714584351, 0.926510214805603, 0.8104084134101868, 0.679015040397644, 0.6748901009559631, 0.5737950205802917, 0.6119873523712158, 0.5502786040306091, 0.4579133093357086, 0.47963839769363403, 0.4398277699947357, 0.366394579410553, 0.3475525975227356, 0.33092182874679565, 0.25565090775489807, 0.23533420264720917, 0.19417139887809753, 0.1332903802394867, 0.12225930392742157, 0.1086597666144371, 0.04653346538543701, 0.061378877609968185, 0.037727952003479004, 0.05709857866168022, 0.027617167681455612, 0.03404973819851875, 0.05992738530039787, 0.024188894778490067, 0.019576210528612137, 0.030259156599640846, 0.04487057775259018, 0.012602468021214008, 0.00939827598631382, 0.026724878698587418, 0.024944603443145752, 0.015369342640042305, 0.006566563155502081, 0.014497211202979088, 0.009734676219522953, 0.04697269946336746, 0.032207537442445755, 0.014492610469460487, 0.021540217101573944, 0.0415068194270134, 0.008160406723618507, 0.016430994495749474, 0.021817650645971298, 0.12270419299602509, 1.30751371383667, 1.6586860418319702, 0.02692725695669651, 0.7196165919303894, 0.130925253033638, 0.2779628336429596, 0.39249610900878906, 0.06511038541793823, 0.20876851677894592, 0.8420405387878418, 0.9796613454818726, 0.3123544752597809, 0.3651490807533264, 0.16003860533237457, 0.18986275792121887, 0.10574738681316376, 0.4356432557106018, 0.18489310145378113, 0.1453476846218109, 0.047683604061603546, 0.12348067760467529, 0.06080629676580429, 0.12414558976888657, 0.20868602395057678, 0.08977994322776794, 0.03723974898457527, 0.040030136704444885, 0.06878776103258133, 0.04420917481184006, 0.05135281756520271, 0.047182582318782806, 0.03872008994221687, 0.03143391013145447, 0.04804716259241104, 0.026187801733613014, 0.007925872690975666, 0.004908702336251736, 0.007539012935012579, 0.008369596675038338, 0.005706683732569218, 0.005246906541287899, 0.009539191611111164, 0.004277985543012619, 0.029339957982301712], "time_taken": 603.6589667797089, "bit_accuracy": 1.0}