{"n_front_dense_FE": 2, "n_front_dense_PE": 2, "n_front_dense_RxDec": 2, "state_width": 2, "n_epochs": 100, "n_additional_epochs": 10, "CFO_coef": 0, "SNR": 6, "J_list": [2.7730140686035156, 2.784081220626831, 2.733875274658203, 2.6166698932647705, 2.335580825805664, 2.055878162384033, 1.7180885076522827, 1.8158553838729858, 1.5858060121536255, 1.535254716873169, 1.4537105560302734, 1.2438573837280273, 1.2167956829071045, 1.0609183311462402, 1.0563044548034668, 0.8692296743392944, 0.8267626762390137, 0.7626523971557617, 0.7234969139099121, 0.6594438552856445, 0.599290132522583, 0.5864303708076477, 0.4490223526954651, 0.4594132900238037, 0.36873751878738403, 0.3046446144580841, 0.27590712904930115, 0.20714958012104034, 0.17010514438152313, 0.1843426376581192, 0.14738480746746063, 0.11051398515701294, 0.10419054329395294, 0.06202911585569382, 0.029664695262908936, 0.05078967660665512, 0.04529822990298271, 0.0371338427066803, 0.015594085678458214, 0.024144787341356277, 0.031422752887010574, 0.017694324254989624, 0.015367922373116016, 0.012917518615722656, 0.006275509484112263, 0.008974285796284676, 0.003852464258670807, 0.005872657988220453, 0.00720344390720129, 0.002831326797604561, 0.004986025393009186, 0.039192650467157364, 0.0028447469230741262, 0.002161020878702402, 0.003339923918247223, 0.00661884993314743, 0.002004107926040888, 0.02046803943812847, 0.0012181672500446439, 0.0010433228453621268, 0.007750211749225855, 0.02904229797422886, 0.00258558033965528, 0.006201066542416811, 0.0008675808203406632, 0.0021345645654946566, 0.009618936106562614, 0.001799022196792066, 0.0012241933727636933, 0.003391030477359891, 0.002529735444113612, 0.002777243498712778, 0.007666893303394318, 0.0009759899112395942, 0.0028608213178813457, 0.00099942518863827, 0.0015525214839726686, 0.0008699893951416016, 0.0015900947619229555, 0.0009748839074745774, 0.0026449705474078655, 0.018522080034017563, 0.002201105933636427, 0.005732611287385225, 0.000439496710896492, 0.0008785271202214062, 0.000943540595471859, 0.0048071881756186485, 0.0011722652707248926, 0.001390323624946177, 0.012729142792522907, 0.000679262331686914, 0.0006428697961382568, 0.0005733161233365536, 0.0010545924305915833, 0.0028768745250999928, 0.00035521978861652315, 0.0007729961653240025, 0.0012918284628540277, 0.0018616963643580675, 0.0010146882850676775, 0.0010969856521114707, 0.0010919831693172455, 0.006642249412834644, 0.00023238561698235571, 0.0014809475978836417, 0.00047767936484888196, 0.0013656459050253034, 0.0009599764016456902, 0.00028076363378204405], "time_taken": 592.2046082019806, "bit_accuracy": 1.0}