{"n_front_dense_FE": 2, "n_front_dense_PE": 2, "n_front_dense_RxDec": 2, "state_width": 8, "n_epochs": 100, "n_additional_epochs": 10, "CFO_coef": 0, "SNR": 10, "J_list": [2.772489547729492, 2.7614691257476807, 2.7430357933044434, 2.5858027935028076, 2.373312473297119, 2.0333874225616455, 1.6205434799194336, 1.2783467769622803, 1.1112803220748901, 1.2315596342086792, 0.6720503568649292, 0.7652222514152527, 0.6066238284111023, 0.37712734937667847, 0.3547927141189575, 0.3383479416370392, 0.22278085350990295, 0.1294724941253662, 0.07683385908603668, 0.062097854912281036, 0.06472905725240707, 0.020026162266731262, 0.012555885128676891, 0.01505416352301836, 0.013040304183959961, 0.006675658281892538, 0.007737970445305109, 0.004483576864004135, 0.006468490697443485, 0.005842107348144054, 0.00327754532918334, 0.0031533525325357914, 0.0014514324720948935, 0.0022858185693621635, 0.0014841149095445871, 0.0011852916795760393, 0.00042163379839621484, 0.0004682926810346544, 0.00036637537414208055, 0.00026832855655811727, 0.0002481083502061665, 0.0002564670576248318, 0.00045438800589181483, 0.00023555834195576608, 0.0001309166254941374, 0.00018813248607330024, 0.014135723933577538, 0.00024521612795069814, 0.00052108452655375, 0.015016612596809864, 0.015971273183822632, 0.00010083413508255035, 0.0003246110281907022, 0.0003020425792783499, 0.00885924231261015, 0.0016293091466650367, 0.0022694780491292477, 0.005848982371389866, 0.007178537547588348, 0.004252774640917778, 0.0011485816212370992, 0.006893655750900507, 0.0006442011217586696, 0.00028944198857061565, 0.0004019264015369117, 0.002840052591636777, 0.0015356920193880796, 0.001723307417705655, 0.0019329417264088988, 0.00198072986677289, 0.0028316962998360395, 0.0011412461753934622, 0.00034965836675837636, 0.0009642659570090473, 0.009831393137574196, 0.0005474364152178168, 0.0008665960049256682, 0.0022723532747477293, 0.01716998592019081, 0.0029934660997241735, 0.0018829669570550323, 0.0012514444533735514, 0.0028591472655534744, 0.02740650437772274, 0.025346551090478897, 0.07868149876594543, 0.038611672818660736, 0.14158682525157928, 0.2104531228542328, 0.2493712455034256, 0.13285784423351288, 0.0812704786658287, 0.2910591959953308, 0.33941730856895447, 0.08136077225208282, 0.01664240099489689, 0.10803345590829849, 0.012346410192549229, 0.05476492643356323, 0.22596600651741028, 0.04355589300394058, 0.007835851982235909, 0.022519610822200775, 0.013942040503025055, 0.0023148320615291595, 0.00441404664888978, 0.002109894994646311, 0.0015364227583631873, 0.0010713816154748201, 0.0010285500902682543], "time_taken": 597.3360831737518, "bit_accuracy": 1.0}