{"n_front_dense_FE": 2, "n_front_dense_PE": 2, "n_front_dense_RxDec": 2, "state_width": 0, "n_epochs": 100, "n_additional_epochs": 10, "CFO_coef": 0, "SNR": 10, "J_list": [2.7725894451141357, 2.773699998855591, 2.7735095024108887, 2.7719388008117676, 2.773286819458008, 2.7736358642578125, 2.773167133331299, 2.773287296295166, 2.7737538814544678, 2.7726826667785645, 2.769709825515747, 2.7727558612823486, 2.771371364593506, 2.775254011154175, 2.771228313446045, 2.7732739448547363, 2.770374059677124, 2.7734851837158203, 2.7728238105773926, 2.7725985050201416, 2.7727742195129395, 2.7732062339782715, 2.7759575843811035, 2.7685160636901855, 2.774122953414917, 2.7709031105041504, 2.771461009979248, 2.7790584564208984, 2.775517225265503, 2.7708709239959717, 2.7704951763153076, 2.7738444805145264, 2.772291898727417, 2.7697644233703613, 2.7754461765289307, 2.7755045890808105, 2.773987293243408, 2.7738564014434814, 2.770232677459717, 2.774770736694336, 2.7749569416046143, 2.774726390838623, 2.774139642715454, 2.770888566970825, 2.7744338512420654, 2.7700564861297607, 2.7754476070404053, 2.772775650024414, 2.7739484310150146, 2.7719991207122803, 2.77380633354187, 2.7735772132873535, 2.7726306915283203, 2.773089647293091, 2.773801326751709, 2.7742316722869873, 2.7752439975738525, 2.7735273838043213, 2.7732882499694824, 2.7736289501190186, 2.7726893424987793, 2.7722244262695312, 2.77104115486145, 2.7738595008850098, 2.772925853729248, 2.7719902992248535, 2.7714314460754395, 2.77471923828125, 2.7697367668151855, 2.775845766067505, 2.7720248699188232, 2.774015426635742, 2.7733023166656494, 2.7724289894104004, 2.774254322052002, 2.7726895809173584, 2.773636817932129, 2.773621082305908, 2.773040771484375, 2.7719223499298096, 2.7745718955993652, 2.7732276916503906, 2.769758939743042, 2.772698163986206, 2.7736048698425293, 2.7731518745422363, 2.773890733718872, 2.7707769870758057, 2.7736754417419434, 2.77329421043396, 2.773787260055542, 2.7703917026519775, 2.772608757019043, 2.7734243869781494, 2.7744579315185547, 2.775935649871826, 2.771650791168213, 2.773364305496216, 2.7716915607452393, 2.77315092086792, 2.7730884552001953, 2.7735702991485596, 2.7715163230895996, 2.7712209224700928, 2.7726809978485107, 2.772721767425537, 2.7730095386505127, 2.773237705230713, 2.77376127243042, 2.773273229598999], "time_taken": 600.7205035686493, "bit_accuracy": 0.059375}