{"n_front_dense_FE": 2, "n_front_dense_PE": 2, "n_front_dense_RxDec": 2, "state_width": 0, "n_epochs": 100, "n_additional_epochs": 10, "CFO_coef": 0, "SNR": 6, "J_list": [2.7725894451141357, 2.7725110054016113, 2.772679090499878, 2.7732033729553223, 2.773092269897461, 2.775702714920044, 2.7723076343536377, 2.7729198932647705, 2.775529384613037, 2.770825147628784, 2.7734944820404053, 2.7736427783966064, 2.7734198570251465, 2.776930332183838, 2.7751145362854004, 2.772787570953369, 2.7720680236816406, 2.7718608379364014, 2.7723135948181152, 2.7743678092956543, 2.772432327270508, 2.772320032119751, 2.771693468093872, 2.7721989154815674, 2.7698867321014404, 2.7722301483154297, 2.7750515937805176, 2.773876190185547, 2.772282123565674, 2.774224042892456, 2.7730865478515625, 2.7733826637268066, 2.775014877319336, 2.7718777656555176, 2.7760558128356934, 2.7754621505737305, 2.7744693756103516, 2.7716424465179443, 2.7713513374328613, 2.772481679916382, 2.7720513343811035, 2.7742085456848145, 2.771296977996826, 2.769791841506958, 2.775373935699463, 2.7725446224212646, 2.7754290103912354, 2.776035785675049, 2.7717790603637695, 2.7712244987487793, 2.7743325233459473, 2.775174617767334, 2.7734453678131104, 2.775278091430664, 2.772675037384033, 2.770761728286743, 2.77205228805542, 2.774064064025879, 2.7707631587982178, 2.7694742679595947, 2.7740700244903564, 2.7728962898254395, 2.771455764770508, 2.772367477416992, 2.7731740474700928, 2.7721612453460693, 2.7745957374572754, 2.7744030952453613, 2.7734248638153076, 2.77268648147583, 2.7680585384368896, 2.773130178451538, 2.772355079650879, 2.7757363319396973, 2.7721924781799316, 2.7737369537353516, 2.768057107925415, 2.7727203369140625, 2.771268844604492, 2.7728397846221924, 2.7713840007781982, 2.7720327377319336, 2.771615505218506, 2.7732620239257812, 2.7739322185516357, 2.771010637283325, 2.7697606086730957, 2.774763822555542, 2.7772858142852783, 2.7752797603607178, 2.7737221717834473, 2.777047872543335, 2.7774271965026855, 2.7720046043395996, 2.774183988571167, 2.7733001708984375, 2.7718098163604736, 2.774003267288208, 2.77601957321167, 2.772556781768799, 2.7735726833343506, 2.7724761962890625, 2.7741615772247314, 2.7740466594696045, 2.7732040882110596, 2.772550582885742, 2.7775702476501465, 2.7755954265594482, 2.7747366428375244, 2.7745769023895264], "time_taken": 598.8232815265656, "bit_accuracy": 0.071875}