{"n_front_dense_FE": 2, "n_front_dense_PE": 2, "n_front_dense_RxDec": 2, "state_width": 2, "n_epochs": 100, "n_additional_epochs": 10, "CFO_coef": 0, "SNR": 6, "J_list": [2.772639513015747, 2.7911930084228516, 2.755293607711792, 2.6532037258148193, 2.491896152496338, 2.3120603561401367, 2.1101737022399902, 2.3945188522338867, 1.8077125549316406, 1.8141895532608032, 1.5125997066497803, 1.45896315574646, 1.3537957668304443, 1.1864650249481201, 1.0443994998931885, 1.010277509689331, 0.9440493583679199, 0.8068893551826477, 0.6800798773765564, 0.6546605229377747, 0.5810015797615051, 0.4512186050415039, 0.3927844166755676, 0.3728843331336975, 0.2529832422733307, 0.21266572177410126, 0.1714811623096466, 0.13630104064941406, 0.13621588051319122, 0.10268701612949371, 0.08016557991504669, 0.046730220317840576, 0.04325706884264946, 0.06368713080883026, 0.03964817523956299, 0.024894051253795624, 0.030762797221541405, 0.025829574093222618, 0.02550964616239071, 0.018057027831673622, 0.014992615208029747, 0.010401319712400436, 0.007294712122529745, 0.014558114111423492, 0.05129707604646683, 0.07801724970340729, 0.011265470646321774, 0.12614327669143677, 0.004374505020678043, 0.4545280337333679, 0.014491492882370949, 0.098704032599926, 0.049806106835603714, 0.25960680842399597, 0.19269374012947083, 0.36131608486175537, 0.1523234099149704, 0.1328916996717453, 0.5188783407211304, 0.08351557701826096, 0.2283688336610794, 0.04900392144918442, 0.1980271339416504, 0.1774439513683319, 0.12127578258514404, 0.1856585443019867, 0.158294677734375, 0.1584496945142746, 0.19815483689308167, 0.048664309084415436, 0.19622662663459778, 0.08101721853017807, 0.1133669838309288, 0.20069408416748047, 0.046181969344615936, 0.061156678944826126, 0.056651223450899124, 0.046976327896118164, 0.02261078916490078, 0.05395941808819771, 0.027688920497894287, 0.0142935486510396, 0.039381809532642365, 0.11966042220592499, 0.10783638805150986, 0.006858267821371555, 0.020793113857507706, 0.122951939702034, 0.013874351978302002, 0.08768332749605179, 0.3490764796733856, 0.16979344189167023, 0.29037603735923767, 0.6673051714897156, 0.21609020233154297, 0.0827939510345459, 0.26456838846206665, 0.1463034451007843, 0.554820716381073, 0.06606508791446686, 0.1477498710155487, 0.03783668205142021, 0.013207832351326942, 0.006361895240843296, 0.004441149067133665, 0.0049386234022676945, 0.00868933741003275, 0.005772008094936609, 0.010452864691615105, 0.01146430242806673], "time_taken": 625.6336855888367, "bit_accuracy": 1.0}