{"n_front_dense_FE": 2, "n_front_dense_PE": 2, "n_front_dense_RxDec": 2, "state_width": 8, "n_epochs": 100, "n_additional_epochs": 10, "CFO_coef": 0, "SNR": 1, "J_list": [2.77361798286438, 2.7810962200164795, 2.6956474781036377, 2.4250242710113525, 2.0635643005371094, 3.173576831817627, 2.2798309326171875, 1.995526909828186, 1.7713167667388916, 1.622780203819275, 1.4179080724716187, 1.2952768802642822, 1.2142456769943237, 0.8964077830314636, 0.7815701365470886, 0.4982353150844574, 0.38977429270744324, 0.3118390738964081, 0.2850255072116852, 0.13933013379573822, 0.08450929820537567, 0.08539025485515594, 0.05219023674726486, 0.03389071673154831, 0.019765611737966537, 0.020154915750026703, 0.021795842796564102, 0.022570187225937843, 0.004865250084549189, 0.013025614432990551, 0.015154426917433739, 0.012203638441860676, 0.002334465039893985, 0.0026022647507488728, 0.00358421984128654, 0.0008682066691108048, 0.0008081868290901184, 0.0017921167891472578, 0.0037173747550696135, 0.0014366303803399205, 0.010187502019107342, 0.0014568669721484184, 0.00039262353675439954, 0.0027798288501799107, 0.00034066528314724565, 0.0023412597365677357, 0.0002514430379960686, 0.0007331639644689858, 0.00034735328517854214, 0.0007671943167224526, 0.00023471307940781116, 0.0003542550839483738, 0.0004413314163684845, 0.00037587538827210665, 0.00037999864434823394, 0.00028821983141824603, 0.00013827846851199865, 0.00012837567192036659, 7.97629909357056e-05, 0.00013847842637915164, 9.271559247281402e-05, 5.897172377444804e-05, 5.42536836292129e-05, 6.443345046136528e-05, 4.76220557175111e-05, 2.0587744074873626e-05, 1.8343005649512634e-05, 2.5514415028737858e-05, 1.8170952898799442e-05, 2.312966353201773e-05, 1.9844108464894816e-05, 1.536774288979359e-05, 1.3132211279298645e-05, 1.5103511032066308e-05, 1.7255191778531298e-05, 1.213010818901239e-05, 1.3731527360505424e-05, 1.6968853742582723e-05, 1.6469464753754437e-05, 2.136677721864544e-05, 1.6430210962425917e-05, 1.5977126167854294e-05, 1.2104748748242855e-05, 1.58999755512923e-05, 9.339349162473809e-06, 1.3076758477836847e-05, 1.2231457731104456e-05, 1.1806938346126117e-05, 1.567624531162437e-05, 1.9222101400373504e-05, 1.5538962543359958e-05, 1.369540586892981e-05, 1.266984054382192e-05, 1.0667231435945723e-05, 1.1712325431290083e-05, 1.431077271263348e-05, 1.1451279533503111e-05, 2.442376353428699e-05, 1.206953493237961e-05, 1.0521589501877315e-05, 8.725805855647195e-06, 6.693333943985635e-06, 3.8284292713797186e-06, 2.875898189813597e-06, 1.9743818029382965e-06, 1.47891080359841e-06, 1.3209661346991197e-06, 1.1056572475354187e-06, 9.436108712179703e-07, 4.0940895473795536e-07], "time_taken": 820.0588562488556, "bit_accuracy": 1.0}