{"n_front_dense_FE": 2, "n_front_dense_PE": 2, "n_front_dense_RxDec": 2, "state_width": 8, "n_epochs": 100, "n_additional_epochs": 10, "CFO_coef": 0, "SNR": 1, "J_list": [2.7721731662750244, 2.771304130554199, 2.653984308242798, 2.3984692096710205, 2.8072376251220703, 2.0364677906036377, 2.095149517059326, 1.7529128789901733, 1.537638545036316, 1.2923378944396973, 1.0285255908966064, 0.8792869448661804, 0.5903804898262024, 0.5028903484344482, 0.3934437334537506, 0.2793247699737549, 0.22834913432598114, 0.1285233050584793, 0.13455359637737274, 0.06911220401525497, 0.042542558163404465, 0.050307951867580414, 0.026700880378484726, 0.03262685239315033, 0.0037711046170443296, 0.014041632413864136, 0.032864559441804886, 0.09951099753379822, 0.019446855410933495, 0.03673376888036728, 0.04081108048558235, 0.045045606791973114, 0.14257819950580597, 0.04793165996670723, 0.052589576691389084, 0.047313861548900604, 0.011862263083457947, 0.006037044804543257, 0.01234989520162344, 0.012865738943219185, 0.036839261651039124, 0.0029947482980787754, 0.003201337531208992, 0.007828174158930779, 0.01137540116906166, 0.006829311139881611, 0.008282145485281944, 0.008974079042673111, 0.0017962467391043901, 0.0027127049397677183, 0.005665729753673077, 0.0014090361073613167, 0.010792526416480541, 0.0015498517313972116, 0.0007596022333018482, 0.0008766934042796493, 0.002021568361669779, 0.0011062717530876398, 0.0013719688868150115, 0.017212267965078354, 0.0004539061337709427, 0.0010917012114077806, 0.0003502651525195688, 0.0003260126686654985, 0.0002625679480843246, 0.00012726437125820667, 0.0005109132616780698, 0.0002772355801425874, 0.00016140409570652992, 0.0001875317975645885, 0.00021062663290649652, 0.009281231090426445, 0.00028579795616678894, 0.002676564734429121, 0.0009403787553310394, 0.001219865633174777, 0.0014840777730569243, 5.180947482585907e-05, 8.364528184756637e-05, 4.90662750962656e-05, 0.0005249939858913422, 0.006514685694128275, 0.00012773722119163722, 4.841209010919556e-05, 0.00021374865900725126, 0.03176424652338028, 8.095706289168447e-05, 0.0015891343355178833, 7.38372837076895e-05, 0.0005757546750828624, 0.013953929767012596, 0.0003802202991209924, 0.0003158515028189868, 8.685195643920451e-05, 0.0002344681415706873, 0.00045302993385121226, 0.0009570433758199215, 0.00012761175457853824, 0.0005063281278125942, 0.0003943562915083021, 0.0007643628632649779, 0.00015933901886455715, 1.9044109649257734e-05, 0.001437012804672122, 1.142284872912569e-05, 8.952199095801916e-06, 6.919690349604934e-05, 3.1037732696859166e-05, 3.208692214684561e-05, 1.8086033378494903e-05], "time_taken": 592.2893707752228, "bit_accuracy": 1.0}