{"n_front_dense_FE": 2, "n_front_dense_PE": 2, "n_front_dense_RxDec": 2, "state_width": 0, "n_epochs": 100, "n_additional_epochs": 10, "CFO_coef": 0, "SNR": 6, "J_list": [2.7725894451141357, 2.7722573280334473, 2.7724833488464355, 2.772857666015625, 2.7738499641418457, 2.77205228805542, 2.774571418762207, 2.774346113204956, 2.772040843963623, 2.775289535522461, 2.7748119831085205, 2.7727394104003906, 2.7699849605560303, 2.772043466567993, 2.77471661567688, 2.770310878753662, 2.773442268371582, 2.7718300819396973, 2.7737643718719482, 2.771751880645752, 2.773577928543091, 2.7736382484436035, 2.771608829498291, 2.772289991378784, 2.7725718021392822, 2.772573947906494, 2.7763657569885254, 2.771019220352173, 2.772285223007202, 2.7712228298187256, 2.7726306915283203, 2.7741942405700684, 2.770604372024536, 2.7711243629455566, 2.7741293907165527, 2.770740032196045, 2.7727441787719727, 2.7773380279541016, 2.771509885787964, 2.774517774581909, 2.776273727416992, 2.7742156982421875, 2.7747726440429688, 2.775174856185913, 2.7741198539733887, 2.7725741863250732, 2.7708277702331543, 2.7697043418884277, 2.7716381549835205, 2.7736237049102783, 2.7728195190429688, 2.775127410888672, 2.772796154022217, 2.7736258506774902, 2.7725799083709717, 2.7715983390808105, 2.7738776206970215, 2.7718052864074707, 2.773261547088623, 2.7734427452087402, 2.771789073944092, 2.7718403339385986, 2.770651340484619, 2.7713069915771484, 2.7732889652252197, 2.7729926109313965, 2.771632432937622, 2.7722811698913574, 2.7698891162872314, 2.7723610401153564, 2.7732062339782715, 2.7763783931732178, 2.77498459815979, 2.7733333110809326, 2.773630142211914, 2.76885986328125, 2.7701048851013184, 2.774550676345825, 2.7731971740722656, 2.7701046466827393, 2.7723419666290283, 2.7751407623291016, 2.774138927459717, 2.7769713401794434, 2.77665376663208, 2.777609348297119, 2.768338680267334, 2.773430585861206, 2.7736382484436035, 2.7735354900360107, 2.7726409435272217, 2.775099515914917, 2.7715399265289307, 2.7767789363861084, 2.7748308181762695, 2.774970531463623, 2.7732126712799072, 2.774834156036377, 2.775942325592041, 2.773864269256592, 2.7730259895324707, 2.772890090942383, 2.773109197616577, 2.7726216316223145, 2.7726387977600098, 2.7724945545196533, 2.77341890335083, 2.769866466522217, 2.7698862552642822, 2.774048328399658], "time_taken": 617.017186164856, "bit_accuracy": 0.046875}