{"n_front_dense_FE": 2, "n_front_dense_PE": 2, "n_front_dense_RxDec": 2, "state_width": 2, "n_epochs": 100, "n_additional_epochs": 10, "CFO_coef": 0, "SNR": 1, "J_list": [2.7730515003204346, 2.7644548416137695, 2.691027879714966, 2.4544613361358643, 2.2326114177703857, 2.150928497314453, 2.00020432472229, 1.709233045578003, 1.5701253414154053, 1.4887486696243286, 1.4947593212127686, 1.339340329170227, 1.147635579109192, 1.1682530641555786, 1.0443800687789917, 0.9303051233291626, 0.8232811093330383, 0.7247153520584106, 0.574712336063385, 0.5219853520393372, 0.4122275412082672, 0.3651479482650757, 0.2968739867210388, 0.23326054215431213, 0.19181248545646667, 0.21050754189491272, 0.12472356855869293, 0.1082896813750267, 0.13117715716362, 0.058416180312633514, 0.06888490170240402, 0.043095946311950684, 0.06703154742717743, 0.018037382513284683, 0.035949792712926865, 0.014612155966460705, 0.012407591566443443, 0.009809245355427265, 0.013421544805169106, 0.009374427609145641, 0.0045129600912332535, 0.004644905682653189, 0.004965044558048248, 0.009061791002750397, 0.002977194730192423, 0.003710080636665225, 0.0062498897314071655, 0.007961763069033623, 0.0010232811328023672, 0.0021744263358414173, 0.006152882240712643, 0.001890029525384307, 0.003086435841396451, 0.01077891606837511, 0.003320054616779089, 0.006799095775932074, 0.0010151105234399438, 0.0006106969667598605, 0.0008129227790050209, 0.0007132811588235199, 0.004114324692636728, 0.001332641113549471, 0.0033998065628111362, 0.0016390405362471938, 0.001327036996372044, 0.0023079507518559694, 0.0025073077995330095, 0.0029061301611363888, 0.0008892322075553238, 0.0011698498856276274, 0.0026975201908499002, 0.0005734535516239703, 0.0005951224593445659, 0.0007319034775719047, 0.0006197557086125016, 0.006977204233407974, 0.0008067659800872207, 0.0004550066660158336, 0.008128916844725609, 0.014651784673333168, 0.049619268625974655, 0.11469399929046631, 0.19256608188152313, 3.220911741256714, 1.200039267539978, 3.0835022926330566, 0.32738956809043884, 0.6171655654907227, 1.7587473392486572, 0.708480179309845, 0.528812050819397, 0.9201295971870422, 0.4897107481956482, 0.9181968569755554, 0.31218963861465454, 0.1237059012055397, 0.09768493473529816, 0.12057916820049286, 0.1813238561153412, 0.13511207699775696, 0.08704634755849838, 0.03968934714794159, 0.03172200173139572, 0.028266873210668564, 0.03620579093694687, 0.02299734577536583, 0.020173583179712296, 0.013296864926815033, 0.016529640182852745, 0.008441525511443615], "time_taken": 621.7211754322052, "bit_accuracy": 0.996875}