{"n_front_dense_FE": 2, "n_front_dense_PE": 2, "n_front_dense_RxDec": 2, "state_width": 0, "n_epochs": 100, "n_additional_epochs": 10, "CFO_coef": 0, "SNR": 1, "J_list": [2.7725894451141357, 2.7732627391815186, 2.77315354347229, 2.7737209796905518, 2.7752513885498047, 2.772387981414795, 2.7741894721984863, 2.7729992866516113, 2.7733397483825684, 2.7755885124206543, 2.7758078575134277, 2.773052453994751, 2.7728607654571533, 2.7743935585021973, 2.77520751953125, 2.771876573562622, 2.774254083633423, 2.772308826446533, 2.7733664512634277, 2.7727744579315186, 2.7715117931365967, 2.7731456756591797, 2.7742137908935547, 2.771685838699341, 2.773158550262451, 2.7731714248657227, 2.773088216781616, 2.7724742889404297, 2.7726502418518066, 2.7724108695983887, 2.7749552726745605, 2.7733969688415527, 2.772545337677002, 2.7727956771850586, 2.7730276584625244, 2.7733383178710938, 2.7728378772735596, 2.7738804817199707, 2.772881031036377, 2.7755634784698486, 2.773636817932129, 2.7715041637420654, 2.7712597846984863, 2.774817705154419, 2.77423357963562, 2.7750163078308105, 2.772366762161255, 2.7742114067077637, 2.7703986167907715, 2.774890422821045, 2.771080493927002, 2.774932861328125, 2.77473783493042, 2.7734792232513428, 2.7722392082214355, 2.771182060241699, 2.7726962566375732, 2.775905132293701, 2.7715888023376465, 2.7725563049316406, 2.7718236446380615, 2.7739429473876953, 2.771347761154175, 2.7722911834716797, 2.772127151489258, 2.7727737426757812, 2.7744898796081543, 2.772947311401367, 2.7733631134033203, 2.772977113723755, 2.7741942405700684, 2.7747457027435303, 2.77449369430542, 2.775315046310425, 2.7720189094543457, 2.7726757526397705, 2.7735257148742676, 2.7724342346191406, 2.7737319469451904, 2.772122859954834, 2.7717654705047607, 2.77470064163208, 2.775249481201172, 2.772045373916626, 2.773373603820801, 2.772977590560913, 2.7745158672332764, 2.7739100456237793, 2.7725846767425537, 2.7730472087860107, 2.773268938064575, 2.77244234085083, 2.7757110595703125, 2.7734341621398926, 2.770432949066162, 2.7759757041931152, 2.773473024368286, 2.7757561206817627, 2.772265911102295, 2.7748844623565674, 2.7733097076416016, 2.7737247943878174, 2.7726809978485107, 2.7726473808288574, 2.773010730743408, 2.7717983722686768, 2.772191286087036, 2.772387742996216, 2.7753424644470215, 2.7740910053253174], "time_taken": 664.5265281200409, "bit_accuracy": 0.046875}