{"n_front_dense_FE": 2, "n_front_dense_PE": 2, "n_front_dense_RxDec": 2, "state_width": 8, "n_epochs": 100, "n_additional_epochs": 10, "CFO_coef": 0, "SNR": 6, "J_list": [2.772509813308716, 2.767721652984619, 2.6317243576049805, 2.33192777633667, 2.023374080657959, 3.4980225563049316, 1.7680444717407227, 1.7219047546386719, 1.6788116693496704, 1.2782185077667236, 1.095717430114746, 0.9364092946052551, 0.6926866769790649, 0.525931715965271, 0.2871493995189667, 0.14898589253425598, 0.09242407977581024, 0.05654006451368332, 0.04102075845003128, 0.02259225770831108, 0.013524387963116169, 0.005809317342936993, 0.006976210977882147, 0.004992657341063023, 0.003080834401771426, 0.014663699083030224, 0.0017245437484234571, 0.002977656200528145, 0.10566866397857666, 0.0030718164052814245, 0.04270771145820618, 0.020650174468755722, 0.0027952133677899837, 0.058190565556287766, 0.007745449431240559, 0.0037667774595320225, 0.0427267886698246, 0.011782333254814148, 0.015627345070242882, 0.007237802259624004, 0.02461111731827259, 0.015150931663811207, 0.006999692413955927, 0.003331144107505679, 0.0025785421021282673, 0.01811922900378704, 0.034698132425546646, 0.010594437830150127, 0.03270381689071655, 0.010129312053322792, 0.036017078906297684, 0.007959673181176186, 0.0069694193080067635, 0.0010037892498075962, 0.04501834511756897, 0.0039132023230195045, 0.008039665408432484, 0.082674041390419, 0.0012334896018728614, 0.0012477242853492498, 0.024036746472120285, 0.02011239156126976, 0.004935763776302338, 0.003914047032594681, 0.0009446159820072353, 0.034855373203754425, 0.012330940924584866, 0.004802635405212641, 0.00039005099097266793, 0.002719269599765539, 0.18463833630084991, 0.015285173431038857, 0.4131508767604828, 0.03434804826974869, 0.5152890086174011, 0.07551487535238266, 0.3803440034389496, 0.35411033034324646, 0.4831675589084625, 0.3095499873161316, 0.2211281955242157, 0.1874750554561615, 0.09754456579685211, 0.12007395923137665, 0.3462090790271759, 0.08639834076166153, 0.017863024026155472, 0.018299395218491554, 0.10554204136133194, 0.2559751868247986, 0.0400417298078537, 0.24927997589111328, 0.08736471086740494, 0.08846785873174667, 0.09784858673810959, 0.07955741882324219, 0.027575019747018814, 0.027384120970964432, 0.04519975185394287, 0.00899254996329546, 0.0070678903721272945, 0.001263451180420816, 0.00017564918380230665, 0.00012589161633513868, 5.686410077032633e-05, 2.7786376449512318e-05, 2.8693029889836907e-05, 5.562708975048736e-05, 4.6835059038130566e-05, 6.986940570641309e-05], "time_taken": 609.9333343505859, "bit_accuracy": 1.0}