{"n_front_dense_FE": 2, "n_front_dense_PE": 2, "n_front_dense_RxDec": 2, "state_width": 0, "n_epochs": 100, "n_additional_epochs": 10, "CFO_coef": 0, "SNR": 10, "J_list": [2.7725894451141357, 2.7722604274749756, 2.773188829421997, 2.771679401397705, 2.7735512256622314, 2.771730422973633, 2.773026943206787, 2.7722694873809814, 2.774958610534668, 2.7731175422668457, 2.770655393600464, 2.7766871452331543, 2.7706141471862793, 2.7732224464416504, 2.773087739944458, 2.7789506912231445, 2.7706844806671143, 2.774916887283325, 2.774782657623291, 2.7746691703796387, 2.7755508422851562, 2.77020001411438, 2.7739357948303223, 2.7732436656951904, 2.7754456996917725, 2.770238161087036, 2.7753570079803467, 2.769059419631958, 2.773228406906128, 2.7745189666748047, 2.7706668376922607, 2.7731528282165527, 2.7732644081115723, 2.770034074783325, 2.7716362476348877, 2.773073196411133, 2.7731375694274902, 2.775315046310425, 2.7777984142303467, 2.773963451385498, 2.771749496459961, 2.7751834392547607, 2.777561664581299, 2.772564649581909, 2.772848606109619, 2.772373676300049, 2.7683804035186768, 2.776841402053833, 2.7744758129119873, 2.7721691131591797, 2.770966053009033, 2.773764133453369, 2.7739551067352295, 2.772174835205078, 2.7695953845977783, 2.775526762008667, 2.7716572284698486, 2.771759510040283, 2.771601915359497, 2.7750260829925537, 2.7700610160827637, 2.7719478607177734, 2.7700130939483643, 2.773110866546631, 2.7705557346343994, 2.7702667713165283, 2.771183490753174, 2.7733242511749268, 2.774369716644287, 2.774775743484497, 2.7726569175720215, 2.774437427520752, 2.775172472000122, 2.768362045288086, 2.7743678092956543, 2.773735761642456, 2.772491216659546, 2.7679800987243652, 2.7723212242126465, 2.7739689350128174, 2.7750651836395264, 2.7786688804626465, 2.775803565979004, 2.775254249572754, 2.7771379947662354, 2.7751126289367676, 2.7764222621917725, 2.774573564529419, 2.772170305252075, 2.772181272506714, 2.7732009887695312, 2.775230884552002, 2.7721874713897705, 2.7735557556152344, 2.7727646827697754, 2.77007794380188, 2.7738304138183594, 2.77227783203125, 2.774522304534912, 2.7720632553100586, 2.7722244262695312, 2.7725002765655518, 2.769834280014038, 2.7733662128448486, 2.774359941482544, 2.7723305225372314, 2.773446798324585, 2.7693610191345215, 2.772686004638672, 2.7718968391418457], "time_taken": 677.1013276576996, "bit_accuracy": 0.034375}