{"n_front_dense_FE": 2, "n_front_dense_PE": 2, "n_front_dense_RxDec": 2, "state_width": 8, "n_epochs": 100, "n_additional_epochs": 10, "CFO_coef": 0, "SNR": 10, "J_list": [2.772477388381958, 2.7606492042541504, 2.6176300048828125, 2.9340577125549316, 2.257047176361084, 2.250204086303711, 2.053290605545044, 1.6581380367279053, 1.4663336277008057, 1.1813199520111084, 0.8806123733520508, 0.7238925099372864, 0.5352090001106262, 0.38655874133110046, 0.3437618613243103, 0.3520033657550812, 0.4044232964515686, 0.12494152784347534, 0.13804595172405243, 0.06550294905900955, 0.1383056938648224, 0.11327288299798965, 0.03627669811248779, 0.06305035203695297, 0.07044197618961334, 0.02368060126900673, 0.018236886709928513, 0.01065023709088564, 0.03332928568124771, 0.010229302570223808, 0.03245001286268234, 0.015448490157723427, 0.014353441074490547, 0.001969942357391119, 0.003458061721175909, 0.004896008875221014, 0.0041290028020739555, 0.002045254223048687, 0.0007374106207862496, 0.0014694160781800747, 0.00041268658242188394, 0.0014572171494364738, 0.0004914907040074468, 0.00039846712024882436, 0.00035563166602514684, 0.0003726739960256964, 0.0002111924550263211, 0.000942033133469522, 0.00031728236353956163, 0.001541098696179688, 0.0003242483944632113, 0.0004242569557391107, 0.00019006352522410452, 0.00010681984713301063, 0.0001862548233475536, 6.838663830421865e-05, 0.0003443634195718914, 7.879237091401592e-05, 6.658589700236917e-05, 4.120909215998836e-05, 4.6569468395318836e-05, 4.7393652494065464e-05, 2.5012795958900824e-05, 4.225841257721186e-05, 2.845840572263114e-05, 2.716728522500489e-05, 4.722247103927657e-05, 3.2749067031545565e-05, 5.689079989679158e-05, 4.414551585796289e-05, 3.947101504309103e-05, 2.7773485271609388e-05, 3.165924135828391e-05, 1.3251097698230296e-05, 4.3947693484369665e-05, 3.1996016332414e-05, 3.830072091659531e-05, 1.533927206764929e-05, 2.9202186851762235e-05, 1.461460669816006e-05, 2.1725858459831215e-05, 1.789497400750406e-05, 1.605949000804685e-05, 1.1871166861965321e-05, 2.6606303435983136e-05, 1.6689942640368827e-05, 2.163726821891032e-05, 2.024801324296277e-05, 5.960315320407972e-05, 1.679360866546631e-05, 2.0335541194071993e-05, 8.339220585185103e-06, 2.4381844923482276e-05, 1.838640309870243e-05, 1.878353941719979e-05, 1.3538592611439526e-05, 1.9670558685902506e-05, 1.546030762256123e-05, 8.835284461383708e-06, 1.1199254004168324e-05, 1.1262541192991193e-05, 1.0078505511046387e-05, 1.5712425010860898e-05, 2.368483592363191e-06, 3.021155862370506e-06, 3.1951276469044387e-06, 1.9505423551891e-06, 1.8063703919324325e-06, 1.8532904277890339e-06, 1.1026767197108711e-06], "time_taken": 761.9862084388733, "bit_accuracy": 1.0}