{"n_front_dense_FE": 2, "n_front_dense_PE": 2, "n_front_dense_RxDec": 2, "state_width": 8, "n_epochs": 100, "n_additional_epochs": 10, "CFO_coef": 0, "SNR": 6, "J_list": [2.7728118896484375, 2.772484540939331, 2.666025161743164, 2.390265941619873, 2.2850446701049805, 2.094499349594116, 1.8162294626235962, 1.658591866493225, 1.4919105768203735, 1.131331443786621, 0.9251409769058228, 0.7196230292320251, 0.4684535562992096, 0.26759058237075806, 0.24008312821388245, 0.11685683578252792, 0.056735239923000336, 0.028695708140730858, 0.024201883003115654, 0.017439765855669975, 0.011376840993762016, 0.009647199884057045, 0.00445636035874486, 0.005842812359333038, 0.0038902394007891417, 0.003177075879648328, 0.004419130273163319, 0.0019210748141631484, 0.0007447436219081283, 0.00042532634688541293, 0.0007331151864491403, 0.00029996116063557565, 0.0005274245631881058, 0.00021300285879988223, 0.00023319055617321283, 0.00030785761191509664, 0.00013121371739543974, 0.00011384124809410423, 8.39339554659091e-05, 7.004845974734053e-05, 0.00032971761538647115, 0.0003504614869598299, 6.259915244299918e-05, 0.00018739029474090785, 8.760811033425853e-05, 2.0331926862127148e-05, 4.517236084211618e-05, 2.4663877411512658e-05, 3.821633436018601e-05, 1.971519668586552e-05, 1.138746756623732e-05, 1.3942381883680355e-05, 1.363040973956231e-05, 1.1187845302629285e-05, 1.3660591321240645e-05, 1.0543262760620564e-05, 1.036464254866587e-05, 1.0244206350762397e-05, 1.4526738596032374e-05, 2.1005758753744885e-05, 4.973142949893372e-06, 6.512958407256519e-06, 4.963462743035052e-06, 5.705366675101686e-06, 4.878746040049009e-06, 8.747460015001707e-06, 5.320284799381625e-06, 7.140234629332554e-06, 6.886274150019744e-06, 6.301818757492583e-06, 5.538146979233716e-06, 7.939359420561232e-06, 5.894281457585748e-06, 1.9107716070720926e-05, 4.4001644710078835e-06, 7.430943696817849e-06, 4.45640671387082e-06, 5.666283414029749e-06, 9.158427019428927e-06, 1.1378476301615592e-05, 3.8629996197414584e-06, 6.773517725378042e-06, 3.680133204397862e-06, 5.399212113843532e-06, 5.956021141173551e-06, 5.976381999062141e-06, 3.573941739887232e-06, 4.691824415203882e-06, 6.342079814203316e-06, 2.7402888918004464e-06, 4.769606675836258e-06, 8.30472527013626e-06, 4.750004336528946e-06, 3.0315889034682186e-06, 3.166804617649177e-06, 4.641830855689477e-06, 5.4323231779562775e-06, 2.345045231777476e-06, 2.0283982848923188e-06, 3.7322467960620997e-06, 2.8736262720485684e-06, 2.435515170873259e-06, 1.0497809626031085e-06, 1.597305868017429e-06, 7.335062264246517e-07, 3.907822190285515e-07, 5.606545414593711e-07, 1.6798661590655684e-06, 2.730635344505572e-07, 3.024929355888162e-07], "time_taken": 656.5389337539673, "bit_accuracy": 1.0}