{"n_front_dense_FE": 2, "n_front_dense_PE": 2, "n_front_dense_RxDec": 2, "state_width": 8, "n_epochs": 100, "n_additional_epochs": 10, "CFO_coef": 0, "SNR": 1, "J_list": [2.77227783203125, 2.7332675457000732, 2.555560350418091, 2.317887544631958, 2.0244650840759277, 1.4289495944976807, 1.3628487586975098, 1.1199098825454712, 0.8400455713272095, 0.5742796063423157, 0.5158472061157227, 0.42625588178634644, 0.16916711628437042, 0.24773600697517395, 0.13540339469909668, 0.0816759318113327, 0.12377505004405975, 0.04665397107601166, 0.07738485932350159, 0.010068877600133419, 0.06321670114994049, 0.015309521928429604, 0.013391828164458275, 0.029379364103078842, 0.005249917972832918, 0.0230339877307415, 0.013631107285618782, 0.003192923264577985, 0.004749186336994171, 0.0013419303577393293, 0.0016086610266938806, 0.005641860421746969, 0.0020758830942213535, 0.0005690091056749225, 0.0006538588786497712, 0.000957800424657762, 0.001275004935450852, 0.0006793866632506251, 0.0005563299055211246, 0.0020009728614240885, 0.0025893631391227245, 0.0003718695661518723, 0.00031361414585262537, 0.00040813704254105687, 8.749245898798108e-05, 9.442801092518494e-05, 0.00020500482060015202, 6.650555587839335e-05, 0.00014510324399452657, 0.00030092132510617375, 5.3136922360863537e-05, 4.8869638703763485e-05, 3.609335544751957e-05, 4.0465412894263864e-05, 5.232599869486876e-05, 3.0957111448515207e-05, 3.431731602177024e-05, 3.576292147045024e-05, 2.620853229018394e-05, 2.891088297474198e-05, 2.6512225304031745e-05, 3.2929347071330994e-05, 2.3803513613529503e-05, 2.621601743157953e-05, 3.099538298556581e-05, 2.521403985156212e-05, 3.130629193037748e-05, 2.678020973689854e-05, 3.5056804335908964e-05, 2.192271131207235e-05, 2.2534977688337676e-05, 2.2994219762040302e-05, 1.434057776350528e-05, 2.9064141926937737e-05, 4.1931791201932356e-05, 2.5486378945061006e-05, 1.8449234630679712e-05, 2.335969838895835e-05, 2.0056131688761525e-05, 1.6396861610701308e-05, 1.7534994185552932e-05, 2.831664096447639e-05, 2.2121665097074583e-05, 1.4857449059491046e-05, 1.6952468286035582e-05, 1.945390431501437e-05, 1.7974325601244345e-05, 1.85625995072769e-05, 1.8093482140102424e-05, 1.6485464584548026e-05, 1.2158208846813068e-05, 1.3825929272570647e-05, 1.2161492122686468e-05, 1.2571746083267499e-05, 1.3703929653274827e-05, 1.9288892872282304e-05, 1.3304692402016371e-05, 1.6966208931989968e-05, 7.641479896847159e-06, 1.604293538548518e-05, 1.062630326487124e-05, 7.3530695772205945e-06, 5.337404672900448e-06, 4.389271452964749e-06, 2.401661731710192e-06, 1.7024467524606735e-06, 1.6111796412587864e-06, 1.6130276208059513e-06, 1.3526356497095549e-06, 8.303650247398764e-07], "time_taken": 811.1285741329193, "bit_accuracy": 1.0}