{"n_front_dense_FE": 2, "n_front_dense_PE": 2, "n_front_dense_RxDec": 2, "state_width": 0, "n_epochs": 100, "n_additional_epochs": 10, "CFO_coef": 0, "SNR": 10, "J_list": [2.7725894451141357, 2.772533893585205, 2.7727560997009277, 2.7724666595458984, 2.7722129821777344, 2.7740135192871094, 2.770578384399414, 2.7733840942382812, 2.7720444202423096, 2.7719316482543945, 2.7744622230529785, 2.774312734603882, 2.774885654449463, 2.7737104892730713, 2.7743003368377686, 2.7726240158081055, 2.772998094558716, 2.77211332321167, 2.772003650665283, 2.7713522911071777, 2.7702624797821045, 2.772369861602783, 2.779388904571533, 2.7719357013702393, 2.768791913986206, 2.776517391204834, 2.7793121337890625, 2.773118257522583, 2.772871494293213, 2.7714991569519043, 2.771914482116699, 2.7722201347351074, 2.7726428508758545, 2.768947124481201, 2.7738072872161865, 2.7754955291748047, 2.7741589546203613, 2.7706525325775146, 2.7761809825897217, 2.774507522583008, 2.773336410522461, 2.774538278579712, 2.772484302520752, 2.7735707759857178, 2.773729085922241, 2.7695915699005127, 2.77317476272583, 2.7749016284942627, 2.7732760906219482, 2.774778366088867, 2.776470184326172, 2.771113157272339, 2.772233724594116, 2.774925708770752, 2.774306535720825, 2.7715916633605957, 2.772667407989502, 2.7748045921325684, 2.771414279937744, 2.7732226848602295, 2.7742760181427, 2.774953842163086, 2.7712409496307373, 2.772829532623291, 2.770904779434204, 2.773691177368164, 2.7725136280059814, 2.772247314453125, 2.770826816558838, 2.775794506072998, 2.7747766971588135, 2.7735607624053955, 2.773538112640381, 2.7708652019500732, 2.7731876373291016, 2.7705957889556885, 2.7743868827819824, 2.7755930423736572, 2.7693374156951904, 2.772341251373291, 2.7701973915100098, 2.7726874351501465, 2.771538257598877, 2.7726497650146484, 2.7739789485931396, 2.7758142948150635, 2.7740988731384277, 2.775714635848999, 2.774318218231201, 2.774824619293213, 2.772953987121582, 2.7758123874664307, 2.7709686756134033, 2.771385908126831, 2.7737550735473633, 2.7701876163482666, 2.7735085487365723, 2.7753491401672363, 2.7734153270721436, 2.7724273204803467, 2.770817279815674, 2.773186206817627, 2.7718722820281982, 2.773545503616333, 2.7747066020965576, 2.773361921310425, 2.773621082305908, 2.7715213298797607, 2.7733829021453857, 2.774087905883789], "time_taken": 621.4132535457611, "bit_accuracy": 0.078125}