{"n_front_dense_FE": 2, "n_front_dense_PE": 2, "n_front_dense_RxDec": 2, "state_width": 8, "n_epochs": 100, "n_additional_epochs": 10, "CFO_coef": 0, "SNR": 6, "J_list": [2.7727344036102295, 2.767767906188965, 2.686126232147217, 2.466029167175293, 2.1406240463256836, 1.6635780334472656, 1.4722325801849365, 1.2090728282928467, 0.8196823000907898, 0.6784489750862122, 0.6538541316986084, 0.586402177810669, 0.2444496601819992, 0.3768749237060547, 0.2626733183860779, 0.25430673360824585, 0.08647622168064117, 0.0830865204334259, 0.07255854457616806, 0.08211322873830795, 0.03514927625656128, 0.051275599747896194, 0.03354217857122421, 0.03435849770903587, 0.02004016563296318, 0.015814444050192833, 0.01564815267920494, 0.00495183328166604, 0.005745203234255314, 0.005537097807973623, 0.014415616169571877, 0.0026929606683552265, 0.001770867733284831, 0.002484662923961878, 0.0021022208966314793, 0.0011663453187793493, 0.0020913074258714914, 0.0005637973663397133, 0.0013262579450383782, 0.00035206429311074317, 0.0007315579568967223, 0.003067498793825507, 0.0006961633334867656, 0.00035961405956186354, 0.00031711626797914505, 0.0002958012046292424, 0.0013840777100995183, 0.0002470310719218105, 0.00016566003614570946, 0.00012926277122460306, 0.00021125348575878888, 0.000569392810575664, 0.0003432627418078482, 0.0001900607894640416, 0.0001469647540943697, 0.00010867286619031802, 0.0001510434376541525, 0.000378966040443629, 0.0001240792335011065, 0.00011208956129848957, 0.00011892554175574332, 0.0005010130116716027, 9.184984082821757e-05, 0.00010617671068757772, 5.6998978834599257e-05, 7.518172787968069e-05, 0.00010408803063910455, 9.163597133010626e-05, 0.0001030449420795776, 8.870545570971444e-05, 7.77526292949915e-05, 6.940389721421525e-05, 8.512740168953314e-05, 5.4646672651870176e-05, 6.77678981446661e-05, 8.225932833738625e-05, 8.385737601201981e-05, 8.908609015634283e-05, 4.024457302875817e-05, 7.225772424135357e-05, 4.3564392399275675e-05, 5.138814958627336e-05, 6.105873035266995e-05, 5.356334077077918e-05, 2.9996581361046992e-05, 3.154302976327017e-05, 2.141678487532772e-05, 2.7589654564508237e-05, 2.4266648324555717e-05, 1.361419890599791e-05, 1.89916136150714e-05, 1.981625428015832e-05, 2.0278303054510616e-05, 1.4268230188463349e-05, 1.5097190043888986e-05, 1.4054615348868538e-05, 1.4153856682241894e-05, 1.487289227952715e-05, 1.7923648556461558e-05, 1.7616170225664973e-05, 1.1609537978074513e-05, 8.856683962221723e-06, 7.355029083555564e-06, 4.6651084630866535e-06, 3.933107564080274e-06, 2.8624904189200606e-06, 2.0813099581573624e-06, 2.006432168855099e-06, 2.239252808067249e-06, 1.9807280295935925e-06], "time_taken": 595.5941438674927, "bit_accuracy": 1.0}