{"n_front_dense_FE": 2, "n_front_dense_PE": 2, "n_front_dense_RxDec": 2, "state_width": 2, "n_epochs": 100, "n_additional_epochs": 10, "CFO_coef": 0, "SNR": 1, "J_list": [2.7726876735687256, 2.7655491828918457, 2.6622753143310547, 2.444805145263672, 2.1929094791412354, 1.9776175022125244, 1.7144420146942139, 1.48577082157135, 1.4468879699707031, 1.3674230575561523, 1.1667368412017822, 1.1067094802856445, 0.9711951017379761, 0.9920412302017212, 0.9338198900222778, 0.9072513580322266, 0.715204119682312, 0.6870518922805786, 0.6663147211074829, 0.6063385009765625, 0.5142964124679565, 0.5031912922859192, 0.5096224546432495, 0.4054216742515564, 0.4577959179878235, 0.3428727984428406, 0.38394874334335327, 0.28894227743148804, 0.3074440360069275, 0.28590869903564453, 0.24839456379413605, 0.2423984557390213, 0.23135606944561005, 0.27657026052474976, 0.12772764265537262, 0.19968707859516144, 0.19297781586647034, 0.3348802626132965, 0.13594317436218262, 0.2130926549434662, 0.21384897828102112, 0.14795544743537903, 0.17929944396018982, 0.0846286490559578, 0.10881543159484863, 0.08721206337213516, 0.08295878022909164, 0.06141024827957153, 0.08325548470020294, 0.04533008113503456, 0.017267487943172455, 0.03599380701780319, 0.035154588520526886, 0.010318652726709843, 0.022809095680713654, 0.028162449598312378, 0.007906652987003326, 0.07374374568462372, 0.012856525368988514, 0.02314584329724312, 0.027741575613617897, 0.04626684635877609, 0.03113250434398651, 0.022543054074048996, 0.0340520516037941, 0.03697732836008072, 0.1430801898241043, 0.028160955756902695, 0.1186303123831749, 0.004113613162189722, 0.018587173894047737, 0.027278337627649307, 0.012375934980809689, 0.023359257727861404, 0.017875630408525467, 0.018246741965413094, 0.01995910331606865, 0.010021038353443146, 0.010484760627150536, 0.010234232060611248, 0.007616625167429447, 0.004620200488716364, 0.00483563682064414, 0.003549378365278244, 0.005592322908341885, 0.0035082499962300062, 0.005986656527966261, 0.0030445524025708437, 0.0026726070791482925, 0.002343626692891121, 0.0025830152444541454, 0.002287979470565915, 0.0029304330237209797, 0.0018178187310695648, 0.0015765030402690172, 0.0019269384210929275, 0.0010931092547252774, 0.0007923714583739638, 0.0007205323199741542, 0.0018779184902086854, 0.0006762681878171861, 0.0008045000722631812, 0.0005971049540676177, 0.0001876809837995097, 0.0005230194074101746, 0.0006466832710430026, 0.0001512616581749171, 0.0005221533356234431, 0.0002159207797376439, 0.00031507614767178893], "time_taken": 770.616295337677, "bit_accuracy": 1.0}