{"n_front_dense_FE": 2, "n_front_dense_PE": 2, "n_front_dense_RxDec": 2, "state_width": 2, "n_epochs": 100, "n_additional_epochs": 10, "CFO_coef": 0, "SNR": 1, "J_list": [2.772670269012451, 2.7737438678741455, 2.7155394554138184, 2.54767107963562, 2.3444340229034424, 2.2050042152404785, 2.0717291831970215, 1.9626153707504272, 1.6336586475372314, 1.489928960800171, 1.407410979270935, 1.261915922164917, 1.0593687295913696, 0.9334026575088501, 0.8723160028457642, 0.7683095335960388, 0.5929174423217773, 0.5178543925285339, 0.4053366780281067, 0.3608355224132538, 0.2949228882789612, 0.2789786756038666, 0.25318247079849243, 0.18465788662433624, 0.20396976172924042, 0.17623494565486908, 0.14058127999305725, 0.24455681443214417, 0.09046538919210434, 0.11791639029979706, 0.07299970090389252, 0.2559853196144104, 0.35829511284828186, 0.19581592082977295, 0.049830399453639984, 0.23121432960033417, 0.22938689589500427, 0.10820934921503067, 0.2325139045715332, 0.04980667307972908, 0.3004117012023926, 0.12121856212615967, 0.2669481635093689, 0.08348726481199265, 0.27130991220474243, 0.10988936573266983, 0.09705961495637894, 0.02801704779267311, 0.027299577370285988, 0.025710294023156166, 0.043202973902225494, 0.021495888009667397, 0.012014235369861126, 0.038837965577840805, 0.011104789562523365, 0.03162214905023575, 0.008629405871033669, 0.006952828262001276, 0.015829352661967278, 0.008686879649758339, 0.01367939729243517, 0.006161802913993597, 0.004809422884136438, 0.00315276300534606, 0.0048941271379590034, 0.007224924862384796, 0.004363019019365311, 0.003421479370445013, 0.00533351581543684, 0.004266045987606049, 0.0031347714830189943, 0.0019363496685400605, 0.0018207242246717215, 0.0011720345355570316, 0.001200591097585857, 0.001338476431556046, 0.0010397754376754165, 0.001255467883311212, 0.0014676371356472373, 0.0019154418259859085, 0.0010577926877886057, 0.001208126312121749, 0.0010342274326831102, 0.0008760346099734306, 0.0007930921274237335, 0.0005779460771009326, 0.000519014080055058, 0.00044108275324106216, 0.0002921710256487131, 0.00034910388058051467, 0.00039046068559400737, 0.0002991445653606206, 0.00029596820240840316, 0.0003544459177646786, 0.00025716095115058124, 0.0002723615034483373, 0.00021953512623440474, 0.00035580710391514003, 0.00025147589622065425, 0.0001969052682397887, 0.00021156381990294904, 0.00019645373686216772, 0.00013978953938931227, 9.861376747721806e-05, 8.435900963377208e-05, 6.804674922022969e-05, 5.30885808984749e-05, 4.700067802332342e-05, 3.94049784517847e-05, 3.808994006249122e-05], "time_taken": 591.9583132266998, "bit_accuracy": 1.0}