{"n_front_dense_FE": 2, "n_front_dense_PE": 2, "n_front_dense_RxDec": 2, "state_width": 0, "n_epochs": 100, "n_additional_epochs": 10, "CFO_coef": 0, "SNR": 1, "J_list": [2.7725894451141357, 2.773258686065674, 2.7726826667785645, 2.7716450691223145, 2.773369312286377, 2.7738373279571533, 2.7744054794311523, 2.770571231842041, 2.7742581367492676, 2.773249626159668, 2.7686729431152344, 2.7747979164123535, 2.7737064361572266, 2.773879289627075, 2.7731833457946777, 2.776881694793701, 2.7748639583587646, 2.7734553813934326, 2.7719454765319824, 2.774444103240967, 2.774885892868042, 2.7743990421295166, 2.7755138874053955, 2.774441719055176, 2.7728779315948486, 2.7704222202301025, 2.7713444232940674, 2.772463321685791, 2.7739787101745605, 2.7730584144592285, 2.773881196975708, 2.772585391998291, 2.77245831489563, 2.772082567214966, 2.77292537689209, 2.7731776237487793, 2.769585371017456, 2.7717978954315186, 2.7756519317626953, 2.7749202251434326, 2.7749667167663574, 2.772163152694702, 2.772202253341675, 2.770867109298706, 2.7706596851348877, 2.770115375518799, 2.7727768421173096, 2.771996021270752, 2.7710041999816895, 2.773984432220459, 2.774294853210449, 2.772963047027588, 2.7716665267944336, 2.7760891914367676, 2.7721920013427734, 2.772678852081299, 2.7720699310302734, 2.7737514972686768, 2.77353572845459, 2.7750256061553955, 2.7711684703826904, 2.7755725383758545, 2.7703659534454346, 2.7784247398376465, 2.770439386367798, 2.773576259613037, 2.774384021759033, 2.7725746631622314, 2.7733306884765625, 2.7702832221984863, 2.7726330757141113, 2.7737655639648438, 2.7782764434814453, 2.7736411094665527, 2.771822452545166, 2.771972894668579, 2.7709412574768066, 2.7738139629364014, 2.7744553089141846, 2.7730276584625244, 2.7707953453063965, 2.771188974380493, 2.7715091705322266, 2.772092342376709, 2.7734010219573975, 2.772151231765747, 2.77251935005188, 2.7738823890686035, 2.771773338317871, 2.77459979057312, 2.772261381149292, 2.7716526985168457, 2.7755160331726074, 2.771573305130005, 2.770951509475708, 2.773419141769409, 2.7728240489959717, 2.7770376205444336, 2.773974895477295, 2.7722904682159424, 2.7719168663024902, 2.774609088897705, 2.775994300842285, 2.7704410552978516, 2.7738962173461914, 2.7725436687469482, 2.772428035736084, 2.7754299640655518, 2.7728335857391357, 2.7720601558685303], "time_taken": 602.8954911231995, "bit_accuracy": 0.05}