{"n_front_dense_FE": 2, "n_front_dense_PE": 2, "n_front_dense_RxDec": 2, "state_width": 2, "n_epochs": 100, "n_additional_epochs": 10, "CFO_coef": 0, "SNR": 10, "J_list": [2.7720768451690674, 2.7327277660369873, 2.5767557621002197, 2.402355670928955, 2.844561815261841, 2.233020782470703, 2.455517530441284, 2.319812059402466, 2.2027602195739746, 2.184553623199463, 2.1449859142303467, 2.062262773513794, 1.9247143268585205, 1.937726616859436, 1.823302984237671, 1.625657320022583, 1.451350450515747, 1.355057954788208, 1.173279047012329, 1.1075576543807983, 0.9197864532470703, 0.8278536796569824, 0.7469579577445984, 0.60454261302948, 0.6035298109054565, 0.49770402908325195, 0.5490659475326538, 0.3888793885707855, 0.3321421146392822, 0.24298825860023499, 0.26583853363990784, 0.18242867290973663, 0.14375033974647522, 0.09862388670444489, 0.19651946425437927, 0.11885003745555878, 0.07731831073760986, 0.08727852255105972, 0.02984519861638546, 0.05021670460700989, 0.0449516624212265, 0.03119966760277748, 0.05655594542622566, 0.02422049455344677, 0.031107675284147263, 0.02297186851501465, 0.04126854985952377, 0.029495079070329666, 0.026891106739640236, 0.029471779242157936, 0.008041905239224434, 0.014329830184578896, 0.014766013249754906, 0.005926907062530518, 0.007318870630115271, 0.009055130183696747, 0.007645227015018463, 0.04153282195329666, 0.005831321235746145, 0.005374935921281576, 0.029424026608467102, 0.005951682571321726, 0.002629051450639963, 0.0024217762984335423, 0.004363776184618473, 0.0018665693933144212, 0.002890155417844653, 0.003102460177615285, 0.001906852819956839, 0.015332961454987526, 0.02610112354159355, 0.004128360189497471, 0.003339220304042101, 0.00094704853836447, 0.0030486334580928087, 0.0021239120978862047, 0.044916413724422455, 0.0041138166561722755, 0.0006785409059375525, 0.017941560596227646, 0.0009058291325345635, 0.0027119391597807407, 0.040544990450143814, 0.007162137422710657, 0.04469463229179382, 0.004361056722700596, 0.01670614629983902, 0.010397149249911308, 0.003745386842638254, 0.004052621778100729, 0.01676982268691063, 0.004151861183345318, 0.027072522789239883, 0.01480401586741209, 0.030199553817510605, 0.010546261444687843, 0.0029109125025570393, 0.007227799389511347, 0.009465995244681835, 0.004665623418986797, 0.021349595859646797, 0.004035317339003086, 0.0007016191957518458, 0.0018386930460110307, 0.0011111341882497072, 0.0006259969668462873, 0.0008221431635320187, 0.021117322146892548, 0.02482420951128006, 0.0005637459689751267], "time_taken": 706.8066990375519, "bit_accuracy": 1.0}