{"n_front_dense_FE": 2, "n_front_dense_PE": 2, "n_front_dense_RxDec": 2, "state_width": 8, "n_epochs": 100, "n_additional_epochs": 40, "CFO_coef": 1, "SNR": 13, "J_list": [2.7724316120147705, 2.7717409133911133, 2.772111415863037, 2.772548198699951, 2.771123170852661, 2.771348714828491, 2.769341230392456, 2.7690212726593018, 2.770932674407959, 2.76823353767395, 2.7671029567718506, 2.76594877243042, 2.764880657196045, 2.769672155380249, 2.7677249908447266, 2.7640185356140137, 2.754711151123047, 2.761219024658203, 2.7561163902282715, 2.749285936355591, 2.770512342453003, 2.7492358684539795, 2.7535901069641113, 2.7315800189971924, 2.7527663707733154, 2.7460808753967285, 2.7518506050109863, 2.7123241424560547, 2.6927647590637207, 2.715142011642456, 2.6906278133392334, 2.700326919555664, 2.6685452461242676, 2.660003900527954, 2.6339869499206543, 2.699294328689575, 2.6312003135681152, 2.5998482704162598, 2.598243236541748, 2.574385643005371, 2.5989089012145996, 2.5170929431915283, 2.476602077484131, 2.5003700256347656, 2.498262643814087, 2.493972063064575, 2.382535457611084, 2.3616671562194824, 2.350860118865967, 2.32850980758667, 2.2944700717926025, 2.3041560649871826, 2.1838135719299316, 2.261458396911621, 2.195448398590088, 2.144085645675659, 2.3960354328155518, 2.228400468826294, 2.159071922302246, 2.146733045578003, 2.046720027923584, 2.1705360412597656, 2.140841007232666, 2.0988659858703613, 2.0419280529022217, 2.0236823558807373, 2.1596100330352783, 2.003814458847046, 2.0882952213287354, 1.9162461757659912, 1.9560867547988892, 1.8682796955108643, 1.9824631214141846, 1.842940092086792, 1.8088279962539673, 1.8776404857635498, 1.775276780128479, 1.8975346088409424, 1.7464046478271484, 1.8027684688568115, 1.73247492313385, 1.6937872171401978, 1.756988525390625, 1.7089027166366577, 1.6833889484405518, 1.7127918004989624, 1.6085010766983032, 1.6399495601654053, 1.8423891067504883, 1.5339409112930298, 1.8965206146240234, 1.5303013324737549, 1.5204813480377197, 1.5068155527114868, 1.449535846710205, 1.5364534854888916, 1.497793436050415, 1.4226130247116089, 1.4119861125946045, 1.616377592086792, 1.2905409336090088, 1.4073492288589478, 1.3265516757965088, 1.3176239728927612, 1.442069411277771, 1.6611686944961548, 1.3828885555267334, 1.30025315284729, 1.2956435680389404, 1.6240180730819702, 1.3552577495574951, 1.2749669551849365, 1.4189462661743164, 1.3089547157287598, 1.3193832635879517, 1.2265090942382812, 1.3623565435409546, 1.424709677696228, 1.2793067693710327, 1.2908943891525269], "time_taken": 782.1804161071777, "bit_accuracy": 0.5625}