{"n_front_dense_FE": 2, "n_front_dense_PE": 2, "n_front_dense_RxDec": 2, "state_width": 8, "n_epochs": 100, "n_additional_epochs": 40, "CFO_coef": 1, "SNR": 3, "J_list": [2.772228240966797, 2.7726612091064453, 2.772376537322998, 2.7715530395507812, 2.770164966583252, 2.7704179286956787, 2.7697947025299072, 2.7750868797302246, 2.771026611328125, 2.7661850452423096, 2.7665507793426514, 2.771700859069824, 2.771845579147339, 2.7634708881378174, 2.762605905532837, 2.764772415161133, 2.764965534210205, 2.7588047981262207, 2.7554218769073486, 2.756878137588501, 2.75425386428833, 2.7542524337768555, 2.75091290473938, 2.7592930793762207, 2.74050235748291, 2.741347551345825, 2.7621169090270996, 2.7266554832458496, 2.723501205444336, 2.7241625785827637, 2.7006900310516357, 2.713932514190674, 2.7064061164855957, 2.7017030715942383, 2.6893951892852783, 2.673494338989258, 2.722809314727783, 2.6547718048095703, 2.639155387878418, 2.6054344177246094, 2.599794626235962, 2.611417293548584, 2.572584629058838, 2.636871814727783, 2.5927624702453613, 2.4883506298065186, 2.412332057952881, 2.4208261966705322, 2.4966742992401123, 2.359513998031616, 2.349820613861084, 2.2892889976501465, 2.3719680309295654, 2.4182255268096924, 2.23596453666687, 2.168468952178955, 2.1487483978271484, 2.033789873123169, 2.4222331047058105, 2.0188279151916504, 1.9890377521514893, 1.93389093875885, 1.8408836126327515, 1.860124945640564, 1.8453582525253296, 1.8517522811889648, 1.7646567821502686, 1.6673686504364014, 1.6925697326660156, 1.7647584676742554, 1.6739730834960938, 1.5728418827056885, 2.244213581085205, 1.7499980926513672, 1.4737155437469482, 1.38942551612854, 1.7027565240859985, 1.3968393802642822, 1.328328013420105, 2.5162525177001953, 1.3304229974746704, 1.4721184968948364, 1.258958339691162, 1.236525297164917, 1.1597216129302979, 1.234304666519165, 1.0818445682525635, 1.135908842086792, 1.260204553604126, 1.5012086629867554, 0.9866898655891418, 1.333866834640503, 1.0638267993927002, 0.9774651527404785, 0.959239661693573, 1.023106575012207, 0.9202316403388977, 0.8887864947319031, 0.9384124875068665, 0.8895112872123718, 0.7610710859298706, 0.9058640599250793, 0.7617439031600952, 1.062781810760498, 0.9497648477554321, 0.754436731338501, 0.9821830987930298, 0.8533021211624146, 0.9968563914299011, 0.7194353938102722, 0.8395458459854126, 0.7538365721702576, 1.2837417125701904, 0.6974821090698242, 0.7541267275810242, 0.8110752105712891, 0.7546836137771606, 0.7457446455955505, 1.2910492420196533, 1.6145057678222656], "time_taken": 964.6684491634369, "bit_accuracy": 0.7875}