{"n_front_dense_FE": 1, "n_front_dense_PE": 1, "n_front_dense_RxDec": 2, "state_width": 8, "n_epochs": 15, "J_list": [2.7723450660705566, 2.7723231315612793, 2.770589828491211, 2.7719459533691406, 2.7694411277770996, 2.7683868408203125, 2.767366409301758, 2.761716365814209, 2.761554479598999, 2.75430965423584, 2.7533280849456787, 2.751842975616455, 2.750170946121216, 2.7434616088867188, 2.7407233715057373], "time_taken": 53.94652557373047}