{"n_front_dense_FE": 2, "n_front_dense_PE": 1, "n_front_dense_RxDec": 2, "state_width": 8, "n_epochs": 15, "J_list": [2.772423267364502, 2.7728989124298096, 2.770336866378784, 2.7687315940856934, 2.7661399841308594, 2.7714507579803467, 2.7634828090667725, 2.7586758136749268, 2.754096269607544, 2.7550599575042725, 2.740947723388672, 2.73793363571167, 2.737114429473877, 2.71181058883667, 2.7073593139648438], "time_taken": 55.42980408668518}