{"n_front_dense_FE": 2, "n_front_dense_PE": 1, "n_front_dense_RxDec": 2, "state_width": 8, "n_epochs": 15, "J_list": [2.7721781730651855, 2.773183822631836, 2.7707698345184326, 2.772805690765381, 2.772517681121826, 2.768421173095703, 2.7673447132110596, 2.765641689300537, 2.761129856109619, 2.7582218647003174, 2.7549965381622314, 2.7479891777038574, 2.7423033714294434, 2.7310426235198975, 2.7388229370117188], "time_taken": 55.38638687133789}