{"n_front_dense_FE": 2, "n_front_dense_PE": 1, "n_front_dense_RxDec": 2, "state_width": 8, "n_epochs": 15, "J_list": [2.7720634937286377, 2.7723701000213623, 2.771575927734375, 2.7686214447021484, 2.7669310569763184, 2.7669644355773926, 2.7633450031280518, 2.755955219268799, 2.750992774963379, 2.744439125061035, 2.7471885681152344, 2.7346396446228027, 2.7191174030303955, 2.706578493118286, 2.7015438079833984], "time_taken": 55.65739178657532}