{"n_front_dense_FE": 1, "n_front_dense_PE": 1, "n_front_dense_RxDec": 2, "state_width": 8, "n_epochs": 15, "J_list": [2.7730038166046143, 2.771411180496216, 2.7691543102264404, 2.7695512771606445, 2.7692575454711914, 2.764522075653076, 2.7644569873809814, 2.761754274368286, 2.757620334625244, 2.7605977058410645, 2.754026412963867, 2.745361328125, 2.7469468116760254, 2.726248025894165, 2.7267982959747314], "time_taken": 53.8025119304657}