{"n_front_dense_FE": 2, "n_front_dense_PE": 1, "n_front_dense_RxDec": 2, "state_width": 8, "n_epochs": 15, "J_list": [2.7731285095214844, 2.772367477416992, 2.770537853240967, 2.7693989276885986, 2.7707300186157227, 2.764575242996216, 2.7643465995788574, 2.7612228393554688, 2.7623627185821533, 2.7515790462493896, 2.748511791229248, 2.7439818382263184, 2.7316784858703613, 2.7297616004943848, 2.708850383758545], "time_taken": 56.26453256607056}