{"n_front_dense_FE": 2, "n_front_dense_PE": 1, "n_front_dense_RxDec": 2, "state_width": 8, "n_epochs": 15, "J_list": [2.772787094116211, 2.7721610069274902, 2.77170991897583, 2.7704391479492188, 2.769294261932373, 2.768636703491211, 2.7636733055114746, 2.7667996883392334, 2.758240222930908, 2.7535533905029297, 2.750001907348633, 2.744546413421631, 2.7392477989196777, 2.7279915809631348, 2.717695713043213], "time_taken": 55.374943017959595}