{"n_front_dense_FE": 2, "n_front_dense_PE": 1, "n_front_dense_RxDec": 2, "state_width": 8, "n_epochs": 15, "J_list": [2.7730181217193604, 2.77143931388855, 2.7708699703216553, 2.7716317176818848, 2.7692253589630127, 2.7660646438598633, 2.762817859649658, 2.759183406829834, 2.7556145191192627, 2.7470507621765137, 2.7423744201660156, 2.733872890472412, 2.7161529064178467, 2.7136266231536865, 2.697652816772461], "time_taken": 55.45704698562622}