{"n_front_dense_FE": 1, "n_front_dense_PE": 1, "n_front_dense_RxDec": 2, "state_width": 8, "n_epochs": 15, "J_list": [2.7722506523132324, 2.7711453437805176, 2.768021821975708, 2.768085241317749, 2.7689714431762695, 2.7630667686462402, 2.764317035675049, 2.7626280784606934, 2.76033353805542, 2.756201982498169, 2.751542568206787, 2.74999737739563, 2.738980770111084, 2.729557514190674, 2.7282023429870605], "time_taken": 51.82490158081055}