{"n_front_dense_FE": 1, "n_front_dense_PE": 1, "n_front_dense_RxDec": 2, "state_width": 8, "n_epochs": 15, "J_list": [2.7743306159973145, 2.7717888355255127, 2.772106885910034, 2.7715439796447754, 2.769465684890747, 2.7680130004882812, 2.7663755416870117, 2.765986919403076, 2.763300657272339, 2.7616021633148193, 2.7582061290740967, 2.754268169403076, 2.7509236335754395, 2.74572491645813, 2.7387192249298096], "time_taken": 66.95007872581482}