{"n_front_dense_FE": 1, "n_front_dense_PE": 1, "n_front_dense_RxDec": 2, "state_width": 8, "n_epochs": 15, "J_list": [2.773385763168335, 2.772122383117676, 2.7733871936798096, 2.7708468437194824, 2.7692997455596924, 2.7662975788116455, 2.766521453857422, 2.7632834911346436, 2.762113332748413, 2.7605795860290527, 2.7540433406829834, 2.7494750022888184, 2.7531275749206543, 2.7369754314422607, 2.737478494644165], "time_taken": 56.30866861343384}