{"n_front_dense_FE": 1, "n_front_dense_PE": 1, "n_front_dense_RxDec": 2, "state_width": 8, "n_epochs": 15, "J_list": [2.771996259689331, 2.771209239959717, 2.77095103263855, 2.771113872528076, 2.7697455883026123, 2.7687222957611084, 2.7634365558624268, 2.762531280517578, 2.7626466751098633, 2.7540669441223145, 2.7556920051574707, 2.7441024780273438, 2.7470335960388184, 2.740453004837036, 2.7344553470611572], "time_taken": 63.51765561103821}