{"n_front_dense_FE": 2, "n_front_dense_PE": 1, "n_front_dense_RxDec": 2, "state_width": 8, "n_epochs": 15, "J_list": [2.772395372390747, 2.7715883255004883, 2.7701587677001953, 2.768503189086914, 2.7662031650543213, 2.7679266929626465, 2.762265682220459, 2.759640693664551, 2.7502732276916504, 2.749812602996826, 2.7463881969451904, 2.7352757453918457, 2.726391315460205, 2.7072269916534424, 2.6965534687042236], "time_taken": 55.03984332084656}