{"n_front_dense_FE": 3, "n_front_dense_PE": 1, "n_front_dense_RxDec": 2, "state_width": 8, "n_epochs": 15, "J_list": [2.772329807281494, 2.7719311714172363, 2.770357608795166, 2.7714791297912598, 2.7652249336242676, 2.763868808746338, 2.7607369422912598, 2.758009433746338, 2.747405767440796, 2.7365505695343018, 2.721569299697876, 2.7025177478790283, 2.6960079669952393, 2.659637451171875, 2.6296989917755127], "time_taken": 62.29930400848389}