{"n_front_dense_FE": 2, "n_front_dense_PE": 1, "n_front_dense_RxDec": 2, "state_width": 8, "n_epochs": 15, "J_list": [2.7730467319488525, 2.772364854812622, 2.7703797817230225, 2.7696685791015625, 2.7676444053649902, 2.7672982215881348, 2.7668280601501465, 2.759878635406494, 2.760406494140625, 2.7531399726867676, 2.7493789196014404, 2.7421162128448486, 2.73492431640625, 2.722731113433838, 2.705461263656616], "time_taken": 57.81642985343933}