{"n_front_dense_FE": 1, "n_front_dense_PE": 1, "n_front_dense_RxDec": 2, "state_width": 8, "n_epochs": 15, "J_list": [2.7732200622558594, 2.7717623710632324, 2.771857738494873, 2.770128011703491, 2.7682712078094482, 2.7668445110321045, 2.7648603916168213, 2.7612571716308594, 2.7590155601501465, 2.7568271160125732, 2.7496979236602783, 2.74566388130188, 2.740431308746338, 2.7351157665252686, 2.7323410511016846], "time_taken": 53.78893256187439}