{"n_front_dense_FE": 3, "n_front_dense_PE": 1, "n_front_dense_RxDec": 2, "state_width": 8, "n_epochs": 15, "J_list": [2.7733428478240967, 2.7723300457000732, 2.772914409637451, 2.771954298019409, 2.7718119621276855, 2.7697200775146484, 2.768348217010498, 2.767469882965088, 2.763889789581299, 2.759901762008667, 2.757751941680908, 2.7528748512268066, 2.7474818229675293, 2.7383127212524414, 2.7291300296783447], "time_taken": 61.268107414245605}