{"n_front_dense_FE": 2, "n_front_dense_PE": 1, "n_front_dense_RxDec": 2, "state_width": 8, "n_epochs": 15, "J_list": [2.773404598236084, 2.771533966064453, 2.771216869354248, 2.7688891887664795, 2.766573190689087, 2.763038158416748, 2.7622573375701904, 2.7552173137664795, 2.750108242034912, 2.7469661235809326, 2.7393672466278076, 2.72359037399292, 2.7143876552581787, 2.694880247116089, 2.684915065765381], "time_taken": 54.67762637138367}