{"n_front_dense_FE": 1, "n_front_dense_PE": 1, "n_front_dense_RxDec": 2, "state_width": 8, "n_epochs": 15, "J_list": [2.772212266921997, 2.770493745803833, 2.7700905799865723, 2.7682132720947266, 2.7684237957000732, 2.7664783000946045, 2.7622294425964355, 2.763864517211914, 2.753174066543579, 2.7580466270446777, 2.753203868865967, 2.7496390342712402, 2.7431960105895996, 2.729156970977783, 2.729611873626709], "time_taken": 53.91110420227051}