{"n_front_dense_FE": 3, "n_front_dense_PE": 1, "n_front_dense_RxDec": 2, "state_width": 8, "n_epochs": 15, "J_list": [2.772470712661743, 2.7721970081329346, 2.771836996078491, 2.771160840988159, 2.7673816680908203, 2.7671449184417725, 2.7624213695526123, 2.758939027786255, 2.7574448585510254, 2.7470266819000244, 2.7369251251220703, 2.7256855964660645, 2.71506929397583, 2.7097575664520264, 2.6835334300994873], "time_taken": 71.03454828262329}