{"n_front_dense_FE": 1, "n_front_dense_PE": 1, "n_front_dense_RxDec": 2, "state_width": 8, "n_epochs": 15, "J_list": [2.7723865509033203, 2.7719383239746094, 2.771545886993408, 2.769746780395508, 2.7698404788970947, 2.765160083770752, 2.7658944129943848, 2.7587432861328125, 2.7653441429138184, 2.7617533206939697, 2.754251003265381, 2.7541027069091797, 2.7453665733337402, 2.744183301925659, 2.736544132232666], "time_taken": 61.079726219177246}