{"n_front_dense_FE": 2, "n_front_dense_PE": 1, "n_front_dense_RxDec": 2, "state_width": 8, "n_epochs": 15, "J_list": [2.773106098175049, 2.7711780071258545, 2.770989179611206, 2.7704381942749023, 2.7686142921447754, 2.766685724258423, 2.762531042098999, 2.7607083320617676, 2.7577884197235107, 2.7503318786621094, 2.749532699584961, 2.7326500415802, 2.7253565788269043, 2.7145729064941406, 2.7073230743408203], "time_taken": 55.462647676467896}