{"n_front_dense_FE": 1, "n_front_dense_PE": 1, "n_front_dense_RxDec": 2, "state_width": 8, "n_epochs": 15, "J_list": [2.7746822834014893, 2.7714130878448486, 2.771259307861328, 2.7675998210906982, 2.7682478427886963, 2.768204927444458, 2.764477491378784, 2.761176586151123, 2.7565200328826904, 2.758002758026123, 2.754185676574707, 2.7506051063537598, 2.745619535446167, 2.73228120803833, 2.7261838912963867], "time_taken": 54.17072534561157}