{"n_front_dense_FE": 2, "n_front_dense_PE": 1, "n_front_dense_RxDec": 2, "state_width": 8, "n_epochs": 15, "J_list": [2.7720108032226562, 2.7729086875915527, 2.769599199295044, 2.771371841430664, 2.7667934894561768, 2.768176555633545, 2.767746686935425, 2.7607765197753906, 2.75666880607605, 2.7477974891662598, 2.7418932914733887, 2.7349963188171387, 2.721524715423584, 2.7186365127563477, 2.699169874191284], "time_taken": 56.76982355117798}