{"n_front_dense_FE": 1, "n_front_dense_PE": 1, "n_front_dense_RxDec": 2, "state_width": 8, "n_epochs": 15, "J_list": [2.773360252380371, 2.771340847015381, 2.7709431648254395, 2.767806053161621, 2.7674777507781982, 2.7616591453552246, 2.7650020122528076, 2.759990692138672, 2.757169246673584, 2.751282215118408, 2.7535548210144043, 2.7417120933532715, 2.7369346618652344, 2.737351179122925, 2.7242393493652344], "time_taken": 70.9146819114685}