{"n_front_dense_FE": 1, "n_front_dense_PE": 1, "n_front_dense_RxDec": 2, "state_width": 8, "n_epochs": 15, "J_list": [2.7726635932922363, 2.7724111080169678, 2.7721354961395264, 2.771897554397583, 2.769115447998047, 2.7671878337860107, 2.7672295570373535, 2.764312744140625, 2.7630972862243652, 2.762256622314453, 2.7593400478363037, 2.755723476409912, 2.7511918544769287, 2.7516512870788574, 2.7443666458129883], "time_taken": 63.84520745277405}