{"n_front_dense_FE": 1, "n_front_dense_PE": 1, "n_front_dense_RxDec": 2, "state_width": 8, "n_epochs": 15, "J_list": [2.773699998855591, 2.773101806640625, 2.7716612815856934, 2.7691028118133545, 2.767705202102661, 2.7653422355651855, 2.765824556350708, 2.7574191093444824, 2.757953643798828, 2.7597172260284424, 2.74708890914917, 2.7482035160064697, 2.7406115531921387, 2.734748125076294, 2.7292189598083496], "time_taken": 53.160032510757446}