{"n_front_dense_FE": 3, "n_front_dense_PE": 1, "n_front_dense_RxDec": 2, "state_width": 8, "n_epochs": 15, "J_list": [2.7717623710632324, 2.7726638317108154, 2.7688069343566895, 2.7702271938323975, 2.768527030944824, 2.7652041912078857, 2.7585511207580566, 2.7533397674560547, 2.752809524536133, 2.746349811553955, 2.7377028465270996, 2.72153902053833, 2.7054567337036133, 2.692844867706299, 2.6920852661132812], "time_taken": 71.94682884216309}