{"n_front_dense_FE": 1, "n_front_dense_PE": 1, "n_front_dense_RxDec": 2, "state_width": 8, "n_epochs": 15, "J_list": [2.7733826637268066, 2.772484302520752, 2.7705695629119873, 2.770082950592041, 2.769258499145508, 2.769505023956299, 2.765373468399048, 2.765169620513916, 2.76503324508667, 2.7610487937927246, 2.7563724517822266, 2.7499759197235107, 2.7486608028411865, 2.742095708847046, 2.73710298538208], "time_taken": 55.66983723640442}