{"n_front_dense_FE": 1, "n_front_dense_PE": 1, "n_front_dense_RxDec": 2, "state_width": 8, "n_epochs": 15, "J_list": [2.772578477859497, 2.771122932434082, 2.7726941108703613, 2.767751455307007, 2.770869493484497, 2.7677769660949707, 2.7650351524353027, 2.763104200363159, 2.759925365447998, 2.7590620517730713, 2.7551398277282715, 2.754365921020508, 2.7488088607788086, 2.7466952800750732, 2.7368645668029785], "time_taken": 53.573227405548096}