{"n_front_dense_FE": 1, "n_front_dense_PE": 1, "n_front_dense_RxDec": 2, "state_width": 8, "n_epochs": 15, "J_list": [2.7715632915496826, 2.7711217403411865, 2.7709765434265137, 2.768810272216797, 2.7670223712921143, 2.7671144008636475, 2.765582323074341, 2.760178565979004, 2.7582950592041016, 2.760803699493408, 2.75451397895813, 2.7468528747558594, 2.7427446842193604, 2.7391626834869385, 2.7298309803009033], "time_taken": 53.87902855873108}