{"n_front_dense_FE": 3, "n_front_dense_PE": 1, "n_front_dense_RxDec": 2, "state_width": 8, "n_epochs": 15, "J_list": [2.7732443809509277, 2.7715649604797363, 2.7708559036254883, 2.7700986862182617, 2.7697739601135254, 2.766549587249756, 2.7666845321655273, 2.763728141784668, 2.755000352859497, 2.756420612335205, 2.749145746231079, 2.7387897968292236, 2.7282626628875732, 2.7088546752929688, 2.701305389404297], "time_taken": 59.99960684776306}