{"n_front_dense_FE": 1, "n_front_dense_PE": 1, "n_front_dense_RxDec": 2, "state_width": 8, "n_epochs": 15, "J_list": [2.772592067718506, 2.770744562149048, 2.769920825958252, 2.7713704109191895, 2.766244411468506, 2.762871265411377, 2.7659053802490234, 2.7634520530700684, 2.758289337158203, 2.7547097206115723, 2.750908613204956, 2.74980092048645, 2.746356248855591, 2.7385427951812744, 2.731717824935913], "time_taken": 54.86446475982666}