{"n_front_dense_FE": 2, "n_front_dense_PE": 1, "n_front_dense_RxDec": 2, "state_width": 8, "n_epochs": 15, "J_list": [2.7724292278289795, 2.772054672241211, 2.771228551864624, 2.769364833831787, 2.7682647705078125, 2.765549898147583, 2.7649104595184326, 2.76176118850708, 2.755777359008789, 2.7583513259887695, 2.7559707164764404, 2.7432808876037598, 2.7382748126983643, 2.7320494651794434, 2.7226336002349854], "time_taken": 54.54882740974426}