{"n_front_dense_FE": 2, "n_front_dense_PE": 1, "n_front_dense_RxDec": 2, "state_width": 8, "n_epochs": 15, "J_list": [2.7725930213928223, 2.7724709510803223, 2.7716286182403564, 2.7694077491760254, 2.7700252532958984, 2.768213987350464, 2.7652857303619385, 2.7635786533355713, 2.7572646141052246, 2.7552998065948486, 2.748157024383545, 2.7434210777282715, 2.7362396717071533, 2.7282187938690186, 2.7136731147766113], "time_taken": 55.44441366195679}