{"n_front_dense_FE": 1, "n_front_dense_PE": 1, "n_front_dense_RxDec": 2, "state_width": 8, "n_epochs": 15, "J_list": [2.7723851203918457, 2.771138906478882, 2.770857334136963, 2.769538402557373, 2.766573429107666, 2.768019914627075, 2.7656607627868652, 2.764369249343872, 2.761505126953125, 2.760802984237671, 2.756706953048706, 2.7501742839813232, 2.745384693145752, 2.7443487644195557, 2.732431411743164], "time_taken": 63.09933948516846}