{"n_front_dense_FE": 1, "n_front_dense_PE": 1, "n_front_dense_RxDec": 2, "state_width": 8, "n_epochs": 15, "J_list": [2.772627353668213, 2.7712349891662598, 2.7706282138824463, 2.7687973976135254, 2.768059492111206, 2.7687511444091797, 2.7670323848724365, 2.7605059146881104, 2.7624118328094482, 2.757972240447998, 2.7589709758758545, 2.752178907394409, 2.7466397285461426, 2.7448291778564453, 2.734915256500244], "time_taken": 53.76959037780762}