{"n_front_dense_FE": 1, "n_front_dense_PE": 1, "n_front_dense_RxDec": 2, "state_width": 8, "n_epochs": 15, "J_list": [2.772373676300049, 2.7716917991638184, 2.771022081375122, 2.7684731483459473, 2.7682056427001953, 2.766958713531494, 2.762972593307495, 2.761463165283203, 2.7600557804107666, 2.757349729537964, 2.7504191398620605, 2.7484729290008545, 2.740273952484131, 2.732041120529175, 2.7301127910614014], "time_taken": 51.59486532211304}