{"n_front_dense_FE": 2, "n_front_dense_PE": 1, "n_front_dense_RxDec": 2, "state_width": 8, "n_epochs": 15, "J_list": [2.772618055343628, 2.772022247314453, 2.7703683376312256, 2.7699248790740967, 2.7681989669799805, 2.76365065574646, 2.7599780559539795, 2.7592673301696777, 2.754800796508789, 2.746192693710327, 2.747063398361206, 2.7403080463409424, 2.7256722450256348, 2.712141752243042, 2.698263168334961], "time_taken": 57.93974709510803}