{"n_front_dense_FE": 2, "n_front_dense_PE": 1, "n_front_dense_RxDec": 2, "state_width": 8, "n_epochs": 15, "J_list": [2.7723910808563232, 2.771399974822998, 2.7712695598602295, 2.771300792694092, 2.7686586380004883, 2.7664055824279785, 2.766594886779785, 2.7630820274353027, 2.753824234008789, 2.755582094192505, 2.7515034675598145, 2.744250774383545, 2.730952262878418, 2.7217445373535156, 2.7152771949768066], "time_taken": 57.75433015823364}