{"n_front_dense_FE": 2, "n_front_dense_PE": 1, "n_front_dense_RxDec": 2, "state_width": 8, "n_epochs": 15, "J_list": [2.772977828979492, 2.7721352577209473, 2.770491600036621, 2.7703840732574463, 2.7694358825683594, 2.766817808151245, 2.7643656730651855, 2.7639846801757812, 2.758899688720703, 2.7571640014648438, 2.7484290599823, 2.7447714805603027, 2.737248182296753, 2.7325987815856934, 2.71374249458313], "time_taken": 55.169668197631836}