{"n_front_dense_FE": 1, "n_front_dense_PE": 1, "n_front_dense_RxDec": 2, "state_width": 8, "n_epochs": 15, "J_list": [2.7737183570861816, 2.7735507488250732, 2.771554708480835, 2.768913984298706, 2.7684881687164307, 2.7640128135681152, 2.7684109210968018, 2.7633471488952637, 2.7608253955841064, 2.755841016769409, 2.752073049545288, 2.747501850128174, 2.7474894523620605, 2.741919994354248, 2.734656572341919], "time_taken": 57.031005859375}