{"n_front_dense_FE": 2, "n_front_dense_PE": 1, "n_front_dense_RxDec": 2, "state_width": 8, "n_epochs": 15, "J_list": [2.7717504501342773, 2.772944927215576, 2.771951198577881, 2.7707784175872803, 2.768664836883545, 2.7649216651916504, 2.7670748233795166, 2.7628397941589355, 2.7589149475097656, 2.75603985786438, 2.7516720294952393, 2.745619773864746, 2.735586643218994, 2.727201461791992, 2.7161171436309814], "time_taken": 55.03974151611328}