{"n_front_dense_FE": 1, "n_front_dense_PE": 1, "n_front_dense_RxDec": 2, "state_width": 8, "n_epochs": 15, "J_list": [2.7732815742492676, 2.7718749046325684, 2.7708358764648438, 2.7685546875, 2.766984224319458, 2.767301082611084, 2.761939287185669, 2.764226198196411, 2.7605092525482178, 2.7572684288024902, 2.755913019180298, 2.7496933937072754, 2.736250638961792, 2.737687587738037, 2.729586362838745], "time_taken": 66.63350749015808}