{"n_front_dense_FE": 2, "n_front_dense_PE": 1, "n_front_dense_RxDec": 2, "state_width": 8, "n_epochs": 15, "J_list": [2.7730705738067627, 2.7719812393188477, 2.7713685035705566, 2.7703888416290283, 2.7682106494903564, 2.767531394958496, 2.7644546031951904, 2.761237859725952, 2.757432460784912, 2.7575783729553223, 2.7493526935577393, 2.7456605434417725, 2.7323288917541504, 2.730510711669922, 2.7116305828094482], "time_taken": 54.76993417739868}