{"n_front_dense_FE": 2, "n_front_dense_PE": 2, "n_front_dense_RxDec": 2, "state_width": 16, "n_epochs": 100, "n_additional_epochs": 40, "CFO_coef": 1, "SNR": 3, "J_list": [2.7736828327178955, 2.7734384536743164, 2.7713847160339355, 2.7724132537841797, 2.771655321121216, 2.774733304977417, 2.772282123565674, 2.7739415168762207, 2.7721431255340576, 2.7727246284484863, 2.7730772495269775, 2.767718553543091, 2.7718846797943115, 2.7689640522003174, 2.768566131591797, 2.7762279510498047, 2.7677934169769287, 2.770174741744995, 2.759934902191162, 2.7687737941741943, 2.7688510417938232, 2.7681884765625, 2.7592597007751465, 2.7584309577941895, 2.7587392330169678, 2.7535462379455566, 2.752986431121826, 2.7483601570129395, 2.7701401710510254, 2.752790927886963, 2.7286601066589355, 2.7518017292022705, 2.724508762359619, 2.709749698638916, 2.716050863265991, 2.7220349311828613, 2.6969950199127197, 2.7260539531707764, 2.7069103717803955, 2.719727039337158, 2.677058458328247, 2.6444408893585205, 2.5755295753479004, 2.6224026679992676, 2.685403823852539, 2.648721933364868, 2.584005832672119, 2.5441689491271973, 2.5364654064178467, 2.4273171424865723, 2.509582042694092, 2.471973180770874, 2.386420726776123, 2.5922188758850098, 2.5089449882507324, 2.4534411430358887, 2.7634987831115723, 2.3248608112335205, 2.2880661487579346, 2.308164119720459, 2.429905414581299, 2.4698290824890137, 2.3091843128204346, 2.452697992324829, 2.351738452911377, 2.1958916187286377, 2.2137248516082764, 2.1229851245880127, 2.1595921516418457, 2.113942861557007, 2.207327127456665, 2.3008596897125244, 2.14408540725708, 2.0704944133758545, 1.9365293979644775, 2.1746363639831543, 2.2246344089508057, 2.0412793159484863, 1.8137840032577515, 2.01128888130188, 1.7092292308807373, 2.137620210647583, 1.9759140014648438, 2.0644028186798096, 1.9594390392303467, 2.042985677719116, 1.9226768016815186, 1.7547601461410522, 1.8641579151153564, 1.9329725503921509, 2.0490405559539795, 1.7768440246582031, 1.9870092868804932, 1.7981945276260376, 1.8551315069198608, 1.9108349084854126, 1.883472204208374, 1.5393495559692383, 1.7833688259124756, 2.0456557273864746, 1.7169620990753174, 1.8388020992279053, 1.6755743026733398, 1.5709459781646729, 2.050886869430542, 1.9277451038360596, 1.6271320581436157, 1.5460487604141235, 1.8627159595489502, 1.6679027080535889, 1.6512916088104248, 1.6349788904190063, 1.7086395025253296, 1.5600141286849976, 1.6316769123077393, 1.6556628942489624, 1.8772112131118774, 1.5459721088409424, 1.669372320175171, 1.9964096546173096, 1.4559881687164307, 1.6262544393539429, 1.851321816444397, 1.4510557651519775, 1.8460314273834229, 1.7158222198486328, 1.4874885082244873, 1.5974360704421997, 1.940636396408081, 1.5572434663772583, 1.657098412513733, 1.495278000831604, 1.539218783378601, 1.6932823657989502, 1.6967308521270752, 1.7664531469345093, 1.999219298362732, 1.9241559505462646, 1.5615873336791992, 1.6293061971664429], "time_taken": 693.6743144989014, "bit_accuracy": 0.33749999999999997}