{"n_front_dense_FE": 2, "n_front_dense_PE": 2, "n_front_dense_RxDec": 2, "state_width": 16, "n_epochs": 100, "n_additional_epochs": 40, "CFO_coef": 1, "SNR": 6, "J_list": [2.7726657390594482, 2.775562047958374, 2.7726528644561768, 2.7730720043182373, 2.772139310836792, 2.7739245891571045, 2.773272752761841, 2.7744178771972656, 2.772517204284668, 2.768261671066284, 2.776029109954834, 2.772031307220459, 2.7702395915985107, 2.7724013328552246, 2.7738847732543945, 2.771543502807617, 2.7680907249450684, 2.7652597427368164, 2.7739040851593018, 2.7778501510620117, 2.7684152126312256, 2.7652230262756348, 2.7674920558929443, 2.753635883331299, 2.7672648429870605, 2.765418291091919, 2.761131525039673, 2.7550644874572754, 2.7642178535461426, 2.7589027881622314, 2.741450071334839, 2.735664129257202, 2.740605592727661, 2.7128806114196777, 2.734626293182373, 2.7249364852905273, 2.716219425201416, 2.7165048122406006, 2.712308645248413, 2.7147133350372314, 2.6664786338806152, 2.6409945487976074, 2.62492036819458, 2.6013309955596924, 2.6742148399353027, 2.5992190837860107, 2.5761783123016357, 2.596501111984253, 2.6077606678009033, 2.548032283782959, 2.4914817810058594, 2.4636242389678955, 2.4447102546691895, 2.488801956176758, 2.5204074382781982, 2.5526366233825684, 2.471991777420044, 2.4728732109069824, 2.4915356636047363, 2.4009523391723633, 2.549799919128418, 2.486403226852417, 2.3121845722198486, 2.4100470542907715, 2.39448618888855, 2.264249324798584, 2.3178553581237793, 2.197558879852295, 2.261951208114624, 2.2100777626037598, 2.1360175609588623, 2.172039747238159, 2.243457317352295, 2.258230209350586, 2.080165147781372, 1.9865459203720093, 2.135580539703369, 2.143479347229004, 2.058703899383545, 2.0889294147491455, 1.8859174251556396, 2.0919487476348877, 2.0843632221221924, 2.166274309158325, 1.9395887851715088, 1.8835937976837158, 1.7798858880996704, 2.148033618927002, 2.3031086921691895, 2.1574599742889404, 1.8286558389663696, 2.1050097942352295, 2.0226335525512695, 1.7759681940078735, 1.9086754322052002, 1.9664039611816406, 2.160601854324341, 2.090120315551758, 1.72199285030365, 1.7330996990203857, 1.9140665531158447, 1.8852107524871826, 1.7634998559951782, 1.9953482151031494, 1.7766573429107666, 1.900968313217163, 1.9647819995880127, 2.141540765762329, 2.102844715118408, 2.1724369525909424, 1.9414392709732056, 2.095526695251465, 1.8999052047729492, 2.09605073928833, 1.781900405883789, 1.7621181011199951, 2.065324306488037, 1.9462649822235107, 1.9393326044082642, 2.046764850616455, 1.850669503211975, 2.0031628608703613, 2.019481658935547, 1.6163394451141357, 1.9015681743621826, 1.898317575454712, 1.8439931869506836, 1.8650859594345093, 2.3641133308410645, 1.9276111125946045, 1.8319709300994873, 1.843147873878479, 1.7777782678604126, 2.0455479621887207, 1.9194409847259521, 2.1980509757995605, 2.0371100902557373, 2.2391910552978516, 2.111924409866333, 1.8905023336410522], "time_taken": 827.5645883083344, "bit_accuracy": 0.30125}