{"n_front_dense_FE": 2, "n_front_dense_PE": 2, "n_front_dense_RxDec": 2, "state_width": 0, "n_epochs": 100, "n_additional_epochs": 10, "CFO_coef": 1, "SNR": 10, "J_list": [2.7725894451141357, 2.7718777656555176, 2.7733492851257324, 2.7739529609680176, 2.7700986862182617, 2.771347999572754, 2.774928569793701, 2.774977684020996, 2.772918462753296, 2.769130229949951, 2.7708919048309326, 2.7773101329803467, 2.773778200149536, 2.779019355773926, 2.7753100395202637, 2.772505521774292, 2.7715275287628174, 2.7794189453125, 2.775475263595581, 2.7756237983703613, 2.7750205993652344, 2.7728683948516846, 2.774869918823242, 2.7725815773010254, 2.7721309661865234, 2.7717795372009277, 2.7717461585998535, 2.7705605030059814, 2.771259307861328, 2.7734477519989014, 2.7760708332061768, 2.773778200149536, 2.774435043334961, 2.7721588611602783, 2.771839141845703, 2.7728381156921387, 2.773961305618286, 2.771894931793213, 2.7750391960144043, 2.771843671798706, 2.773837089538574, 2.773375988006592, 2.771477222442627, 2.771200656890869, 2.772749900817871, 2.775035858154297, 2.7697291374206543, 2.7740063667297363, 2.7755393981933594, 2.77459716796875, 2.771601915359497, 2.77286958694458, 2.7715978622436523, 2.771080732345581, 2.774298906326294, 2.772904872894287, 2.770540952682495, 2.7736213207244873, 2.77097487449646, 2.7713732719421387, 2.7730441093444824, 2.771496295928955, 2.774686098098755, 2.773852825164795, 2.774379253387451, 2.773263692855835, 2.77229642868042, 2.769826650619507, 2.769868850708008, 2.772156238555908, 2.7757904529571533, 2.774359941482544, 2.777094602584839, 2.774578094482422, 2.773620128631592, 2.7699244022369385, 2.77689790725708, 2.771979808807373, 2.773603916168213, 2.7737631797790527, 2.7742233276367188, 2.774137020111084, 2.7750353813171387, 2.772919178009033, 2.774221658706665, 2.772540330886841, 2.7739920616149902, 2.7723565101623535, 2.77325177192688, 2.773756504058838, 2.773651599884033, 2.7739720344543457, 2.7714662551879883, 2.7710907459259033, 2.772212505340576, 2.774383068084717, 2.7714381217956543, 2.773581027984619, 2.773818016052246, 2.771061420440674, 2.7714035511016846, 2.7754969596862793, 2.7732863426208496, 2.775696277618408, 2.7737784385681152, 2.7729716300964355, 2.7720069885253906, 2.773472785949707, 2.774831771850586, 2.7720537185668945], "time_taken": 674.1692576408386, "bit_accuracy": 0.04375}