{"n_front_dense_FE": 2, "n_front_dense_PE": 2, "n_front_dense_RxDec": 2, "state_width": 0, "n_epochs": 100, "n_additional_epochs": 10, "CFO_coef": 1, "SNR": 6, "J_list": [2.7725894451141357, 2.7721667289733887, 2.7727622985839844, 2.77301025390625, 2.7712860107421875, 2.7743980884552, 2.773226261138916, 2.771859645843506, 2.7733986377716064, 2.7747955322265625, 2.7736942768096924, 2.775205135345459, 2.774507522583008, 2.77195143699646, 2.7740256786346436, 2.7680413722991943, 2.773514986038208, 2.7746245861053467, 2.775078773498535, 2.771216869354248, 2.774412155151367, 2.767428159713745, 2.7712907791137695, 2.7722229957580566, 2.774479389190674, 2.7689151763916016, 2.7748939990997314, 2.7718968391418457, 2.774115800857544, 2.7728419303894043, 2.77410888671875, 2.774031162261963, 2.77046537399292, 2.7712748050689697, 2.7747983932495117, 2.774655818939209, 2.774676561355591, 2.774761915206909, 2.7755014896392822, 2.7729263305664062, 2.7738595008850098, 2.774928569793701, 2.775477886199951, 2.7671971321105957, 2.7720630168914795, 2.7704386711120605, 2.771106719970703, 2.7736423015594482, 2.7727391719818115, 2.7734487056732178, 2.774060010910034, 2.7740695476531982, 2.7726402282714844, 2.774472713470459, 2.7713847160339355, 2.7729949951171875, 2.7748351097106934, 2.7755730152130127, 2.770362615585327, 2.7720770835876465, 2.770787000656128, 2.769395112991333, 2.773757219314575, 2.7780025005340576, 2.7738003730773926, 2.7761542797088623, 2.7745893001556396, 2.777912139892578, 2.7722229957580566, 2.773015260696411, 2.7717154026031494, 2.772529363632202, 2.7744879722595215, 2.771167039871216, 2.773144006729126, 2.772867202758789, 2.7709622383117676, 2.7739548683166504, 2.7724363803863525, 2.77569580078125, 2.775780439376831, 2.7687907218933105, 2.7712841033935547, 2.772270679473877, 2.774677038192749, 2.7723746299743652, 2.7729692459106445, 2.7704434394836426, 2.7735564708709717, 2.7730345726013184, 2.7746453285217285, 2.7720491886138916, 2.774289608001709, 2.7712385654449463, 2.773371458053589, 2.7746288776397705, 2.7756893634796143, 2.7710719108581543, 2.7738802433013916, 2.774226665496826, 2.7759220600128174, 2.775562286376953, 2.7726473808288574, 2.7756378650665283, 2.773080587387085, 2.7691524028778076, 2.7735440731048584, 2.7751221656799316, 2.7723186016082764, 2.7734508514404297], "time_taken": 759.1559534072876, "bit_accuracy": 0.046875}