{"n_front_dense_FE": 2, "n_front_dense_PE": 2, "n_front_dense_RxDec": 2, "state_width": 2, "n_epochs": 100, "n_additional_epochs": 10, "CFO_coef": 1, "SNR": 10, "J_list": [2.7731773853302, 2.7798876762390137, 2.788743495941162, 2.776493787765503, 2.769531488418579, 2.773249387741089, 2.746748208999634, 2.739846706390381, 2.6936326026916504, 2.5864176750183105, 2.536419153213501, 2.50189471244812, 2.657498836517334, 2.4069221019744873, 2.517000675201416, 2.582484245300293, 2.3059496879577637, 2.2344412803649902, 2.390946865081787, 2.3970980644226074, 2.3015522956848145, 2.1679577827453613, 2.796877384185791, 2.0888314247131348, 2.173652410507202, 2.156522274017334, 2.042447328567505, 2.1472926139831543, 2.290069103240967, 2.001347303390503, 1.8387569189071655, 1.8570467233657837, 1.7581638097763062, 1.8837356567382812, 1.6895997524261475, 1.7776107788085938, 2.0135438442230225, 1.6250489950180054, 1.747656226158142, 1.6359376907348633, 2.337357521057129, 1.8101650476455688, 2.258502960205078, 1.527241826057434, 1.7278106212615967, 1.6579959392547607, 1.4812439680099487, 1.417601466178894, 1.965235710144043, 1.652655005455017, 1.2928167581558228, 1.2347739934921265, 2.0140035152435303, 1.2073991298675537, 1.5819228887557983, 1.427389144897461, 1.4990057945251465, 1.3980900049209595, 1.1663089990615845, 1.1626958847045898, 1.2244120836257935, 1.1868581771850586, 1.3658106327056885, 1.1350656747817993, 1.1286020278930664, 0.9769350290298462, 1.0165828466415405, 0.8521175384521484, 0.8722245097160339, 0.9990377426147461, 0.9472373127937317, 0.8542488217353821, 0.799683153629303, 0.779095470905304, 0.6750911474227905, 0.7297414541244507, 0.763837456703186, 0.9429229497909546, 0.8233521580696106, 1.0426485538482666, 0.8470395803451538, 0.5629996061325073, 0.7187916040420532, 1.8038074970245361, 0.7430519461631775, 0.5531365275382996, 0.7747775316238403, 0.6704937815666199, 0.5968851447105408, 0.6584363579750061, 0.5857241749763489, 0.5682703256607056, 0.4949508607387543, 0.40365511178970337, 0.39620116353034973, 0.48083680868148804, 0.632347583770752, 0.6728174686431885, 0.7216199040412903, 0.5345728993415833, 0.567014217376709, 0.5372247695922852, 0.37535515427589417, 0.3679731786251068, 0.3931456506252289, 0.31651368737220764, 0.30604761838912964, 0.35612615942955017, 0.32890263199806213, 0.25261732935905457], "time_taken": 593.9719488620758, "bit_accuracy": 0.9125}