{"n_front_dense_FE": 2, "n_front_dense_PE": 2, "n_front_dense_RxDec": 2, "state_width": 0, "n_epochs": 100, "n_additional_epochs": 10, "CFO_coef": 1, "SNR": 1, "J_list": [2.7725894451141357, 2.7732882499694824, 2.772202491760254, 2.773772716522217, 2.772198438644409, 2.772409439086914, 2.772489547729492, 2.771355628967285, 2.7719974517822266, 2.7738895416259766, 2.7736012935638428, 2.7728514671325684, 2.7764945030212402, 2.771522045135498, 2.77238392829895, 2.7713124752044678, 2.776139736175537, 2.7735376358032227, 2.7731833457946777, 2.7750048637390137, 2.773285388946533, 2.774714708328247, 2.771587371826172, 2.7735772132873535, 2.776831865310669, 2.7694156169891357, 2.772381067276001, 2.771690845489502, 2.774580240249634, 2.7752199172973633, 2.771474838256836, 2.7703540325164795, 2.7711093425750732, 2.774754047393799, 2.774418354034424, 2.7739503383636475, 2.777651786804199, 2.7731528282165527, 2.7723586559295654, 2.7714505195617676, 2.774787425994873, 2.774418354034424, 2.7730002403259277, 2.773188352584839, 2.7703170776367188, 2.773956298828125, 2.773345947265625, 2.774169921875, 2.771583080291748, 2.7729110717773438, 2.772310733795166, 2.775297164916992, 2.7710399627685547, 2.773607015609741, 2.7733123302459717, 2.7729780673980713, 2.7719502449035645, 2.7726924419403076, 2.771477460861206, 2.7725627422332764, 2.771066188812256, 2.7718875408172607, 2.77319073677063, 2.7711663246154785, 2.7749667167663574, 2.773568630218506, 2.771892547607422, 2.7744016647338867, 2.770949125289917, 2.7754108905792236, 2.7727863788604736, 2.7722976207733154, 2.776175022125244, 2.7746264934539795, 2.7742319107055664, 2.773850202560425, 2.775766372680664, 2.7735695838928223, 2.774122714996338, 2.7735939025878906, 2.7716012001037598, 2.7744522094726562, 2.774092197418213, 2.773064136505127, 2.7711575031280518, 2.7727062702178955, 2.7708382606506348, 2.7731947898864746, 2.770106077194214, 2.7737653255462646, 2.7735087871551514, 2.771270275115967, 2.7745940685272217, 2.772597312927246, 2.770770311355591, 2.774531602859497, 2.7715702056884766, 2.7745001316070557, 2.7702760696411133, 2.7724196910858154, 2.7722671031951904, 2.770578384399414, 2.7666592597961426, 2.7763569355010986, 2.7716898918151855, 2.7709126472473145, 2.773749828338623, 2.7678725719451904, 2.77089262008667, 2.7747931480407715], "time_taken": 602.0790584087372, "bit_accuracy": 0.059375}