{"n_front_dense_FE": 2, "n_front_dense_PE": 2, "n_front_dense_RxDec": 2, "state_width": 8, "n_epochs": 100, "n_additional_epochs": 10, "CFO_coef": 1, "SNR": 10, "J_list": [2.7733943462371826, 2.7750494480133057, 2.781737804412842, 2.7962417602539062, 2.7685108184814453, 2.770232915878296, 2.768496513366699, 2.760002374649048, 2.736227512359619, 2.7501220703125, 2.661776065826416, 2.6277894973754883, 2.4942822456359863, 3.1441457271575928, 2.3781943321228027, 2.429906129837036, 2.286379337310791, 2.2340433597564697, 2.29158353805542, 2.882218360900879, 2.356020450592041, 2.3378798961639404, 2.2563483715057373, 2.1035094261169434, 2.0364737510681152, 1.9464435577392578, 1.914960503578186, 1.7110650539398193, 1.6775600910186768, 1.5281774997711182, 1.3167513608932495, 1.0861742496490479, 1.2797520160675049, 1.070662260055542, 1.1408412456512451, 1.4184731245040894, 0.9202985763549805, 0.9806966781616211, 1.0705325603485107, 0.8647192120552063, 0.8069864511489868, 0.5888875126838684, 3.4143402576446533, 1.2327187061309814, 0.859953761100769, 0.9529722332954407, 0.8507417440414429, 0.8474483489990234, 0.6373990774154663, 0.7145981788635254, 0.5742784738540649, 1.608312964439392, 0.632439136505127, 0.5755902528762817, 0.5438107252120972, 0.4779312014579773, 0.43337130546569824, 0.3879145681858063, 0.4802946150302887, 0.36154961585998535, 0.30048781633377075, 0.23919980227947235, 0.3016938865184784, 0.16102686524391174, 1.4879682064056396, 0.31201428174972534, 0.7181121706962585, 0.482414186000824, 0.17868241667747498, 0.2433585673570633, 0.3390541970729828, 0.2581008970737457, 0.20346638560295105, 0.4170070290565491, 0.6468883752822876, 0.4969536364078522, 0.1951790750026703, 0.9755180478096008, 0.27215057611465454, 0.6022523641586304, 0.26104825735092163, 0.46186724305152893, 0.5342453718185425, 0.26584580540657043, 0.46547412872314453, 2.294792890548706, 0.351851224899292, 0.3753943145275116, 0.43863534927368164, 0.3225472867488861, 0.25674062967300415, 1.0658255815505981, 0.5815820693969727, 0.6459442973136902, 0.5881143808364868, 0.5186650156974792, 0.38485294580459595, 0.5228592753410339, 0.26314234733581543, 0.34656721353530884, 0.699915885925293, 0.531172513961792, 0.2338811457157135, 0.17804527282714844, 0.13337399065494537, 0.28439125418663025, 0.10724906623363495, 0.1925637423992157, 0.08811458945274353, 0.08304981887340546], "time_taken": 603.2137453556061, "bit_accuracy": 0.996875}