{"n_front_dense_FE": 2, "n_front_dense_PE": 2, "n_front_dense_RxDec": 2, "state_width": 2, "n_epochs": 100, "n_additional_epochs": 10, "CFO_coef": 1, "SNR": 6, "J_list": [2.7726306915283203, 2.778623104095459, 2.790027379989624, 2.777489185333252, 2.770941734313965, 2.779771327972412, 2.7626004219055176, 2.7597813606262207, 2.7724556922912598, 2.7056941986083984, 2.7134644985198975, 2.633496046066284, 2.520228385925293, 2.443437099456787, 2.3934669494628906, 2.2580249309539795, 2.2743773460388184, 2.2391555309295654, 3.165879964828491, 2.2403640747070312, 2.2648885250091553, 2.2213892936706543, 2.1825218200683594, 2.1912131309509277, 2.219571590423584, 2.120652675628662, 2.171043872833252, 2.0899131298065186, 2.0316073894500732, 2.072826862335205, 1.9770476818084717, 1.8582448959350586, 1.9179763793945312, 1.8249213695526123, 1.7526899576187134, 1.6704734563827515, 1.9435335397720337, 2.035454273223877, 1.7195091247558594, 1.6174519062042236, 1.9243268966674805, 1.5397754907608032, 1.5630604028701782, 2.0344247817993164, 1.716332197189331, 1.8815281391143799, 1.704159140586853, 1.6129238605499268, 1.9379940032958984, 1.6571757793426514, 1.5589091777801514, 1.6933342218399048, 1.4356307983398438, 1.6117782592773438, 1.724739670753479, 1.5218162536621094, 1.336587905883789, 1.392117977142334, 1.4650450944900513, 1.2486157417297363, 1.2245982885360718, 1.253852128982544, 1.2944155931472778, 1.210395336151123, 1.616686224937439, 1.103935956954956, 1.0208690166473389, 1.0845648050308228, 0.9785574078559875, 0.9762768745422363, 1.3640419244766235, 1.0037587881088257, 1.0443083047866821, 0.8253442049026489, 0.7820042967796326, 1.0055748224258423, 0.8295124173164368, 0.7095546126365662, 0.9075528979301453, 0.7956688404083252, 0.700519859790802, 0.993770956993103, 0.6187139749526978, 0.619570255279541, 0.9223467111587524, 0.7594009637832642, 0.5103583931922913, 1.5017386674880981, 0.737682580947876, 0.8648332357406616, 0.7389852404594421, 0.6027510762214661, 0.5911036133766174, 0.5514267683029175, 0.6316415667533875, 1.231503963470459, 0.654229462146759, 0.9474318623542786, 0.6729379892349243, 0.7286165356636047, 0.5077828168869019, 0.9518211483955383, 0.7871730923652649, 1.0351545810699463, 0.6514453887939453, 0.4449344277381897, 0.3846319615840912, 0.4205535054206848, 0.5236126184463501, 0.4042322039604187], "time_taken": 594.831907749176, "bit_accuracy": 0.8875}