{"n_front_dense_FE": 2, "n_front_dense_PE": 2, "n_front_dense_RxDec": 2, "state_width": 8, "n_epochs": 100, "n_additional_epochs": 10, "CFO_coef": 1, "SNR": 10, "J_list": [2.7734837532043457, 2.773695707321167, 2.818202495574951, 2.789389133453369, 2.7779242992401123, 2.767373561859131, 2.772650957107544, 2.760897159576416, 2.7397491931915283, 2.708634614944458, 2.6908936500549316, 2.6547205448150635, 2.5852572917938232, 2.4705326557159424, 2.409580707550049, 2.1760153770446777, 2.2721028327941895, 2.001616954803467, 2.3419270515441895, 2.202893018722534, 2.010368824005127, 1.60434889793396, 1.9072933197021484, 1.694319486618042, 1.667395830154419, 1.4986600875854492, 3.331775665283203, 1.3635127544403076, 1.5412476062774658, 1.4215762615203857, 1.3940074443817139, 1.4431860446929932, 1.292358636856079, 1.2319790124893188, 1.046790599822998, 1.061800241470337, 0.9256564974784851, 0.8441950082778931, 0.8570772409439087, 0.7414954304695129, 1.3251394033432007, 0.6013964414596558, 0.6179381608963013, 4.458395004272461, 0.9715319871902466, 1.3076984882354736, 0.8517066836357117, 0.9029202461242676, 1.0065982341766357, 0.8885515332221985, 1.075399398803711, 0.5607408285140991, 0.623862624168396, 0.5391125679016113, 0.547289252281189, 0.6515923142433167, 0.6715644001960754, 2.347029209136963, 0.9229015111923218, 0.6250303983688354, 0.5037326216697693, 0.38257265090942383, 0.4448627531528473, 1.1064105033874512, 0.35747480392456055, 0.33105769753456116, 0.2686392664909363, 0.4572920799255371, 0.31169983744621277, 0.6944829225540161, 0.49389973282814026, 0.261870801448822, 0.23525047302246094, 0.26001134514808655, 0.2560809254646301, 0.24293836951255798, 0.26835349202156067, 0.3683289885520935, 0.18652203679084778, 0.2716400623321533, 0.2995150685310364, 1.076575756072998, 0.43488019704818726, 0.3931031823158264, 0.2864646315574646, 0.30533283948898315, 0.5308922529220581, 0.6923846006393433, 0.20119908452033997, 1.0409282445907593, 0.2678661346435547, 0.3071117401123047, 2.16856050491333, 0.41080331802368164, 0.5332835912704468, 0.4137306213378906, 0.3720724582672119, 0.3513743579387665, 0.2810787260532379, 0.4814850687980652, 0.2902432084083557, 0.24582381546497345, 0.25120264291763306, 0.15453703701496124, 0.11769242584705353, 0.946131706237793, 0.14582930505275726, 0.14363494515419006, 0.10666388273239136, 0.12983611226081848], "time_taken": 657.9962918758392, "bit_accuracy": 0.9375}