{"n_front_dense_FE": 2, "n_front_dense_PE": 2, "n_front_dense_RxDec": 2, "state_width": 2, "n_epochs": 100, "n_additional_epochs": 10, "CFO_coef": 1, "SNR": 6, "J_list": [2.7723069190979004, 2.7695469856262207, 2.80104398727417, 2.7725090980529785, 2.7822413444519043, 2.7678608894348145, 2.761990785598755, 2.7427194118499756, 2.7175610065460205, 2.672003984451294, 2.8669674396514893, 2.7733802795410156, 2.719710111618042, 2.6924655437469482, 2.6045963764190674, 2.6917858123779297, 2.465639352798462, 2.3557827472686768, 2.2724266052246094, 2.1792514324188232, 2.177792549133301, 2.191847324371338, 2.2105088233947754, 2.6019365787506104, 2.0319583415985107, 1.9221817255020142, 2.0579209327697754, 2.1035714149475098, 1.9259065389633179, 1.862474799156189, 1.752450942993164, 1.7926660776138306, 1.91042959690094, 1.7260280847549438, 1.5991767644882202, 1.9644412994384766, 1.5051791667938232, 2.167534351348877, 1.550978183746338, 1.437034010887146, 1.493090033531189, 1.4418578147888184, 1.3471460342407227, 1.461435079574585, 1.1272293329238892, 1.0847465991973877, 1.11115300655365, 1.0451980829238892, 0.930650532245636, 0.9623263478279114, 0.7351092100143433, 0.7574800252914429, 0.7176686525344849, 0.6843861937522888, 0.8455537557601929, 0.709039032459259, 0.8368784189224243, 1.2286689281463623, 0.6602945327758789, 0.6984217166900635, 0.6575377583503723, 1.0712438821792603, 0.5506770610809326, 0.5309261083602905, 0.5144893527030945, 0.4180823266506195, 0.4252643585205078, 0.32640886306762695, 0.42643794417381287, 0.34809890389442444, 0.34068161249160767, 0.3277944028377533, 0.28782421350479126, 0.2739061713218689, 0.5211894512176514, 0.42077770829200745, 0.24921350181102753, 0.33687853813171387, 0.5070319175720215, 0.20941269397735596, 0.7811728119850159, 0.3585693836212158, 0.19679124653339386, 0.3424248993396759, 2.2457268238067627, 0.4902939796447754, 0.9451982378959656, 0.6696395874023438, 0.5447114109992981, 0.6154397130012512, 0.5226667523384094, 0.6746830344200134, 0.3843693733215332, 0.6653600931167603, 0.36879441142082214, 0.4774785041809082, 0.5789237022399902, 0.41526180505752563, 0.7971615791320801, 0.8699448704719543, 0.30857428908348083, 0.5029240846633911, 0.21764886379241943, 0.3291025757789612, 1.1503947973251343, 0.2913803458213806, 0.29737648367881775, 0.1943921446800232, 0.1773124784231186, 0.5994718670845032], "time_taken": 628.6734430789948, "bit_accuracy": 0.9}