{"n_front_dense_FE": 2, "n_front_dense_PE": 2, "n_front_dense_RxDec": 2, "state_width": 2, "n_epochs": 100, "n_additional_epochs": 10, "CFO_coef": 1, "SNR": 1, "J_list": [2.7728378772735596, 2.7736332416534424, 2.787607192993164, 2.7657554149627686, 2.759744882583618, 2.7511963844299316, 2.7539238929748535, 2.7237110137939453, 2.6486964225769043, 2.6941380500793457, 2.4984471797943115, 2.799381971359253, 2.6672351360321045, 2.573138475418091, 2.384040117263794, 2.281083345413208, 2.2965152263641357, 2.0131516456604004, 2.1291298866271973, 1.894392967224121, 1.7057701349258423, 1.583227276802063, 1.5461699962615967, 1.580094337463379, 1.3682811260223389, 1.4622948169708252, 1.5410397052764893, 1.268001914024353, 1.307389497756958, 1.374910593032837, 1.4641265869140625, 1.2404145002365112, 1.0445998907089233, 1.1721290349960327, 1.1885271072387695, 1.093705415725708, 1.2725164890289307, 0.893818199634552, 0.9251006841659546, 0.8053167462348938, 0.7851039171218872, 1.2861324548721313, 0.8624551892280579, 0.907265841960907, 0.6813105344772339, 0.7923536896705627, 0.7975935339927673, 0.8003648519515991, 0.6726334095001221, 0.7161915302276611, 0.7248822450637817, 0.5464950799942017, 0.6055701971054077, 0.6481863260269165, 0.4074574112892151, 0.5413858294487, 3.7172036170959473, 1.1806646585464478, 0.8752002716064453, 0.5562849044799805, 0.8894720077514648, 2.9063830375671387, 1.563495397567749, 1.9969053268432617, 1.1722633838653564, 1.0245121717453003, 0.8465010523796082, 1.0452678203582764, 0.9783592224121094, 0.9629861116409302, 0.9953098297119141, 0.9481576681137085, 0.984864354133606, 0.8655349612236023, 1.1274360418319702, 0.7751796841621399, 0.7166951894760132, 0.7608960866928101, 0.9368076324462891, 0.6546629667282104, 0.557548463344574, 0.6485120058059692, 0.47956180572509766, 0.4479745924472809, 0.44799938797950745, 0.3640669584274292, 0.38687199354171753, 2.221606969833374, 0.39006298780441284, 0.44592779874801636, 0.29871639609336853, 0.35720938444137573, 0.3056705892086029, 0.2845795154571533, 0.22806620597839355, 0.2847628891468048, 0.31366318464279175, 1.4892947673797607, 0.4745408892631531, 0.47142013907432556, 0.2632931172847748, 0.21207714080810547, 0.24949035048484802, 0.14183318614959717, 0.16482923924922943, 0.17100460827350616, 0.12122339010238647, 0.22076189517974854, 0.11874687671661377, 0.12015511840581894], "time_taken": 759.7906234264374, "bit_accuracy": 0.975}