{"n_front_dense_FE": 2, "n_front_dense_PE": 2, "n_front_dense_RxDec": 2, "state_width": 0, "n_epochs": 100, "n_additional_epochs": 10, "CFO_coef": 1, "SNR": 10, "J_list": [2.7725894451141357, 2.772944450378418, 2.7748794555664062, 2.7727787494659424, 2.772566080093384, 2.7719199657440186, 2.772883892059326, 2.7725095748901367, 2.77217698097229, 2.7733211517333984, 2.774838924407959, 2.772618532180786, 2.773273468017578, 2.769994020462036, 2.7732653617858887, 2.773684024810791, 2.770709276199341, 2.769914150238037, 2.7712509632110596, 2.769700050354004, 2.7745585441589355, 2.7730655670166016, 2.7739384174346924, 2.770864486694336, 2.768627643585205, 2.7757439613342285, 2.7726664543151855, 2.7769367694854736, 2.771939754486084, 2.7719929218292236, 2.7762575149536133, 2.7759439945220947, 2.7747035026550293, 2.7756457328796387, 2.7709898948669434, 2.7732105255126953, 2.7711093425750732, 2.7740092277526855, 2.772728681564331, 2.7759838104248047, 2.782557725906372, 2.774136781692505, 2.77406644821167, 2.774740219116211, 2.7730488777160645, 2.7753329277038574, 2.7717678546905518, 2.77457857131958, 2.7737157344818115, 2.7733750343322754, 2.7719695568084717, 2.774665355682373, 2.774466037750244, 2.7716853618621826, 2.7717301845550537, 2.7713658809661865, 2.775681734085083, 2.7734766006469727, 2.7710185050964355, 2.7718312740325928, 2.773707866668701, 2.773576021194458, 2.7724220752716064, 2.7731986045837402, 2.774672031402588, 2.774270534515381, 2.7711071968078613, 2.7745440006256104, 2.775538682937622, 2.7733943462371826, 2.77211332321167, 2.772827386856079, 2.7702796459198, 2.771422863006592, 2.7746071815490723, 2.7759838104248047, 2.778491497039795, 2.7726738452911377, 2.7720131874084473, 2.7713804244995117, 2.772634983062744, 2.7694251537323, 2.769930601119995, 2.771738052368164, 2.7703194618225098, 2.7713165283203125, 2.7751996517181396, 2.773414373397827, 2.773094654083252, 2.775179624557495, 2.7749757766723633, 2.7737979888916016, 2.7733561992645264, 2.7714314460754395, 2.7740795612335205, 2.7772011756896973, 2.7736854553222656, 2.7733347415924072, 2.7717580795288086, 2.7710049152374268, 2.7751502990722656, 2.7804322242736816, 2.7737679481506348, 2.773623466491699, 2.775928497314453, 2.772172451019287, 2.776543617248535, 2.772188901901245, 2.7719364166259766, 2.7745227813720703], "time_taken": 621.6747992038727, "bit_accuracy": 0.05625}