{"n_front_dense_FE": 2, "n_front_dense_PE": 2, "n_front_dense_RxDec": 2, "state_width": 8, "n_epochs": 100, "n_additional_epochs": 10, "CFO_coef": 1, "SNR": 6, "J_list": [2.772395372390747, 2.7896950244903564, 2.7794442176818848, 2.749140977859497, 2.8262991905212402, 2.7458221912384033, 2.7283036708831787, 2.7924673557281494, 2.6567440032958984, 2.6333975791931152, 2.545476198196411, 2.6049580574035645, 2.1341450214385986, 2.086419105529785, 2.2560644149780273, 2.489269971847534, 1.9345991611480713, 1.630562424659729, 1.5855340957641602, 1.849982500076294, 1.5398681163787842, 1.4330976009368896, 1.190121054649353, 1.1664832830429077, 0.9392631649971008, 1.016709327697754, 3.2977070808410645, 1.5128850936889648, 1.2262071371078491, 2.4034438133239746, 1.1122735738754272, 0.9137382507324219, 1.0255285501480103, 1.0225660800933838, 1.078842282295227, 0.874655544757843, 0.8366497755050659, 0.923714280128479, 1.4685628414154053, 1.1477859020233154, 0.8249603509902954, 1.4064091444015503, 0.7715247869491577, 0.8197100758552551, 0.6625481843948364, 1.6954152584075928, 1.244873285293579, 0.8837356567382812, 0.6489077806472778, 0.5853347778320312, 0.6375291347503662, 0.9321739077568054, 0.4577225148677826, 0.7176884412765503, 0.8698946833610535, 0.6656978130340576, 1.8329414129257202, 0.643334686756134, 1.1836435794830322, 0.5165600180625916, 1.3329598903656006, 0.8381614685058594, 0.5267609357833862, 0.536286473274231, 0.4927183985710144, 0.6980892419815063, 0.8529364466667175, 0.48417919874191284, 0.8857156038284302, 0.4885432720184326, 0.47320833802223206, 0.6911845207214355, 0.40553027391433716, 0.46220511198043823, 0.440420538187027, 0.647421658039093, 0.33056727051734924, 0.38537245988845825, 0.41003742814064026, 0.7637941241264343, 0.33485662937164307, 0.34164294600486755, 0.34370604157447815, 1.281768560409546, 0.3203190267086029, 0.5101667642593384, 0.3607255220413208, 0.2934100031852722, 0.34750381112098694, 0.4082699418067932, 2.7702393531799316, 0.580032467842102, 0.9835759997367859, 0.6264458894729614, 0.39289331436157227, 0.4581671357154846, 1.1744129657745361, 0.3797285556793213, 0.4189671576023102, 0.5408887267112732, 0.40445342659950256, 0.2628396153450012, 0.27728700637817383, 0.2503680884838104, 0.23307299613952637, 0.5880330204963684, 0.20667438209056854, 0.1977871209383011, 0.2941899001598358, 0.21808910369873047], "time_taken": 771.0360963344574, "bit_accuracy": 0.85625}