{"n_front_dense_FE": 2, "n_front_dense_PE": 2, "n_front_dense_RxDec": 2, "state_width": 8, "n_epochs": 100, "n_additional_epochs": 10, "CFO_coef": 1, "SNR": 6, "J_list": [2.7732012271881104, 2.780794143676758, 2.7792248725891113, 2.7698702812194824, 2.7900547981262207, 2.757765531539917, 2.7620656490325928, 2.750368356704712, 2.7095584869384766, 2.663214921951294, 2.6240627765655518, 2.60014271736145, 2.407998561859131, 2.636514663696289, 2.490257978439331, 2.269699811935425, 2.3267507553100586, 2.311169147491455, 2.6648876667022705, 1.9377682209014893, 1.9828115701675415, 1.8501861095428467, 1.7710583209991455, 1.5581419467926025, 1.4419636726379395, 1.3962503671646118, 1.3222483396530151, 1.1796643733978271, 1.4208084344863892, 1.7321449518203735, 1.0578374862670898, 1.0748960971832275, 2.609363079071045, 1.2513775825500488, 1.1095491647720337, 0.9152975082397461, 1.0530500411987305, 0.9164961576461792, 0.9181864857673645, 0.7088767290115356, 1.3782546520233154, 0.7992321252822876, 0.8716052770614624, 1.0128916501998901, 0.5249091386795044, 1.585111141204834, 1.1280510425567627, 1.3643088340759277, 0.5085762143135071, 0.5291913747787476, 0.4796691834926605, 2.089595317840576, 0.9167603254318237, 0.7510582804679871, 0.47744235396385193, 0.41005128622055054, 2.043445587158203, 0.5719081163406372, 0.49590864777565, 0.5330187678337097, 0.9076644778251648, 0.6379821300506592, 0.4638625979423523, 0.893345832824707, 0.9997358322143555, 0.37948691844940186, 0.7884641885757446, 0.4346958100795746, 0.33328256011009216, 0.2837986648082733, 0.2345469444990158, 0.31315183639526367, 0.3549324572086334, 0.446810245513916, 0.19709625840187073, 0.2558809816837311, 0.280775249004364, 0.26371902227401733, 0.07567378133535385, 0.2816091477870941, 0.8398059606552124, 0.19895201921463013, 0.38029414415359497, 0.24363164603710175, 0.23866870999336243, 0.08975427597761154, 0.11421267688274384, 0.1758989691734314, 0.5452556610107422, 0.22370819747447968, 0.07407182455062866, 0.09116852283477783, 0.18473300337791443, 0.10026967525482178, 0.10063938796520233, 0.12150728702545166, 0.15267439186573029, 0.09181281924247742, 0.1963118314743042, 0.25805142521858215, 0.05582389980554581, 0.049000732600688934, 0.12414310872554779, 0.17206701636314392, 0.1579601764678955, 0.04841909930109978, 0.04913532733917236, 0.03613058477640152, 0.0650322213768959, 0.03806309774518013], "time_taken": 613.2338807582855, "bit_accuracy": 0.996875}