{"n_front_dense_FE": 2, "n_front_dense_PE": 2, "n_front_dense_RxDec": 2, "state_width": 0, "n_epochs": 100, "n_additional_epochs": 10, "CFO_coef": 1, "SNR": 10, "J_list": [2.7725894451141357, 2.7725701332092285, 2.7734830379486084, 2.7720835208892822, 2.7716355323791504, 2.7718441486358643, 2.77195405960083, 2.771817445755005, 2.7730963230133057, 2.773320436477661, 2.7731032371520996, 2.778198719024658, 2.7769265174865723, 2.772542953491211, 2.7746224403381348, 2.7700448036193848, 2.771839141845703, 2.773479700088501, 2.770552158355713, 2.773209810256958, 2.7713046073913574, 2.7709593772888184, 2.7739226818084717, 2.7710044384002686, 2.7739338874816895, 2.7752926349639893, 2.774280548095703, 2.7701642513275146, 2.773092031478882, 2.7732326984405518, 2.7679362297058105, 2.7738049030303955, 2.771944046020508, 2.77461314201355, 2.7725841999053955, 2.774198532104492, 2.773268938064575, 2.766692876815796, 2.774883270263672, 2.7775750160217285, 2.7710864543914795, 2.775566577911377, 2.7747299671173096, 2.774853229522705, 2.771857738494873, 2.773282527923584, 2.767425537109375, 2.7717275619506836, 2.7753384113311768, 2.769965648651123, 2.772590160369873, 2.7709224224090576, 2.7721543312072754, 2.7745437622070312, 2.7702279090881348, 2.7743868827819824, 2.7726993560791016, 2.770009994506836, 2.7732763290405273, 2.771885395050049, 2.7773494720458984, 2.7685141563415527, 2.7729949951171875, 2.7730422019958496, 2.7729482650756836, 2.7725014686584473, 2.7714312076568604, 2.7760558128356934, 2.770102024078369, 2.7753827571868896, 2.7754063606262207, 2.778703212738037, 2.7709686756134033, 2.776320219039917, 2.7800307273864746, 2.770555257797241, 2.7710914611816406, 2.7726449966430664, 2.7707531452178955, 2.770975112915039, 2.7770018577575684, 2.773190498352051, 2.7733066082000732, 2.7714056968688965, 2.7713310718536377, 2.770493268966675, 2.7700607776641846, 2.773340940475464, 2.7739479541778564, 2.7718334197998047, 2.7738234996795654, 2.7733075618743896, 2.7742209434509277, 2.776914119720459, 2.772407054901123, 2.7676219940185547, 2.773082971572876, 2.7725841999053955, 2.775446891784668, 2.7723021507263184, 2.7763798236846924, 2.7741246223449707, 2.768683433532715, 2.771726608276367, 2.7712743282318115, 2.77072811126709, 2.771141529083252, 2.7726314067840576, 2.7695980072021484, 2.7738137245178223], "time_taken": 834.2564935684204, "bit_accuracy": 0.096875}