{"n_front_dense_FE": 2, "n_front_dense_PE": 2, "n_front_dense_RxDec": 2, "state_width": 2, "n_epochs": 100, "n_additional_epochs": 10, "CFO_coef": 1, "SNR": 1, "J_list": [2.7722785472869873, 2.7789413928985596, 2.7847161293029785, 2.7784218788146973, 2.738616943359375, 2.7529540061950684, 2.714754343032837, 2.734467029571533, 2.615593433380127, 2.6462535858154297, 2.6234259605407715, 2.592827081680298, 2.5171103477478027, 2.54347562789917, 2.4593405723571777, 2.3887600898742676, 2.3635363578796387, 2.2466177940368652, 2.2870595455169678, 2.1899325847625732, 2.1507468223571777, 2.1089558601379395, 2.0517544746398926, 2.1763253211975098, 2.0519511699676514, 1.976538896560669, 1.8908374309539795, 1.7822132110595703, 1.792642593383789, 1.773050308227539, 1.6400668621063232, 1.622584342956543, 1.7476913928985596, 1.7809760570526123, 1.959428071975708, 1.6973094940185547, 1.6566541194915771, 1.5701004266738892, 1.655827522277832, 1.5681740045547485, 2.573155641555786, 2.1659061908721924, 2.0419366359710693, 1.8980286121368408, 2.107889413833618, 1.5938968658447266, 2.112006425857544, 1.5792497396469116, 1.5375597476959229, 1.696889877319336, 1.4973974227905273, 2.8223400115966797, 1.8052570819854736, 1.408002495765686, 2.0209109783172607, 1.5965418815612793, 1.3799327611923218, 2.097614288330078, 1.3794276714324951, 1.7755365371704102, 1.3792381286621094, 1.7606401443481445, 1.3662315607070923, 1.5609749555587769, 1.339579463005066, 1.6519663333892822, 1.2163496017456055, 1.483457326889038, 1.2234175205230713, 1.2638826370239258, 1.1831125020980835, 1.2242425680160522, 0.9846388697624207, 0.9419587254524231, 1.107656717300415, 0.8322116136550903, 0.8839206695556641, 1.1703237295150757, 0.8397685289382935, 0.732944667339325, 0.8001757860183716, 0.6406055688858032, 0.727369487285614, 0.5837244987487793, 0.5352264642715454, 0.5479425191879272, 1.028832197189331, 0.7907394170761108, 1.183969497680664, 0.5684193968772888, 0.8123825192451477, 1.3638712167739868, 0.6068456768989563, 0.8170251846313477, 0.8027952313423157, 0.5973855257034302, 0.6796064972877502, 0.6147719025611877, 1.1628880500793457, 0.6679585576057434, 0.8051736950874329, 0.432462215423584, 0.34421446919441223, 0.33710846304893494, 0.33040833473205566, 0.4143262505531311, 0.29091253876686096, 0.27385348081588745, 0.4531077444553375, 0.2911919951438904], "time_taken": 622.674036026001, "bit_accuracy": 0.953125}