{"n_front_dense_FE": 2, "n_front_dense_PE": 2, "n_front_dense_RxDec": 2, "state_width": 0, "n_epochs": 100, "n_additional_epochs": 10, "CFO_coef": 1, "SNR": 6, "J_list": [2.7725894451141357, 2.7719733715057373, 2.771772623062134, 2.7719037532806396, 2.7716355323791504, 2.773949384689331, 2.7705445289611816, 2.7707455158233643, 2.7747106552124023, 2.7732081413269043, 2.772028923034668, 2.775005340576172, 2.770798683166504, 2.771522045135498, 2.776597499847412, 2.773627996444702, 2.774808168411255, 2.7755491733551025, 2.775846004486084, 2.775153636932373, 2.774749279022217, 2.771716594696045, 2.7725670337677, 2.7732527256011963, 2.7756292819976807, 2.7694499492645264, 2.7700910568237305, 2.7722983360290527, 2.775073528289795, 2.7746264934539795, 2.7773842811584473, 2.7750842571258545, 2.770979404449463, 2.7723867893218994, 2.774937391281128, 2.7733752727508545, 2.7764670848846436, 2.7722134590148926, 2.772879123687744, 2.7752511501312256, 2.77205228805542, 2.7722115516662598, 2.77195405960083, 2.7730257511138916, 2.7711987495422363, 2.7717037200927734, 2.7730228900909424, 2.772538185119629, 2.775104522705078, 2.7746870517730713, 2.7709617614746094, 2.7721829414367676, 2.774266481399536, 2.773756504058838, 2.77105975151062, 2.7737791538238525, 2.7759671211242676, 2.7699708938598633, 2.7717511653900146, 2.7742152214050293, 2.774409294128418, 2.772791624069214, 2.77347993850708, 2.775207996368408, 2.773284673690796, 2.775804042816162, 2.770435333251953, 2.775752544403076, 2.7749075889587402, 2.7725560665130615, 2.7752890586853027, 2.7728450298309326, 2.771698474884033, 2.775123119354248, 2.770120620727539, 2.7757229804992676, 2.772350311279297, 2.776987075805664, 2.7741119861602783, 2.775766372680664, 2.772533893585205, 2.773143768310547, 2.7722420692443848, 2.7749717235565186, 2.775841236114502, 2.7724900245666504, 2.7718687057495117, 2.771761417388916, 2.7718887329101562, 2.772048234939575, 2.7731165885925293, 2.773582696914673, 2.7724804878234863, 2.773918867111206, 2.773712158203125, 2.7729363441467285, 2.7741267681121826, 2.7729601860046387, 2.7699592113494873, 2.775475025177002, 2.7689552307128906, 2.772087574005127, 2.7704715728759766, 2.765040159225464, 2.7720425128936768, 2.7715260982513428, 2.773960590362549, 2.775071382522583, 2.775468349456787, 2.7730555534362793], "time_taken": 601.8284301757812, "bit_accuracy": 0.059375}