{"n_front_dense_FE": 2, "n_front_dense_PE": 2, "n_front_dense_RxDec": 2, "state_width": 2, "n_epochs": 100, "n_additional_epochs": 10, "CFO_coef": 1, "SNR": 6, "J_list": [2.772458553314209, 2.768002986907959, 2.806870937347412, 2.7811481952667236, 2.7751972675323486, 2.7764997482299805, 2.7645134925842285, 2.76347279548645, 2.754530668258667, 2.718657970428467, 2.6495232582092285, 2.595825433731079, 2.419226884841919, 2.618793487548828, 2.3663201332092285, 2.3884997367858887, 2.2604289054870605, 2.228501796722412, 2.1048779487609863, 2.0389111042022705, 1.9957937002182007, 1.9111840724945068, 1.6299785375595093, 1.8582096099853516, 1.4712365865707397, 1.4705060720443726, 1.3465726375579834, 1.2601354122161865, 1.855337142944336, 3.8191380500793457, 2.4286320209503174, 1.3938459157943726, 1.518672227859497, 1.3229254484176636, 1.3853280544281006, 1.3700475692749023, 1.9725593328475952, 1.5696792602539062, 1.3325632810592651, 1.3119897842407227, 1.1761655807495117, 1.364732027053833, 1.1901566982269287, 1.1045923233032227, 1.0518454313278198, 0.9906627535820007, 0.9135491251945496, 1.0778727531433105, 0.8450809717178345, 0.76706463098526, 1.2643144130706787, 1.5906822681427002, 1.9753055572509766, 2.2863597869873047, 1.1070587635040283, 1.0773131847381592, 1.0599972009658813, 1.033305287361145, 1.0230768918991089, 0.9235346913337708, 1.095381498336792, 1.0136544704437256, 0.8085979223251343, 0.941738486289978, 0.9158824682235718, 0.8717945218086243, 0.740274965763092, 0.687348484992981, 0.8521302938461304, 1.3881628513336182, 0.641588032245636, 0.6925135850906372, 0.7193437814712524, 0.5885676145553589, 0.6595728397369385, 0.6009548306465149, 0.6647950410842896, 0.5347458720207214, 0.4553295075893402, 0.683965802192688, 0.5259746313095093, 0.564147412776947, 0.5262086987495422, 2.0846753120422363, 0.5825510621070862, 0.7571183443069458, 0.7765596508979797, 0.5997179746627808, 0.7349576354026794, 0.46885281801223755, 0.43436843156814575, 0.9375104904174805, 0.6294812560081482, 0.44861000776290894, 0.573919415473938, 0.9071304202079773, 0.9290913343429565, 0.6571467518806458, 0.6458882093429565, 0.4384015202522278, 0.38382112979888916, 0.5582917928695679, 0.47484642267227173, 0.43552789092063904, 0.3432334065437317, 0.4012073874473572, 0.3590830862522125, 0.3359598219394684, 0.2790448069572449, 0.2771848142147064], "time_taken": 608.3514928817749, "bit_accuracy": 0.796875}