{"n_front_dense_FE": 2, "n_front_dense_PE": 2, "n_front_dense_RxDec": 2, "state_width": 8, "n_epochs": 100, "n_additional_epochs": 10, "CFO_coef": 1, "SNR": 1, "J_list": [2.77192759513855, 2.805941104888916, 2.768331527709961, 2.7667629718780518, 2.7623608112335205, 2.754833936691284, 2.741960048675537, 2.703369140625, 2.598393678665161, 2.5024356842041016, 2.4924111366271973, 3.0763943195343018, 2.2305774688720703, 2.642357349395752, 2.4053995609283447, 2.3031821250915527, 2.2729575634002686, 2.1033401489257812, 2.052255153656006, 1.9754784107208252, 1.8698036670684814, 1.6387678384780884, 1.6928894519805908, 1.5361392498016357, 1.4381924867630005, 1.2663019895553589, 1.3755789995193481, 1.7257277965545654, 1.2713512182235718, 2.761265516281128, 1.3695842027664185, 1.4934473037719727, 1.0269840955734253, 1.2597239017486572, 1.480494499206543, 0.9475334286689758, 1.1937806606292725, 1.050968885421753, 0.8479771614074707, 0.6433143615722656, 0.7700499296188354, 0.9498504400253296, 0.6561101078987122, 1.0826736688613892, 1.1085374355316162, 1.0529108047485352, 0.7038383483886719, 0.6365209817886353, 0.5924612283706665, 0.5977528691291809, 0.8071720004081726, 0.4191722273826599, 0.3863290846347809, 0.656927227973938, 0.8255108594894409, 0.45533832907676697, 0.45278817415237427, 0.38654062151908875, 0.44750937819480896, 0.47197502851486206, 0.34788697957992554, 0.7090294361114502, 0.547789990901947, 1.0055954456329346, 0.37449416518211365, 0.5732448697090149, 0.5300894975662231, 0.6126695275306702, 0.35158172249794006, 0.328667014837265, 0.7549680471420288, 0.931272029876709, 0.2378568947315216, 0.38723915815353394, 0.5004844665527344, 0.45627498626708984, 0.3638959527015686, 0.22554560005664825, 0.4391394555568695, 0.21003806591033936, 0.2161652147769928, 0.25754112005233765, 1.894127607345581, 0.261259526014328, 0.3366103768348694, 0.27962279319763184, 0.2810353934764862, 0.29890161752700806, 0.46048107743263245, 0.7246516942977905, 2.501988172531128, 0.3209075331687927, 0.4896475374698639, 0.6995484232902527, 1.3241151571273804, 0.334323912858963, 0.574238657951355, 0.46031999588012695, 0.5171169638633728, 0.6555796265602112, 0.25448232889175415, 0.23224958777427673, 0.18136008083820343, 0.1455187350511551, 0.3059106469154358, 0.21261057257652283, 0.18843741714954376, 0.12990429997444153, 0.12634006142616272, 0.10597258806228638], "time_taken": 821.1681020259857, "bit_accuracy": 0.9875}