{"n_front_dense_FE": 2, "n_front_dense_PE": 2, "n_front_dense_RxDec": 2, "state_width": 0, "n_epochs": 100, "n_additional_epochs": 10, "CFO_coef": 1, "SNR": 6, "J_list": [2.7725894451141357, 2.7730350494384766, 2.773941993713379, 2.7714715003967285, 2.771523952484131, 2.77349853515625, 2.771359920501709, 2.7728753089904785, 2.774129629135132, 2.7743451595306396, 2.772975206375122, 2.7745909690856934, 2.7722482681274414, 2.7750792503356934, 2.7737832069396973, 2.774277925491333, 2.7749316692352295, 2.7726237773895264, 2.772850513458252, 2.769746780395508, 2.7727954387664795, 2.771352529525757, 2.774543046951294, 2.7740116119384766, 2.7742481231689453, 2.774573564529419, 2.7736878395080566, 2.7705602645874023, 2.7736754417419434, 2.7706706523895264, 2.7729110717773438, 2.7746944427490234, 2.771946668624878, 2.7728896141052246, 2.772761821746826, 2.7737693786621094, 2.77715802192688, 2.775372266769409, 2.7719757556915283, 2.7762935161590576, 2.775498628616333, 2.7743005752563477, 2.7733078002929688, 2.7733154296875, 2.7729320526123047, 2.7720909118652344, 2.775056838989258, 2.7711615562438965, 2.776700019836426, 2.770404100418091, 2.775636911392212, 2.771519899368286, 2.771848678588867, 2.77638578414917, 2.7746615409851074, 2.773181915283203, 2.771963357925415, 2.7742972373962402, 2.77174711227417, 2.774409770965576, 2.7722012996673584, 2.7726616859436035, 2.7733514308929443, 2.772810459136963, 2.7739882469177246, 2.772927761077881, 2.7758147716522217, 2.773099899291992, 2.7746684551239014, 2.7724368572235107, 2.771883010864258, 2.773833990097046, 2.7720015048980713, 2.7722058296203613, 2.771027088165283, 2.772890329360962, 2.772512674331665, 2.76949143409729, 2.771846055984497, 2.7743401527404785, 2.771009922027588, 2.774028778076172, 2.7758069038391113, 2.7715086936950684, 2.7753219604492188, 2.7713167667388916, 2.774991989135742, 2.774653196334839, 2.770684242248535, 2.771364688873291, 2.77522349357605, 2.773313522338867, 2.7706727981567383, 2.7699735164642334, 2.7794108390808105, 2.7746825218200684, 2.7742292881011963, 2.7725396156311035, 2.7698752880096436, 2.771286964416504, 2.772160291671753, 2.774604558944702, 2.7737326622009277, 2.773768186569214, 2.770637035369873, 2.7731380462646484, 2.774757146835327, 2.7730536460876465, 2.7755539417266846, 2.771315336227417], "time_taken": 675.7361619472504, "bit_accuracy": 0.075}