{"n_front_dense_FE": 2, "n_front_dense_PE": 2, "n_front_dense_RxDec": 2, "state_width": 2, "n_epochs": 100, "n_additional_epochs": 10, "CFO_coef": 1, "SNR": 6, "J_list": [2.772782802581787, 2.7695393562316895, 2.7947335243225098, 2.783452272415161, 2.77016019821167, 2.7606468200683594, 2.7316644191741943, 2.6756389141082764, 2.7125022411346436, 2.6341652870178223, 2.5596706867218018, 2.4755351543426514, 2.3170905113220215, 2.400836944580078, 2.2972724437713623, 2.396289825439453, 2.123574733734131, 2.116948366165161, 2.071422815322876, 2.079679489135742, 1.910601019859314, 2.2148709297180176, 2.2435688972473145, 2.1245014667510986, 2.0552845001220703, 1.9300353527069092, 1.7871192693710327, 1.8723065853118896, 1.681368112564087, 2.0074260234832764, 1.57984459400177, 1.6336841583251953, 1.6173388957977295, 2.0487961769104004, 1.5183486938476562, 1.3182508945465088, 1.4653650522232056, 1.3551048040390015, 1.9255176782608032, 1.2779862880706787, 1.3222906589508057, 1.2749967575073242, 1.3191306591033936, 1.6559146642684937, 1.2929731607437134, 1.6235084533691406, 1.288792610168457, 1.2764267921447754, 1.090659499168396, 1.0242278575897217, 1.3066985607147217, 0.9888030886650085, 1.3337903022766113, 1.4645508527755737, 1.24886155128479, 2.018965244293213, 1.101155161857605, 1.2430518865585327, 1.0781848430633545, 1.209276556968689, 1.0046122074127197, 1.3414311408996582, 1.3065634965896606, 1.5771104097366333, 1.1041862964630127, 1.1997706890106201, 1.1222692728042603, 0.9362879991531372, 1.0486242771148682, 1.1903644800186157, 1.2029107809066772, 0.9984464645385742, 1.022713541984558, 0.9114807844161987, 0.9922773241996765, 1.5278117656707764, 1.0798546075820923, 0.9020549654960632, 1.0222493410110474, 0.7423446774482727, 0.7056534290313721, 0.9565997123718262, 0.7578098177909851, 0.7503633499145508, 0.6693498492240906, 1.1593892574310303, 0.6607141494750977, 0.5979188084602356, 0.5497421622276306, 0.6197584867477417, 0.5833871364593506, 0.4617341160774231, 0.6308639645576477, 0.6654278635978699, 0.48124194145202637, 0.6102038621902466, 0.34301328659057617, 0.5363203287124634, 0.40206652879714966, 0.39788728952407837, 0.35530251264572144, 0.27583375573158264, 0.2688941955566406, 0.6675628423690796, 0.3343483507633209, 0.7739880681037903, 0.2417379915714264, 0.25761470198631287, 0.23206034302711487, 0.29816874861717224], "time_taken": 843.582466840744, "bit_accuracy": 0.703125}