{"n_front_dense_FE": 2, "n_front_dense_PE": 2, "n_front_dense_RxDec": 2, "state_width": 0, "n_epochs": 100, "n_additional_epochs": 10, "CFO_coef": 1, "SNR": 6, "J_list": [2.7725894451141357, 2.7724761962890625, 2.7720296382904053, 2.772853374481201, 2.7723076343536377, 2.7720985412597656, 2.7696056365966797, 2.7726056575775146, 2.7727081775665283, 2.775439739227295, 2.770869731903076, 2.7715377807617188, 2.774260997772217, 2.7773396968841553, 2.7727227210998535, 2.7711873054504395, 2.7735788822174072, 2.774379253387451, 2.7711338996887207, 2.776517152786255, 2.777498722076416, 2.7759861946105957, 2.775916576385498, 2.774460554122925, 2.7711098194122314, 2.771580219268799, 2.7715587615966797, 2.776689052581787, 2.772892713546753, 2.773935317993164, 2.771362781524658, 2.7743144035339355, 2.771395206451416, 2.770892858505249, 2.774026393890381, 2.774327516555786, 2.775521993637085, 2.776740550994873, 2.769817352294922, 2.7741146087646484, 2.7721781730651855, 2.7714123725891113, 2.774059772491455, 2.7745625972747803, 2.7727301120758057, 2.7720470428466797, 2.7722675800323486, 2.7712230682373047, 2.7719614505767822, 2.7710933685302734, 2.773836851119995, 2.7748286724090576, 2.7751941680908203, 2.767892837524414, 2.772111654281616, 2.7786972522735596, 2.7744500637054443, 2.7714908123016357, 2.7717549800872803, 2.7735419273376465, 2.773066759109497, 2.7753348350524902, 2.770529270172119, 2.7751858234405518, 2.7745277881622314, 2.772935152053833, 2.7718875408172607, 2.7729713916778564, 2.772779941558838, 2.7751526832580566, 2.7740745544433594, 2.772373914718628, 2.7743442058563232, 2.7721118927001953, 2.772634506225586, 2.770418882369995, 2.7728044986724854, 2.7740635871887207, 2.7738921642303467, 2.772475242614746, 2.772278308868408, 2.772700309753418, 2.7727866172790527, 2.771686553955078, 2.7726473808288574, 2.7711181640625, 2.7724316120147705, 2.7685303688049316, 2.7735891342163086, 2.770429849624634, 2.7707197666168213, 2.772188663482666, 2.77876353263855, 2.7699222564697266, 2.773421049118042, 2.774555206298828, 2.7709262371063232, 2.7714545726776123, 2.7728278636932373, 2.774867534637451, 2.774160861968994, 2.772254467010498, 2.7724132537841797, 2.7720909118652344, 2.7740790843963623, 2.773221254348755, 2.7716550827026367, 2.776491641998291, 2.772007465362549, 2.7689242362976074], "time_taken": 615.7047734260559, "bit_accuracy": 0.08125}