{"n_front_dense_FE": 2, "n_front_dense_PE": 2, "n_front_dense_RxDec": 2, "state_width": 8, "n_epochs": 20, "n_additional_epochs": 40, "CFO_coef": 1, "SNR": 13, "J_list": [2.7716193199157715, 2.774412155151367, 2.770867109298706, 2.7710251808166504, 2.7510886192321777, 2.763772964477539, 2.7228946685791016, 2.693850040435791, 2.6152026653289795, 2.5911591053009033, 2.5550477504730225, 2.3033318519592285, 2.1479785442352295, 2.099482774734497, 2.356858730316162, 2.05879807472229, 1.6728194952011108, 1.6306015253067017, 1.4726288318634033, 1.5868432521820068, 0.9989694356918335, 1.2926594018936157, 0.9000900387763977, 0.8341138958930969, 1.138134241104126, 0.8949041366577148, 0.9552832841873169, 0.8271917104721069, 1.000331163406372, 0.959515392780304, 2.1545863151550293, 0.9131031036376953, 0.905236542224884, 0.9109542965888977, 1.2515567541122437, 0.8400201797485352, 0.8325279951095581, 0.8549357652664185, 0.8045293688774109, 0.9276286959648132], "time_taken": 277.5319826602936, "bit_accuracy": 0.6615624999999999}