{"n_front_dense_FE": 2, "n_front_dense_PE": 2, "n_front_dense_RxDec": 2, "state_width": 8, "n_epochs": 100, "n_additional_epochs": 10, "CFO_coef": 0, "SNR": 1, "J_list": [2.772188425064087, 2.759913682937622, 2.6580638885498047, 2.392056941986084, 2.0759105682373047, 1.8077640533447266, 1.545077919960022, 1.3940035104751587, 0.982613205909729, 0.7688059210777283, 0.5100517272949219, 0.3519844114780426, 0.23013873398303986, 0.18018972873687744, 0.09289010614156723, 0.10639464855194092, 0.03205624967813492, 0.027907103300094604, 0.021032053977251053, 0.009278828278183937, 0.0093260882422328, 0.003911477513611317, 0.00196246849372983, 0.001962748821824789, 0.001707791700027883, 0.007390444166958332, 0.00042582000605762005, 0.00044556084321811795, 0.0005120044806972146, 0.00040012141107581556, 0.00024216680321842432, 0.005986233241856098, 0.0007533009047619998, 0.002672651084139943, 0.003822067752480507, 0.00038211376522667706, 0.003457083133980632, 0.008443398401141167, 0.002391114365309477, 0.0020136088132858276, 0.000175814755493775, 0.001911073224619031, 0.0013278697151690722, 0.003746856702491641, 0.0019320473074913025, 0.0006094925920479, 0.0003472578537184745, 0.00023109582252800465, 0.0007580174133181572, 0.013265341520309448, 0.006517468485981226, 0.0010380188468843699, 0.00630102539435029, 0.001048437668941915, 0.030243897810578346, 0.009187497198581696, 0.002363732550293207, 0.14755655825138092, 0.012703783810138702, 0.4272820055484772, 0.021786168217658997, 1.2302173376083374, 0.18471136689186096, 0.20564623177051544, 0.14187201857566833, 0.03194348141551018, 0.14123578369617462, 0.1261548399925232, 0.24448907375335693, 0.35301074385643005, 0.20053836703300476, 0.14938707649707794, 0.1197899803519249, 0.2345692217350006, 0.12673057615756989, 0.01218230091035366, 0.0288770142942667, 0.051123786717653275, 0.06407858431339264, 0.13659343123435974, 0.012306198477745056, 0.02420675754547119, 0.011144203133881092, 0.008712774142622948, 0.009842525236308575, 0.05595414713025093, 0.01244096178561449, 0.005425203591585159, 0.024774134159088135, 0.005926687270402908, 0.01628444716334343, 0.02950443886220455, 0.0004831880214624107, 0.0007616684888489544, 0.003371145576238632, 0.0012361143017187715, 0.04555965214967728, 0.0004656166711356491, 0.0008591050282120705, 0.0005843652179464698, 0.0010275507811456919, 5.7507433666614816e-05, 1.647035423957277e-05, 0.00016800992307253182, 1.579682793817483e-05, 4.6212273446144536e-05, 6.5717163124645595e-06, 4.658146735891933e-06, 1.2334980056039058e-05, 1.8728216673480347e-05], "time_taken": 662.7146456241608, "bit_accuracy": 1.0}