{"n_front_dense_FE": 2, "n_front_dense_PE": 2, "n_front_dense_RxDec": 2, "state_width": 8, "n_epochs": 100, "n_additional_epochs": 10, "CFO_coef": 0, "SNR": 10, "J_list": [2.7725324630737305, 2.764324188232422, 2.619805335998535, 2.349449396133423, 2.2095203399658203, 2.9420974254608154, 2.0885848999023438, 1.9366191625595093, 1.830925703048706, 1.7106893062591553, 1.5382053852081299, 1.3034982681274414, 1.0682203769683838, 0.8593127131462097, 0.7752777934074402, 0.49149924516677856, 0.43321195244789124, 0.3400241434574127, 0.23595699667930603, 0.1991460919380188, 0.11920244991779327, 0.08424165099859238, 0.057010848075151443, 0.029815450310707092, 0.024469828233122826, 0.021633921191096306, 0.01180628314614296, 0.004120940808206797, 0.005569250322878361, 0.005869315937161446, 0.006469616200774908, 0.0011057070223614573, 0.0015135707799345255, 0.000582410953938961, 0.0010685655288398266, 0.0003608855768106878, 0.0007885136874392629, 0.0007558693177998066, 0.00041587199666537344, 0.0004898878978565335, 0.00010650220792740583, 0.00011353904847055674, 0.000234798455494456, 0.0008869074517861009, 0.00016271953063551337, 3.786546949413605e-05, 3.8931095332372934e-05, 9.483028406975791e-05, 5.074719592812471e-05, 0.000109683140181005, 6.622045475523919e-05, 0.00012708918075077236, 0.00011210820957785472, 0.006293199025094509, 0.0025622625835239887, 0.0010462066857144237, 0.0009631301509216428, 0.016192113980650902, 0.001980641158297658, 0.00018174480646848679, 0.0004766744968947023, 0.00016931416757870466, 0.0017433383036404848, 0.003796688513830304, 0.008265472017228603, 0.0005585725884884596, 0.014229536056518555, 0.002584359608590603, 0.0024213178548961878, 0.02833782136440277, 0.00027266802499070764, 0.0089979013428092, 0.015187491662800312, 0.005371510982513428, 0.009202820248901844, 0.028820469975471497, 0.0037645616102963686, 0.10182256996631622, 0.17699606716632843, 0.024670327082276344, 1.562837839126587, 0.6397798657417297, 2.536933183670044, 0.2857682406902313, 0.7371797561645508, 1.1639333963394165, 0.7493828535079956, 0.7417933940887451, 0.08087421208620071, 0.5744414329528809, 0.10440119355916977, 0.04162278771400452, 0.16301223635673523, 0.10321564972400665, 0.042198486626148224, 0.13689830899238586, 0.09714658558368683, 0.03885094076395035, 0.041601914912462234, 0.02662068046629429, 0.03312738612294197, 0.012927845120429993, 0.0036345745902508497, 0.004655998665839434, 0.003618928836658597, 0.005306460428982973, 0.006997966207563877, 0.002390032634139061, 0.0014072556514292955, 0.00160243920981884], "time_taken": 611.0408499240875, "bit_accuracy": 1.0}