{"n_front_dense_FE": 2, "n_front_dense_PE": 2, "n_front_dense_RxDec": 2, "state_width": 0, "n_epochs": 100, "n_additional_epochs": 10, "CFO_coef": 0, "SNR": 6, "J_list": [2.7725894451141357, 2.773103713989258, 2.7716476917266846, 2.7718868255615234, 2.772258758544922, 2.7717700004577637, 2.770622968673706, 2.7744975090026855, 2.7727458477020264, 2.7698183059692383, 2.766063690185547, 2.7714433670043945, 2.771925687789917, 2.7757511138916016, 2.7811310291290283, 2.776615619659424, 2.772520065307617, 2.7688632011413574, 2.7730631828308105, 2.774845600128174, 2.7730157375335693, 2.7664682865142822, 2.768373489379883, 2.768564224243164, 2.7776618003845215, 2.770080804824829, 2.7760674953460693, 2.77288556098938, 2.776550769805908, 2.7739951610565186, 2.771244525909424, 2.7752442359924316, 2.7734808921813965, 2.7722883224487305, 2.771897792816162, 2.777869701385498, 2.7756221294403076, 2.774151563644409, 2.774237871170044, 2.7698073387145996, 2.7726807594299316, 2.770462989807129, 2.7743587493896484, 2.7770957946777344, 2.774717330932617, 2.771937608718872, 2.7753210067749023, 2.7776379585266113, 2.7709145545959473, 2.7725989818573, 2.7736034393310547, 2.7751052379608154, 2.775862216949463, 2.772152900695801, 2.7793006896972656, 2.772632122039795, 2.7743942737579346, 2.7760932445526123, 2.7750587463378906, 2.7723605632781982, 2.775282144546509, 2.774463176727295, 2.7711613178253174, 2.7716476917266846, 2.7744407653808594, 2.7718193531036377, 2.772794246673584, 2.7725796699523926, 2.7739524841308594, 2.773475408554077, 2.7714924812316895, 2.772228956222534, 2.773566722869873, 2.7728159427642822, 2.7723641395568848, 2.7719876766204834, 2.77532958984375, 2.7734837532043457, 2.7752685546875, 2.7727115154266357, 2.7723591327667236, 2.773447036743164, 2.773221254348755, 2.771430492401123, 2.772968292236328, 2.7732768058776855, 2.773813009262085, 2.77337646484375, 2.7753167152404785, 2.773693084716797, 2.7719695568084717, 2.7720344066619873, 2.7728652954101562, 2.771533489227295, 2.7733230590820312, 2.7712700366973877, 2.773012161254883, 2.7769622802734375, 2.773374319076538, 2.7725510597229004, 2.7729313373565674, 2.773772716522217, 2.774224042892456, 2.7732222080230713, 2.7734858989715576, 2.774209499359131, 2.769559383392334, 2.7729244232177734, 2.7735705375671387, 2.770766496658325], "time_taken": 677.1392617225647, "bit_accuracy": 0.06875}