{"n_front_dense_FE": 2, "n_front_dense_PE": 2, "n_front_dense_RxDec": 2, "state_width": 0, "n_epochs": 100, "n_additional_epochs": 10, "CFO_coef": 0, "SNR": 1, "J_list": [2.7725894451141357, 2.772723436355591, 2.7733776569366455, 2.772144317626953, 2.773153781890869, 2.772080898284912, 2.774108648300171, 2.773001194000244, 2.7718517780303955, 2.7716116905212402, 2.77362322807312, 2.772526502609253, 2.769160032272339, 2.7737338542938232, 2.7722768783569336, 2.7749085426330566, 2.7734053134918213, 2.7719223499298096, 2.7754037380218506, 2.775730609893799, 2.775780200958252, 2.770824432373047, 2.773711681365967, 2.770339250564575, 2.769390106201172, 2.7757816314697266, 2.773913860321045, 2.7727911472320557, 2.7766644954681396, 2.773057460784912, 2.7720768451690674, 2.7716336250305176, 2.774369478225708, 2.7731881141662598, 2.769960403442383, 2.773228406906128, 2.7735228538513184, 2.7745275497436523, 2.775068998336792, 2.7718052864074707, 2.7728993892669678, 2.7732272148132324, 2.7703232765197754, 2.7771434783935547, 2.7729721069335938, 2.7743678092956543, 2.776116132736206, 2.7729716300964355, 2.7742433547973633, 2.7735981941223145, 2.7733120918273926, 2.7744858264923096, 2.772404909133911, 2.775186777114868, 2.7774789333343506, 2.7716968059539795, 2.7739319801330566, 2.774564027786255, 2.771876573562622, 2.774104595184326, 2.773447036743164, 2.7741737365722656, 2.771923303604126, 2.771719455718994, 2.7730298042297363, 2.7722911834716797, 2.773205280303955, 2.771226406097412, 2.7711257934570312, 2.771588087081909, 2.773449659347534, 2.7741189002990723, 2.772205352783203, 2.770874261856079, 2.775047540664673, 2.7763984203338623, 2.7753849029541016, 2.7703216075897217, 2.7736620903015137, 2.772015333175659, 2.777939796447754, 2.769557237625122, 2.7707526683807373, 2.772775173187256, 2.775702714920044, 2.7768473625183105, 2.773362636566162, 2.769092082977295, 2.770756483078003, 2.7758517265319824, 2.7696316242218018, 2.771775722503662, 2.7721409797668457, 2.7760367393493652, 2.773695945739746, 2.7778079509735107, 2.7727489471435547, 2.7677690982818604, 2.773066759109497, 2.772216558456421, 2.772792100906372, 2.7715673446655273, 2.7739500999450684, 2.773732900619507, 2.773284435272217, 2.774980068206787, 2.7733688354492188, 2.773526668548584, 2.7735178470611572, 2.772246837615967], "time_taken": 599.327751159668, "bit_accuracy": 0.0625}