{"n_front_dense_FE": 2, "n_front_dense_PE": 2, "n_front_dense_RxDec": 2, "state_width": 8, "n_epochs": 100, "n_additional_epochs": 10, "CFO_coef": 0, "SNR": 6, "J_list": [2.7730319499969482, 2.769320011138916, 2.6232292652130127, 2.404940128326416, 2.8135251998901367, 2.1196186542510986, 2.00039005279541, 1.823203682899475, 1.728287696838379, 1.519549012184143, 1.180454969406128, 0.9037439227104187, 0.7294843792915344, 0.5435295104980469, 0.4180271029472351, 0.27300095558166504, 0.19564393162727356, 0.10227706283330917, 0.10838812589645386, 0.023162510246038437, 0.025087257847189903, 0.012974957004189491, 0.015064391307532787, 0.019567837938666344, 0.002592532429844141, 0.00696692755445838, 0.014088493771851063, 0.02154386416077614, 0.009938878938555717, 0.07016809284687042, 0.017160778865218163, 0.24034245312213898, 0.002637717640027404, 0.18831448256969452, 0.06312165409326553, 0.23202386498451233, 0.05453259497880936, 0.05085771158337593, 0.046751897782087326, 0.08516490459442139, 0.014259761199355125, 0.09946874529123306, 0.02260277047753334, 0.025638580322265625, 0.015669800341129303, 0.031894661486148834, 0.02238282561302185, 0.015353185124695301, 0.010579611174762249, 0.014477252960205078, 0.06577165424823761, 0.0135816540569067, 0.02032184973359108, 0.02647383138537407, 0.008744447492063046, 0.058622460812330246, 0.007454931735992432, 0.014207346364855766, 0.12978561222553253, 0.018057268112897873, 0.04040456563234329, 0.03902524337172508, 0.05841124802827835, 0.01550729013979435, 0.0060345083475112915, 0.17732670903205872, 0.0018843697616830468, 0.014568162150681019, 0.01196204125881195, 0.2306283712387085, 0.022901710122823715, 0.0010898634791374207, 0.07040220499038696, 0.036121614277362823, 0.052152954041957855, 0.12999363243579865, 0.016007963567972183, 0.15438362956047058, 0.050784625113010406, 0.3546580672264099, 0.04384041577577591, 0.21126404404640198, 0.07888311892747879, 0.12319986522197723, 0.13203032314777374, 0.1184881180524826, 0.026394899934530258, 0.01973259449005127, 0.041230421513319016, 0.0013580291997641325, 0.001903928117826581, 0.13781121373176575, 0.18675179779529572, 0.00463330140337348, 0.07243280857801437, 0.04288423806428909, 0.16855977475643158, 0.12806281447410583, 0.31264686584472656, 0.24407005310058594, 0.07266108691692352, 0.002146826358512044, 0.0009405616438016295, 0.0002845249546226114, 0.009968976490199566, 0.0037555373273789883, 0.00011772187281167135, 8.580536814406514e-05, 0.025273632258176804, 0.00010061601642519236], "time_taken": 740.0594143867493, "bit_accuracy": 1.0}