{"n_front_dense_FE": 2, "n_front_dense_PE": 2, "n_front_dense_RxDec": 2, "state_width": 8, "n_epochs": 100, "n_additional_epochs": 10, "CFO_coef": 0, "SNR": 10, "J_list": [2.772347927093506, 2.738826274871826, 2.547870635986328, 2.3994650840759277, 2.095888614654541, 1.7581523656845093, 1.5263087749481201, 1.1660467386245728, 0.9950305223464966, 0.7252119183540344, 0.6861590147018433, 0.3059030771255493, 0.3955036997795105, 0.28246527910232544, 0.13768617808818817, 0.12228500843048096, 0.08466961979866028, 0.03578826040029526, 0.02166234701871872, 0.017231235280632973, 0.028997305780649185, 0.01465038675814867, 0.007431501056998968, 0.0021304870024323463, 0.0018116846913471818, 0.002082842169329524, 0.0024933484382927418, 0.008747563697397709, 0.00273314630612731, 0.006411817856132984, 0.0013271603966131806, 0.0013219378888607025, 0.006473517511039972, 0.0009742060792632401, 0.0015215431340038776, 0.0003165141388308257, 0.0043821376748383045, 0.002221723087131977, 0.00015804488793946803, 0.0001768741785781458, 0.00017594473320059478, 0.0007634932990185916, 0.0004120785742998123, 0.0004371234681457281, 0.0005051508778706193, 0.00046166800893843174, 0.00027777571813203394, 0.0066537498496472836, 0.00019029862596653402, 0.0009823371656239033, 0.0043229032307863235, 0.035499971359968185, 0.004159790929406881, 0.00034578359918668866, 0.008392305113375187, 0.0693596825003624, 0.008196188136935234, 0.35546165704727173, 0.0458536297082901, 0.3384030759334564, 0.4047558307647705, 0.17668776214122772, 0.0794670358300209, 0.17124342918395996, 0.5617192983627319, 0.32389602065086365, 0.19613270461559296, 0.1311304271221161, 0.6729032397270203, 1.5388425588607788, 0.3130652904510498, 0.13588789105415344, 0.6098304986953735, 0.1831762045621872, 0.07197529077529907, 0.15496936440467834, 0.035777825862169266, 0.07147201150655746, 0.07820753753185272, 0.18787594139575958, 0.046916116029024124, 0.03588983416557312, 0.0260766688734293, 0.019693616777658463, 0.019043482840061188, 0.014126956462860107, 0.01512483973056078, 0.006767591927200556, 0.01670697331428528, 0.0015974283451214433, 0.0010792587418109179, 0.0025498545728623867, 0.0011418050853535533, 0.0022053313441574574, 0.013682769611477852, 0.009260421618819237, 0.00168013630900532, 0.0010865945369005203, 0.0064767212606966496, 0.0018700461369007826, 0.0032329093664884567, 0.0003928462974727154, 0.00013276879326440394, 8.785163663560525e-05, 0.00010121101513504982, 0.0002419561642454937, 8.220197196351364e-05, 0.00035045575350522995, 0.00011539270781213418, 7.559377991128713e-05], "time_taken": 659.2601342201233, "bit_accuracy": 1.0}