{"n_front_dense_FE": 2, "n_front_dense_PE": 2, "n_front_dense_RxDec": 2, "state_width": 8, "n_epochs": 100, "n_additional_epochs": 10, "CFO_coef": 0, "SNR": 6, "J_list": [2.772174835205078, 2.732430934906006, 2.620943069458008, 2.483044147491455, 2.135606527328491, 1.9580895900726318, 1.6366609334945679, 1.3465691804885864, 1.2572269439697266, 0.9072513580322266, 0.7235954403877258, 0.6148061752319336, 0.3539608120918274, 0.3202823996543884, 0.22515228390693665, 0.10079433023929596, 0.1740342676639557, 0.06106213852763176, 0.06025751680135727, 0.03135497123003006, 0.03267993777990341, 0.06335171312093735, 0.006078023463487625, 0.06318321824073792, 0.024180034175515175, 0.010153899900615215, 0.04393693059682846, 0.09112731367349625, 0.00509975990280509, 0.0607430562376976, 0.04446456581354141, 0.030008990317583084, 0.05805657431483269, 0.04072020202875137, 0.06433679163455963, 0.05638793855905533, 0.15702922642230988, 0.07954220473766327, 0.1792300045490265, 0.0391852967441082, 0.2915387749671936, 0.09403688460588455, 0.11084015667438507, 0.00649684201925993, 0.1845773160457611, 0.08396530151367188, 0.11986012756824493, 0.38686108589172363, 0.25032609701156616, 0.08536795526742935, 0.04716038703918457, 0.09300978481769562, 0.22552189230918884, 0.13138966262340546, 0.07220681011676788, 0.020304923877120018, 0.10720411688089371, 0.03411642462015152, 0.16290581226348877, 0.03230726718902588, 0.0330791100859642, 0.018044564872980118, 0.007207350339740515, 0.01325285155326128, 0.016223028302192688, 0.014629987068474293, 0.002306946087628603, 0.0047131916508078575, 0.010806025937199593, 0.02798549272119999, 0.011063091456890106, 0.0014393259771168232, 0.0014446309069171548, 0.004055335186421871, 0.0033609748352319, 0.013818937353789806, 0.0026915669441223145, 0.0021252131555229425, 0.003031460102647543, 0.0010887698736041784, 0.00041559766395948827, 0.002139054937288165, 0.0007996981730684638, 0.0006653596647083759, 0.00016189437883440405, 0.00027867674361914396, 0.00015626149252057076, 0.0001506312401033938, 8.850204903865233e-05, 0.000802036258392036, 0.00019218417583033442, 0.00011216347047593445, 9.481799497734755e-05, 5.3700117859989405e-05, 0.00016191767645068467, 0.00011582688603084534, 0.0001862160861492157, 0.00032251811353489757, 8.218801667680964e-05, 0.0005718832835555077, 6.982941704336554e-05, 7.969269063323736e-05, 1.3776070773019455e-05, 8.474751666653901e-06, 7.495784757338697e-06, 9.267858331440948e-06, 6.884570666443324e-06, 6.331991698971251e-06, 9.958494047168642e-06, 1.336051536782179e-05], "time_taken": 776.3460958003998, "bit_accuracy": 1.0}