{"n_front_dense_FE": 2, "n_front_dense_PE": 2, "n_front_dense_RxDec": 2, "state_width": 0, "n_epochs": 100, "n_additional_epochs": 10, "CFO_coef": 0, "SNR": 6, "J_list": [2.7725894451141357, 2.7729787826538086, 2.7731032371520996, 2.773228645324707, 2.7715606689453125, 2.7717819213867188, 2.775239944458008, 2.7714500427246094, 2.7703261375427246, 2.7721290588378906, 2.7759573459625244, 2.773045301437378, 2.774625778198242, 2.772834062576294, 2.774324893951416, 2.7722949981689453, 2.77217960357666, 2.7761168479919434, 2.7740471363067627, 2.7728636264801025, 2.7748639583587646, 2.772667169570923, 2.778144121170044, 2.774177074432373, 2.7730746269226074, 2.774078845977783, 2.773075819015503, 2.7731246948242188, 2.7754769325256348, 2.7733988761901855, 2.772449016571045, 2.7710680961608887, 2.7730026245117188, 2.7725207805633545, 2.7722840309143066, 2.7730796337127686, 2.7726752758026123, 2.7704319953918457, 2.773733139038086, 2.772030830383301, 2.7733588218688965, 2.772873640060425, 2.774033308029175, 2.7721729278564453, 2.7741169929504395, 2.772630214691162, 2.7747302055358887, 2.7734036445617676, 2.769512176513672, 2.772503614425659, 2.7740213871002197, 2.775378704071045, 2.7728652954101562, 2.7719244956970215, 2.773920774459839, 2.771435022354126, 2.774594783782959, 2.7733917236328125, 2.774024486541748, 2.7730159759521484, 2.7713003158569336, 2.7749056816101074, 2.7706894874572754, 2.7699403762817383, 2.7688872814178467, 2.7754969596862793, 2.770669937133789, 2.7751071453094482, 2.7741615772247314, 2.7757835388183594, 2.772174835205078, 2.772709846496582, 2.7721192836761475, 2.774974822998047, 2.774807929992676, 2.7720518112182617, 2.7720375061035156, 2.7740044593811035, 2.7738068103790283, 2.7734875679016113, 2.772670269012451, 2.77337384223938, 2.772275447845459, 2.772709608078003, 2.770801067352295, 2.770063877105713, 2.77578067779541, 2.772634267807007, 2.7751641273498535, 2.770111083984375, 2.7735435962677, 2.774451732635498, 2.771158456802368, 2.774301052093506, 2.7742912769317627, 2.775388479232788, 2.7719132900238037, 2.7772388458251953, 2.772188186645508, 2.773397207260132, 2.7714364528656006, 2.7737154960632324, 2.7726778984069824, 2.773402690887451, 2.772608518600464, 2.7729334831237793, 2.7739901542663574, 2.7771289348602295, 2.773926258087158, 2.771960496902466], "time_taken": 602.2055416107178, "bit_accuracy": 0.053125}