{"n_front_dense_FE": 2, "n_front_dense_PE": 2, "n_front_dense_RxDec": 2, "state_width": 8, "n_epochs": 100, "n_additional_epochs": 10, "CFO_coef": 0, "SNR": 1, "J_list": [2.7723288536071777, 2.7632815837860107, 2.615466594696045, 2.4701273441314697, 2.1302967071533203, 1.6679356098175049, 1.3957593441009521, 1.1634266376495361, 1.2950937747955322, 0.8728917837142944, 0.6649989485740662, 0.8735725283622742, 0.4329032003879547, 0.44813069701194763, 0.2974587380886078, 0.23949304223060608, 0.26916709542274475, 0.14787644147872925, 0.10554983466863632, 0.07794178277254105, 0.0430988185107708, 0.024694863706827164, 0.02796809747815132, 0.03215928375720978, 0.007633165456354618, 0.0060974047519266605, 0.004624894820153713, 0.004375959746539593, 0.00349464756436646, 0.003075056942179799, 0.002019102219492197, 0.001424105605110526, 0.004274403676390648, 0.0015250224387273192, 0.0007817145669832826, 0.00046972575364634395, 0.0004628033493645489, 0.0014724961947649717, 0.0003958159068133682, 0.00023822332150302827, 0.00045471033081412315, 0.00019423388584982604, 0.0001040082861436531, 8.52038647281006e-05, 0.00010454421862959862, 0.0002845230628736317, 0.00010148381988983601, 5.9014146245317534e-05, 8.050125325098634e-05, 6.334197678370401e-05, 5.936413799645379e-05, 0.00010441383346915245, 4.317854472901672e-05, 8.31878132885322e-05, 2.7464780941954814e-05, 5.065569348516874e-05, 3.273685069871135e-05, 3.604778976296075e-05, 2.323762237210758e-05, 1.9566194168874063e-05, 3.0468250770354643e-05, 2.4921551812440157e-05, 2.6262481696903706e-05, 1.762327883625403e-05, 2.1729818399762735e-05, 1.5110155800357461e-05, 1.8523116523283534e-05, 2.212421895819716e-05, 2.214143387391232e-05, 1.863343277364038e-05, 1.7880412997328676e-05, 2.3505297576775774e-05, 2.0351784769445658e-05, 1.8567372535471804e-05, 1.2049320503138006e-05, 1.3411810869001783e-05, 2.0912326363031752e-05, 1.5451942090294324e-05, 1.7627860870561562e-05, 1.4750604350410867e-05, 1.5828087271074764e-05, 1.3863986168871634e-05, 1.757575046212878e-05, 1.5121375326998532e-05, 1.5952795365592465e-05, 1.4552640095644165e-05, 1.1079452633566689e-05, 1.2426820831024088e-05, 1.7213125829584897e-05, 1.0945928806904703e-05, 1.1632327186816838e-05, 9.655680514697451e-06, 1.4995313904364593e-05, 1.4383336747414432e-05, 1.0779166586871725e-05, 1.3437733286991715e-05, 1.0671293239283841e-05, 1.2107433576602489e-05, 8.723653081688099e-06, 7.612468380102655e-06, 9.182023859466426e-06, 7.469591309927637e-06, 6.150316039565951e-06, 5.050663730798988e-06, 2.9641930723300902e-06, 2.5886879484460223e-06, 1.618256646906957e-06, 3.27114821629948e-06, 1.377981334371725e-06, 1.1980457657045918e-06], "time_taken": 608.2419891357422, "bit_accuracy": 1.0}