{"n_front_dense_FE": 2, "n_front_dense_PE": 2, "n_front_dense_RxDec": 2, "state_width": 8, "n_epochs": 100, "n_additional_epochs": 10, "CFO_coef": 0, "SNR": 10, "J_list": [2.772460460662842, 2.755032777786255, 2.5447113513946533, 2.4974827766418457, 2.541667938232422, 2.3162713050842285, 2.1408791542053223, 1.9983962774276733, 1.846625566482544, 1.5785458087921143, 1.2193892002105713, 0.8825784921646118, 0.6597781181335449, 0.5046294927597046, 0.2568489909172058, 0.2629505395889282, 0.13039810955524445, 0.16645808517932892, 0.08071815967559814, 0.05657944828271866, 0.05449138954281807, 0.052631400525569916, 0.011857474222779274, 0.028197944164276123, 0.04097136855125427, 0.018725629895925522, 0.03159095719456673, 0.026319915428757668, 0.075310617685318, 0.001944816904142499, 0.1010613813996315, 0.01074700616300106, 0.29416441917419434, 0.047447629272937775, 0.03672516345977783, 0.8006836175918579, 0.42776012420654297, 0.12036456167697906, 0.2996668815612793, 0.20300385355949402, 0.4886574149131775, 0.2883318066596985, 0.19986014068126678, 0.18443916738033295, 0.04353008791804314, 0.016171086579561234, 0.09472381323575974, 0.1164809912443161, 0.0798133909702301, 0.054315902292728424, 0.024091484025120735, 0.005445762537419796, 0.005624442361295223, 0.10335050523281097, 0.07132627069950104, 0.02910953387618065, 0.017614468932151794, 0.06232340261340141, 0.004838944412767887, 0.012350779958069324, 0.007844009436666965, 0.006501428782939911, 0.01782669499516487, 0.004733685404062271, 0.0031451680697500706, 0.008168010041117668, 0.0026730867102742195, 0.0025587324053049088, 0.0017679141601547599, 0.0012371441116556525, 0.0012446524342522025, 0.0011906858999282122, 0.0008389100548811257, 0.0007982624811120331, 0.0004639028920792043, 0.0005948665784671903, 0.0007531329756602645, 0.0004998688818886876, 0.0007411934202536941, 0.0021576613653451204, 0.0037678356748074293, 0.0005743594956584275, 0.0001805998181225732, 0.000151311163790524, 0.000736966438125819, 0.0006746822036802769, 0.00023876328486949205, 0.00020715435675811023, 0.00026575601077638566, 0.0002305590605828911, 0.00010936767648672685, 0.00011684929631883278, 0.00014476846263278276, 0.00024174033023882657, 0.00018031407671514899, 9.506901551503688e-05, 0.00017232293612323701, 0.0002889733877964318, 8.519351831637323e-05, 8.374526805710047e-05, 5.491967385751195e-05, 0.0013173629995435476, 2.186019810324069e-05, 1.6591415260336362e-05, 2.4083883545245044e-05, 2.145637154171709e-05, 1.915435859700665e-05, 1.7756790839484893e-05, 2.4397915694862604e-05, 8.876561878423672e-06], "time_taken": 889.4268901348114, "bit_accuracy": 1.0}