{"n_front_dense_FE": 2, "n_front_dense_PE": 2, "n_front_dense_RxDec": 2, "state_width": 0, "n_epochs": 100, "n_additional_epochs": 10, "CFO_coef": 0, "SNR": 1, "J_list": [2.7725894451141357, 2.7728822231292725, 2.7726550102233887, 2.7732841968536377, 2.7740042209625244, 2.771289348602295, 2.7705740928649902, 2.7708308696746826, 2.7724881172180176, 2.771596908569336, 2.775128126144409, 2.77327561378479, 2.7739737033843994, 2.7747020721435547, 2.7728512287139893, 2.7734553813934326, 2.777189254760742, 2.772441864013672, 2.7755508422851562, 2.776465892791748, 2.7758004665374756, 2.7745723724365234, 2.7731406688690186, 2.7698922157287598, 2.775207996368408, 2.775076389312744, 2.7718541622161865, 2.7733051776885986, 2.7754974365234375, 2.772308349609375, 2.7721633911132812, 2.775524139404297, 2.772648334503174, 2.772216796875, 2.773315906524658, 2.775602340698242, 2.7709248065948486, 2.7729926109313965, 2.7708425521850586, 2.7716150283813477, 2.7737462520599365, 2.7725586891174316, 2.772324323654175, 2.7757155895233154, 2.7741291522979736, 2.771744728088379, 2.771517515182495, 2.7726728916168213, 2.7718281745910645, 2.7719979286193848, 2.771864652633667, 2.7774760723114014, 2.7729499340057373, 2.775700092315674, 2.771928548812866, 2.7740960121154785, 2.771740674972534, 2.7718911170959473, 2.775524854660034, 2.777090072631836, 2.773451328277588, 2.774016857147217, 2.774869918823242, 2.7765934467315674, 2.774909496307373, 2.7753655910491943, 2.7763116359710693, 2.770317792892456, 2.7733662128448486, 2.7729902267456055, 2.772566318511963, 2.774505615234375, 2.774503469467163, 2.7706246376037598, 2.771717071533203, 2.7739737033843994, 2.7731781005859375, 2.7722420692443848, 2.7754745483398438, 2.773770809173584, 2.7737438678741455, 2.775367259979248, 2.7756049633026123, 2.77344012260437, 2.7724716663360596, 2.772202253341675, 2.775151491165161, 2.7722415924072266, 2.7742257118225098, 2.7722973823547363, 2.7728264331817627, 2.7729666233062744, 2.772836446762085, 2.7744481563568115, 2.770890712738037, 2.77453875541687, 2.7741971015930176, 2.7739505767822266, 2.77250337600708, 2.773702621459961, 2.7725954055786133, 2.7722702026367188, 2.771358013153076, 2.7729849815368652, 2.773327589035034, 2.7731246948242188, 2.773144245147705, 2.7713520526885986, 2.7734742164611816, 2.7712745666503906], "time_taken": 772.960702419281, "bit_accuracy": 0.071875}