{"n_front_dense_FE": 2, "n_front_dense_PE": 2, "n_front_dense_RxDec": 2, "state_width": 0, "n_epochs": 100, "n_additional_epochs": 10, "CFO_coef": 0, "SNR": 6, "J_list": [2.7725894451141357, 2.7729504108428955, 2.77266263961792, 2.771960496902466, 2.774585247039795, 2.7729904651641846, 2.7721171379089355, 2.7700774669647217, 2.7734832763671875, 2.7765517234802246, 2.7725677490234375, 2.7744622230529785, 2.773988723754883, 2.7746148109436035, 2.772429943084717, 2.7731571197509766, 2.774108648300171, 2.774777889251709, 2.771003246307373, 2.772704601287842, 2.774395704269409, 2.7718944549560547, 2.7738566398620605, 2.7749836444854736, 2.7714338302612305, 2.771914005279541, 2.7718937397003174, 2.7737908363342285, 2.7749674320220947, 2.7745914459228516, 2.7713911533355713, 2.774925470352173, 2.770765542984009, 2.770308494567871, 2.771655797958374, 2.7721285820007324, 2.7721047401428223, 2.771975040435791, 2.77331805229187, 2.7745110988616943, 2.7722690105438232, 2.7705166339874268, 2.7732186317443848, 2.7719662189483643, 2.774902820587158, 2.774871349334717, 2.7718868255615234, 2.7729132175445557, 2.773667573928833, 2.7747128009796143, 2.7715511322021484, 2.771566867828369, 2.7714381217956543, 2.7745437622070312, 2.776092052459717, 2.7713711261749268, 2.7753307819366455, 2.773655414581299, 2.7724552154541016, 2.7722792625427246, 2.7736401557922363, 2.7702457904815674, 2.775369882583618, 2.7762043476104736, 2.7753119468688965, 2.773483991622925, 2.77189302444458, 2.772739887237549, 2.772916793823242, 2.771517515182495, 2.772853374481201, 2.7736611366271973, 2.7715556621551514, 2.7729079723358154, 2.7707269191741943, 2.774549961090088, 2.774247646331787, 2.773096799850464, 2.7735466957092285, 2.77083683013916, 2.7734124660491943, 2.7714321613311768, 2.773569345474243, 2.7733871936798096, 2.77447772026062, 2.7729716300964355, 2.773587465286255, 2.7722885608673096, 2.7738051414489746, 2.7749409675598145, 2.7724769115448, 2.771411418914795, 2.7726261615753174, 2.776890993118286, 2.771880626678467, 2.7721829414367676, 2.773232936859131, 2.772381544113159, 2.7750325202941895, 2.7715742588043213, 2.770857334136963, 2.7728002071380615, 2.7753937244415283, 2.773026943206787, 2.7730231285095215, 2.775252103805542, 2.775150775909424, 2.773097038269043, 2.7775845527648926, 2.7738499641418457], "time_taken": 770.6792132854462, "bit_accuracy": 0.05}