{"n_front_dense_FE": 2, "n_front_dense_PE": 2, "n_front_dense_RxDec": 2, "state_width": 2, "n_epochs": 100, "n_additional_epochs": 10, "CFO_coef": 0, "SNR": 1, "J_list": [2.772448778152466, 2.7435476779937744, 2.491910219192505, 2.2544918060302734, 2.582258701324463, 2.166076183319092, 1.8953487873077393, 1.7415249347686768, 1.5636518001556396, 1.6177676916122437, 1.515813946723938, 1.3238855600357056, 1.1948747634887695, 1.240041971206665, 1.1595535278320312, 0.9750118255615234, 0.9696071743965149, 0.8753922581672668, 0.7373092770576477, 0.7183895111083984, 0.6172288656234741, 0.49095630645751953, 0.4898163378238678, 0.32117074728012085, 0.2917482554912567, 0.30455008149147034, 0.2567065954208374, 0.17437739670276642, 0.15396644175052643, 0.13267314434051514, 0.12220065295696259, 0.06188397482037544, 0.1336781084537506, 0.10374946892261505, 0.2981439232826233, 0.34570127725601196, 0.10507871955633163, 0.3214833736419678, 0.0739365965127945, 0.05029045417904854, 0.10901696979999542, 0.1283728927373886, 0.32752591371536255, 0.12049195915460587, 0.6989695429801941, 0.6167864799499512, 0.9004753232002258, 0.5032923817634583, 0.445656955242157, 1.2286434173583984, 0.1868598759174347, 1.51837956905365, 1.166585922241211, 0.86460942029953, 0.8085514903068542, 1.2563753128051758, 0.9634660482406616, 0.4749584197998047, 0.19283926486968994, 0.3524770140647888, 0.38393452763557434, 0.19485776126384735, 0.11407492309808731, 0.13573774695396423, 0.22391729056835175, 0.18815977871418, 0.12383530288934708, 0.16345791518688202, 0.11214940249919891, 0.07693003863096237, 0.050871334969997406, 0.07780580222606659, 0.0977383404970169, 0.0717165619134903, 0.027883708477020264, 0.022758230566978455, 0.036897409707307816, 0.02458331361413002, 0.03517191857099533, 0.025667721405625343, 0.05000556632876396, 0.011427807621657848, 0.039783962070941925, 0.019598742946982384, 0.00760501017794013, 0.0111527806147933, 0.037354737520217896, 0.00975412130355835, 0.00667176116257906, 0.011934781447052956, 0.015311583876609802, 0.009924039244651794, 0.00803293101489544, 0.007135495543479919, 0.006372800562530756, 0.006507915444672108, 0.014988410286605358, 0.005366978235542774, 0.003797187004238367, 0.0032634909730404615, 0.0029916022904217243, 0.002400105819106102, 0.001720552914775908, 0.0012206959072500467, 0.0009692668099887669, 0.0010444161016494036, 0.0008853389881551266, 0.0006904768524691463, 0.0005778518388979137, 0.000475108390673995], "time_taken": 727.9460263252258, "bit_accuracy": 1.0}