{"n_front_dense_FE": 2, "n_front_dense_PE": 2, "n_front_dense_RxDec": 2, "state_width": 0, "n_epochs": 100, "n_additional_epochs": 10, "CFO_coef": 0, "SNR": 1, "J_list": [2.7725894451141357, 2.771883487701416, 2.7726552486419678, 2.7737200260162354, 2.7731871604919434, 2.772904872894287, 2.7717385292053223, 2.776040554046631, 2.7732863426208496, 2.7735602855682373, 2.7720248699188232, 2.7718453407287598, 2.7742867469787598, 2.7731645107269287, 2.777510166168213, 2.7728583812713623, 2.7736542224884033, 2.771219491958618, 2.775367259979248, 2.7744061946868896, 2.7747504711151123, 2.7727444171905518, 2.7742247581481934, 2.770763397216797, 2.7737326622009277, 2.772188901901245, 2.7723517417907715, 2.773836612701416, 2.7717463970184326, 2.773357629776001, 2.7740254402160645, 2.775033712387085, 2.774721145629883, 2.7725725173950195, 2.774052143096924, 2.773998498916626, 2.7732067108154297, 2.772918939590454, 2.772935152053833, 2.7715463638305664, 2.773155927658081, 2.771350622177124, 2.7707362174987793, 2.7736659049987793, 2.77305269241333, 2.7725415229797363, 2.7717738151550293, 2.772019624710083, 2.7700724601745605, 2.7724721431732178, 2.7726123332977295, 2.7707836627960205, 2.7696242332458496, 2.771984100341797, 2.777005195617676, 2.7739639282226562, 2.7721290588378906, 2.775068759918213, 2.7744758129119873, 2.7721123695373535, 2.771160840988159, 2.774901866912842, 2.7698616981506348, 2.7674694061279297, 2.77618145942688, 2.7719528675079346, 2.775508403778076, 2.7742581367492676, 2.7733771800994873, 2.7761828899383545, 2.7729907035827637, 2.775203227996826, 2.774092197418213, 2.76983642578125, 2.771986484527588, 2.774623155593872, 2.774634838104248, 2.7705790996551514, 2.7723171710968018, 2.77268648147583, 2.7718253135681152, 2.7738940715789795, 2.772812604904175, 2.771955966949463, 2.774059295654297, 2.7717678546905518, 2.775611162185669, 2.770700454711914, 2.7763657569885254, 2.7700235843658447, 2.772982120513916, 2.7733473777770996, 2.7726547718048096, 2.770033359527588, 2.7714548110961914, 2.774043560028076, 2.771510601043701, 2.7702393531799316, 2.772613525390625, 2.77351450920105, 2.7769320011138916, 2.7737483978271484, 2.777010440826416, 2.773315906524658, 2.7739646434783936, 2.7687859535217285, 2.7733957767486572, 2.7712864875793457, 2.7752223014831543, 2.7775332927703857], "time_taken": 611.8939292430878, "bit_accuracy": 0.046875}