{"n_front_dense_FE": 2, "n_front_dense_PE": 2, "n_front_dense_RxDec": 2, "state_width": 2, "n_epochs": 100, "n_additional_epochs": 10, "CFO_coef": 0, "SNR": 1, "J_list": [2.772317409515381, 2.7572927474975586, 2.5791778564453125, 2.3425376415252686, 2.2287464141845703, 2.108649492263794, 2.0517520904541016, 1.746063232421875, 1.8214409351348877, 1.6461340188980103, 1.4996731281280518, 1.479042649269104, 1.3830444812774658, 1.3067121505737305, 1.248734474182129, 1.0177032947540283, 1.0115487575531006, 0.8815723657608032, 0.8208525776863098, 0.708116888999939, 0.7646656632423401, 0.5937686562538147, 0.5876241326332092, 0.5549746751785278, 0.4873502850532532, 0.47866708040237427, 0.4118850827217102, 0.38705435395240784, 0.3760187029838562, 0.24034154415130615, 0.2900002598762512, 0.2816719114780426, 0.14094731211662292, 0.20533747971057892, 0.20965437591075897, 0.10532402992248535, 0.14522917568683624, 0.09239370375871658, 0.11610753834247589, 0.06813912838697433, 0.07275959849357605, 0.05768876522779465, 0.046127837151288986, 0.052072860300540924, 0.04411185160279274, 0.06066180020570755, 0.029696453362703323, 0.013326560147106647, 0.0075378925539553165, 0.017079880461096764, 0.01744210720062256, 0.01409456878900528, 0.006003341171890497, 0.005061198957264423, 0.004615069832652807, 0.015853241086006165, 0.0026214062236249447, 0.003667038632556796, 0.01271800510585308, 0.022221872583031654, 0.0023393905721604824, 0.0024408618919551373, 0.0029834373854100704, 0.0061155324801802635, 0.011197556741535664, 0.008793624117970467, 0.018235236406326294, 0.0056917257606983185, 0.003017700044438243, 0.004827950149774551, 0.0050168647430837154, 0.027105197310447693, 0.13462185859680176, 0.00805679988116026, 0.02836199477314949, 0.011170705780386925, 0.0031845178455114365, 0.0997641310095787, 0.05064202472567558, 0.03378256410360336, 0.010353944264352322, 0.05064316466450691, 0.042829908430576324, 0.03868655115365982, 0.009073509834706783, 0.008701208978891373, 0.02152884751558304, 0.009828755632042885, 0.02032853662967682, 0.03215671330690384, 0.0025144382379949093, 0.006325499154627323, 0.008243387565016747, 0.006981298327445984, 0.002895207377150655, 0.0835801512002945, 0.0573655441403389, 0.03746091574430466, 0.07979123294353485, 0.46685391664505005, 0.06276074796915054, 0.014090778306126595, 0.0019740259740501642, 0.000654353410936892, 0.001239336677826941, 0.0036449716426432133, 0.000505696632899344, 0.007644541561603546, 0.0004348374786786735, 0.007098021917045116], "time_taken": 605.5065553188324, "bit_accuracy": 1.0}