{"n_front_dense_FE": 2, "n_front_dense_PE": 2, "n_front_dense_RxDec": 2, "state_width": 2, "n_epochs": 100, "n_additional_epochs": 10, "CFO_coef": 0, "SNR": 10, "J_list": [2.772677183151245, 2.755202531814575, 2.564786434173584, 2.3534419536590576, 2.474278211593628, 1.7887130975723267, 1.9844964742660522, 1.558174729347229, 1.5081946849822998, 1.509530782699585, 1.2934153079986572, 1.192408800125122, 1.1160991191864014, 1.1663727760314941, 1.0374784469604492, 0.9679591059684753, 0.9831668734550476, 0.8107843399047852, 0.7896209359169006, 0.7266391515731812, 0.6041398048400879, 0.5776104927062988, 0.5125442147254944, 0.5379461050033569, 0.43509310483932495, 0.3961918354034424, 0.3675350546836853, 0.5046742558479309, 0.851157009601593, 0.44807156920433044, 0.4317483901977539, 0.506200909614563, 0.2396356165409088, 0.2499302327632904, 0.24430695176124573, 0.2522709369659424, 0.33674174547195435, 0.2312651127576828, 0.08380432426929474, 0.20178894698619843, 0.13124993443489075, 0.14950135350227356, 0.08247433602809906, 0.10906939208507538, 0.06171870231628418, 0.0417625829577446, 0.05732395499944687, 0.0473962277173996, 0.04297473281621933, 0.033075958490371704, 0.020185519009828568, 0.039665188640356064, 0.038307998329401016, 0.018952667713165283, 0.01477878075093031, 0.016154924407601357, 0.017123423516750336, 0.011822198517620564, 0.06394223868846893, 0.015497075393795967, 0.0872173085808754, 0.0567898266017437, 0.07946740090847015, 0.03227178752422333, 0.06886200606822968, 0.11424805968999863, 0.10364310443401337, 0.07468755543231964, 0.30686870217323303, 0.06563879549503326, 0.24251635372638702, 0.11157369613647461, 0.09548754245042801, 0.11859811842441559, 0.07394876331090927, 0.04807668179273605, 0.07790180295705795, 0.01665489748120308, 0.037657637149095535, 0.0987086072564125, 0.010239983908832073, 0.04110749810934067, 0.028363097459077835, 0.017670681700110435, 0.01383238472044468, 0.013811824843287468, 0.009249502792954445, 0.012272528372704983, 0.011277971789240837, 0.00538715161383152, 0.00375912943854928, 0.0036371746100485325, 0.005349468439817429, 0.005017257295548916, 0.0045423200353980064, 0.003936808556318283, 0.00420622993260622, 0.0049431463703513145, 0.0025860569439828396, 0.0031064872164279222, 0.0018156494479626417, 0.0014126551104709506, 0.0012238783529028296, 0.0007142062531784177, 0.0007561314851045609, 0.0008267813245765865, 0.0006856769905425608, 0.0006109175155870616, 0.0004211969207972288, 0.00029886217089369893], "time_taken": 591.8503830432892, "bit_accuracy": 1.0}