{"n_front_dense_FE": 2, "n_front_dense_PE": 2, "n_front_dense_RxDec": 2, "state_width": 2, "n_epochs": 100, "n_additional_epochs": 10, "CFO_coef": 0, "SNR": 10, "J_list": [2.772385597229004, 2.7529079914093018, 2.623664379119873, 2.406507968902588, 2.2717649936676025, 2.072488784790039, 1.708322525024414, 1.5883020162582397, 1.4846596717834473, 1.3142483234405518, 1.2006616592407227, 1.0230109691619873, 0.9512872695922852, 0.9013347625732422, 0.7445970177650452, 0.7621484398841858, 0.5941499471664429, 0.6082080602645874, 0.586694598197937, 0.577832818031311, 0.3933650851249695, 0.4205940365791321, 0.346843957901001, 0.28487497568130493, 0.19533851742744446, 0.14556670188903809, 0.17467215657234192, 0.118743397295475, 0.09871139377355576, 0.09335850179195404, 0.08566458523273468, 0.07200935482978821, 0.04914999008178711, 0.059096790850162506, 0.02827644906938076, 0.07394686341285706, 0.23381009697914124, 0.0980079174041748, 0.0948646068572998, 0.08290280401706696, 0.13090389966964722, 0.2232154905796051, 0.11365169286727905, 0.3298695683479309, 0.17878353595733643, 0.39725473523139954, 0.14144299924373627, 0.33042359352111816, 0.1985931694507599, 0.03430371358990669, 0.07187483459711075, 0.12329863011837006, 0.1520964652299881, 0.0472528412938118, 0.14813214540481567, 0.17812339961528778, 0.18500305712223053, 0.08130757510662079, 0.2598382830619812, 0.048095934092998505, 0.4781285226345062, 0.07876609265804291, 0.6259551644325256, 0.18175151944160461, 0.4289318919181824, 0.17315348982810974, 0.1788422167301178, 0.12779030203819275, 0.2670825123786926, 0.03299596905708313, 0.29632696509361267, 0.06372468173503876, 0.39160972833633423, 0.021375734359025955, 0.2971421778202057, 0.24283111095428467, 0.24111942946910858, 0.1211204081773758, 0.15312805771827698, 0.053984515368938446, 0.07740238308906555, 0.04134875163435936, 0.07540149986743927, 0.022608762606978416, 0.09583419561386108, 0.025515377521514893, 0.031807832419872284, 0.047096673399209976, 0.0068916319869458675, 0.017009124159812927, 0.01466199941933155, 0.04567098990082741, 0.02964804694056511, 0.003835872281342745, 0.002579286228865385, 0.003285875078290701, 0.0022008575033396482, 0.002214928390458226, 0.003658843459561467, 0.0075574396178126335, 0.0024712751619517803, 0.0009857669938355684, 0.0003459117142483592, 0.00042623429908417165, 0.0009767430601641536, 0.00017295987345278263, 0.0003007875639013946, 0.001694254926405847, 0.00018811157497111708, 0.0003187413385603577], "time_taken": 606.5704338550568, "bit_accuracy": 1.0}