{"n_front_dense_FE": 2, "n_front_dense_PE": 2, "n_front_dense_RxDec": 2, "state_width": 0, "n_epochs": 100, "n_additional_epochs": 10, "CFO_coef": 0, "SNR": 10, "J_list": [2.7725894451141357, 2.7725415229797363, 2.772570848464966, 2.7729201316833496, 2.771897554397583, 2.7721199989318848, 2.773977041244507, 2.7713418006896973, 2.770697832107544, 2.7757890224456787, 2.7738327980041504, 2.7730889320373535, 2.7741599082946777, 2.7715115547180176, 2.7754764556884766, 2.7678139209747314, 2.7726919651031494, 2.7770068645477295, 2.7769718170166016, 2.7687244415283203, 2.7719783782958984, 2.7730748653411865, 2.777071952819824, 2.7706501483917236, 2.771357536315918, 2.7736480236053467, 2.77093768119812, 2.773043155670166, 2.7718188762664795, 2.773397445678711, 2.7768921852111816, 2.7736213207244873, 2.774061679840088, 2.774441957473755, 2.7747936248779297, 2.771296977996826, 2.773508071899414, 2.770902395248413, 2.7752387523651123, 2.770207166671753, 2.7766051292419434, 2.7713778018951416, 2.773388624191284, 2.770129680633545, 2.770749092102051, 2.7704179286956787, 2.773376703262329, 2.7710976600646973, 2.7734735012054443, 2.770308017730713, 2.771925449371338, 2.7744967937469482, 2.7766735553741455, 2.7699692249298096, 2.7712502479553223, 2.767949342727661, 2.7742068767547607, 2.7740941047668457, 2.7736144065856934, 2.7762935161590576, 2.768934488296509, 2.77172589302063, 2.773071765899658, 2.775125503540039, 2.7745063304901123, 2.774446964263916, 2.776632308959961, 2.7736430168151855, 2.771162509918213, 2.7727999687194824, 2.775940418243408, 2.7736904621124268, 2.7733139991760254, 2.7711331844329834, 2.7696404457092285, 2.7735676765441895, 2.77497935295105, 2.7722315788269043, 2.772092342376709, 2.7756505012512207, 2.7764155864715576, 2.7767205238342285, 2.769688606262207, 2.7713935375213623, 2.7731432914733887, 2.77677059173584, 2.7759029865264893, 2.776822805404663, 2.7721402645111084, 2.774311065673828, 2.7723000049591064, 2.7728500366210938, 2.7718653678894043, 2.772895336151123, 2.77119517326355, 2.7737655639648438, 2.7710909843444824, 2.774095058441162, 2.7724952697753906, 2.7715935707092285, 2.773460626602173, 2.770554304122925, 2.7683792114257812, 2.773322582244873, 2.7744174003601074, 2.770970582962036, 2.772578239440918, 2.772977352142334, 2.7745249271392822, 2.7736454010009766], "time_taken": 593.445743560791, "bit_accuracy": 0.065625}