{"n_front_dense_FE": 2, "n_front_dense_PE": 2, "n_front_dense_RxDec": 2, "state_width": 8, "n_epochs": 40, "n_additional_epochs": 20, "CFO_coef": 0.5, "SNR": 4, "J_list": [2.773117780685425, 2.7788546085357666, 2.7781078815460205, 2.782996654510498, 2.7441444396972656, 2.7995405197143555, 2.7245633602142334, 2.6556601524353027, 2.574366331100464, 2.4337570667266846, 2.1220734119415283, 2.377986192703247, 2.326683282852173, 1.8317766189575195, 2.0620908737182617, 1.7593587636947632, 1.828295111656189, 1.6333656311035156, 1.7173652648925781, 1.4724000692367554, 1.3207648992538452, 1.1947710514068604, 1.0825107097625732, 1.069197416305542, 1.3205807209014893, 0.9332998394966125, 0.9214309453964233, 1.11991286277771, 0.8122514486312866, 1.356894850730896, 0.5316312909126282, 0.6900797486305237, 0.8866917490959167, 0.5050439238548279, 0.5002617835998535, 0.688750147819519, 0.5103358626365662, 0.3729807734489441, 1.4298250675201416, 0.38674643635749817, 0.7867395877838135, 0.41844430565834045, 0.3650997281074524, 0.24571561813354492, 0.24709291756153107, 0.1880756914615631, 0.3020278811454773, 0.1588016003370285, 0.18245510756969452, 0.15570321679115295, 0.14543752372264862, 0.13103589415550232, 0.12690962851047516, 0.15138466656208038, 0.16174395382404327, 0.12621688842773438, 0.1754690408706665, 0.10582330077886581, 0.34842371940612793, 0.1935199499130249], "time_taken": 318.14361357688904, "bit_accuracy": 0.96875}