{"n_front_dense_FE": 2, "n_front_dense_PE": 2, "n_front_dense_RxDec": 2, "state_width": 8, "n_epochs": 40, "n_additional_epochs": 20, "CFO_coef": 0.1, "SNR": 2, "J_list": [2.7727131843566895, 2.7777915000915527, 2.7698495388031006, 2.7617576122283936, 2.7091188430786133, 2.6399166584014893, 2.6252224445343018, 2.6163549423217773, 2.4322619438171387, 2.336409091949463, 2.0844407081604004, 1.939004898071289, 1.798804521560669, 1.730573058128357, 1.4627851247787476, 1.4007492065429688, 1.1688028573989868, 1.1663100719451904, 0.9629576802253723, 0.8965641260147095, 0.8056538701057434, 0.6957055330276489, 0.6676806211471558, 0.640978991985321, 0.492841899394989, 0.4171951413154602, 0.3828030228614807, 0.41729283332824707, 0.24010606110095978, 0.4580479562282562, 0.24720950424671173, 0.28681883215904236, 0.19083791971206665, 0.1731484830379486, 0.179186150431633, 0.1772531419992447, 0.3613540530204773, 0.1892164945602417, 0.4051646590232849, 0.12817561626434326, 0.34933358430862427, 0.0644814670085907, 0.03874023258686066, 0.028062444180250168, 0.024780215695500374, 0.054825834929943085, 0.03667252138257027, 0.0701199322938919, 0.02859417162835598, 0.01974250003695488, 0.025098999962210655, 0.00693868612870574, 0.007661921437829733, 0.011530639603734016, 0.03708294779062271, 0.011102164164185524, 0.025444790720939636, 0.00775498803704977, 0.006109670735895634, 0.008486365899443626], "time_taken": 317.1535813808441, "bit_accuracy": 1.0}