{"n_front_dense_FE": 2, "n_front_dense_PE": 2, "n_front_dense_RxDec": 2, "state_width": 8, "n_epochs": 40, "n_additional_epochs": 20, "CFO_coef": 0.5, "SNR": 5, "J_list": [2.7727086544036865, 2.7794947624206543, 2.812835693359375, 2.758293628692627, 2.7552075386047363, 2.6994476318359375, 2.69726300239563, 2.6486103534698486, 2.520266056060791, 2.3922619819641113, 2.287506580352783, 2.2643325328826904, 2.0943443775177, 2.003368854522705, 1.9099422693252563, 2.2181849479675293, 1.9144115447998047, 1.703905463218689, 1.5957683324813843, 1.3983323574066162, 1.2505309581756592, 1.2773425579071045, 1.0863248109817505, 1.0385620594024658, 0.8743106126785278, 1.4262404441833496, 0.9986351132392883, 1.1694291830062866, 0.934432327747345, 1.0565588474273682, 0.4886549413204193, 1.0769566297531128, 0.7376849055290222, 0.6323356628417969, 0.503902792930603, 0.4154661297798157, 0.8031617999076843, 0.37653595209121704, 0.4383299946784973, 0.4980340898036957, 0.35424572229385376, 0.27674204111099243, 0.2491951882839203, 0.22968745231628418, 0.6611136198043823, 0.22324609756469727, 0.195524662733078, 0.17067137360572815, 0.2140287458896637, 0.2072795331478119, 0.16217218339443207, 0.15028873085975647, 0.24143452942371368, 0.13150346279144287, 0.1890806406736374, 0.13604755699634552, 0.18016651272773743, 0.11276964843273163, 0.20817533135414124, 0.09886728227138519], "time_taken": 303.76888847351074, "bit_accuracy": 0.96875}