{"n_front_dense_FE": 2, "n_front_dense_PE": 2, "n_front_dense_RxDec": 2, "state_width": 8, "n_epochs": 40, "n_additional_epochs": 20, "CFO_coef": 0.1, "SNR": 4, "J_list": [2.7728946208953857, 2.767678737640381, 2.8203742504119873, 2.7307400703430176, 2.7249724864959717, 2.6912102699279785, 2.5614242553710938, 2.51234769821167, 2.372300386428833, 2.333979845046997, 2.740776300430298, 2.2488937377929688, 2.26526141166687, 2.246689558029175, 2.280892848968506, 2.1535141468048096, 2.1001298427581787, 2.1555655002593994, 2.046750545501709, 1.913439154624939, 1.8610588312149048, 1.7843883037567139, 1.7179558277130127, 1.6314433813095093, 1.4841099977493286, 1.3513561487197876, 1.2736256122589111, 1.0999683141708374, 1.0322400331497192, 0.8774648904800415, 0.7694479823112488, 0.7566252946853638, 0.754120409488678, 0.6140321493148804, 0.452723890542984, 0.38774922490119934, 0.42470020055770874, 0.3091457188129425, 0.32284680008888245, 0.23559966683387756, 0.21580031514167786, 0.15414094924926758, 0.13349509239196777, 0.12552210688591003, 0.15032747387886047, 0.19259405136108398, 0.11161480844020844, 0.09265713393688202, 0.08718477189540863, 0.09490974992513657, 0.09064678102731705, 0.0779663473367691, 0.06701494753360748, 0.07308255136013031, 0.06365068256855011, 0.0858350545167923, 0.05076860636472702, 0.04910998418927193, 0.05295935273170471, 0.03695760294795036], "time_taken": 322.9981212615967, "bit_accuracy": 1.0}