{"n_front_dense_FE": 2, "n_front_dense_PE": 2, "n_front_dense_RxDec": 2, "state_width": 8, "n_epochs": 40, "n_additional_epochs": 20, "CFO_coef": 0.1, "SNR": 6, "J_list": [2.7729039192199707, 2.779656171798706, 2.768653631210327, 2.796180009841919, 2.7691075801849365, 2.729994297027588, 2.6966025829315186, 2.6034927368164062, 2.4541313648223877, 2.3204402923583984, 2.1779062747955322, 1.8668886423110962, 1.7978204488754272, 1.7301368713378906, 1.5497989654541016, 1.3965494632720947, 1.0825079679489136, 1.1102725267410278, 0.9991852641105652, 0.8186229467391968, 0.6893812417984009, 0.593104362487793, 0.5768909454345703, 0.4032088816165924, 0.3189217746257782, 0.28498879075050354, 0.2322288304567337, 0.33525413274765015, 0.1280483454465866, 0.1424829512834549, 0.1384265422821045, 0.15758661925792694, 0.25705185532569885, 0.16318348050117493, 0.2327101230621338, 0.13592132925987244, 0.3972777724266052, 0.06684435158967972, 0.49107202887535095, 0.16307714581489563, 0.23622436821460724, 0.1747279316186905, 0.05666400119662285, 0.04631493613123894, 0.033293336629867554, 0.05012322589755058, 0.04406868293881416, 0.03191955015063286, 0.02379157580435276, 0.042790304869413376, 0.010098366066813469, 0.03145308420062065, 0.0290379635989666, 0.01827300153672695, 0.0062418002635240555, 0.007025653030723333, 0.013723650947213173, 0.026868954300880432, 0.004416684154421091, 0.006137532647699118], "time_taken": 307.88116431236267, "bit_accuracy": 0.996875}