{"n_front_dense_FE": 2, "n_front_dense_PE": 2, "n_front_dense_RxDec": 2, "state_width": 8, "n_epochs": 40, "n_additional_epochs": 20, "CFO_coef": 1, "SNR": 5, "J_list": [2.772505521774292, 2.9337918758392334, 2.7693893909454346, 2.7642409801483154, 2.7454276084899902, 2.774749279022217, 2.779371738433838, 2.7725296020507812, 2.7639153003692627, 2.7553439140319824, 2.762467622756958, 2.741138458251953, 2.7184438705444336, 2.6735527515411377, 2.6232800483703613, 2.5025315284729004, 2.6761860847473145, 2.636664867401123, 2.3373844623565674, 2.4159634113311768, 2.266578197479248, 2.4861035346984863, 2.3923189640045166, 2.22943115234375, 2.247396230697632, 1.9833602905273438, 2.0086421966552734, 2.0424704551696777, 1.7787590026855469, 1.5428365468978882, 1.7836593389511108, 1.3119714260101318, 1.1998552083969116, 1.0509920120239258, 0.9862539172172546, 1.0148823261260986, 2.2551662921905518, 1.0940449237823486, 1.4028902053833008, 1.6413938999176025, 1.2186256647109985, 1.37523353099823, 0.9447808265686035, 0.9066670536994934, 0.7214108109474182, 2.572993755340576, 0.6858888864517212, 0.6575219631195068, 0.9127305746078491, 0.7883812189102173, 0.6550498008728027, 0.6307559013366699, 0.8510786890983582, 0.6927171945571899, 0.5705732107162476, 0.7403629422187805, 0.579504132270813, 1.0514203310012817, 0.5133458971977234, 0.5203641653060913], "time_taken": 318.698495388031, "bit_accuracy": 0.859375}