{"n_front_dense_FE": 2, "n_front_dense_PE": 2, "n_front_dense_RxDec": 2, "state_width": 8, "n_epochs": 40, "n_additional_epochs": 20, "CFO_coef": 1, "SNR": 2, "J_list": [2.773019313812256, 2.7708587646484375, 2.947563886642456, 2.7739076614379883, 2.7554945945739746, 2.7903671264648438, 2.7612080574035645, 2.751230478286743, 2.725217342376709, 2.7298877239227295, 2.696125030517578, 2.61539363861084, 2.574294328689575, 2.5324599742889404, 2.5020153522491455, 2.5375852584838867, 2.5341956615448, 2.5121750831604004, 2.382453203201294, 2.301496982574463, 2.2525627613067627, 2.060961961746216, 1.9742377996444702, 2.0053486824035645, 1.9078460931777954, 1.8024284839630127, 1.7561008930206299, 2.211905002593994, 1.6081151962280273, 2.0910489559173584, 1.6825473308563232, 1.8947702646255493, 1.7184852361679077, 2.1796324253082275, 1.575860857963562, 1.5761761665344238, 1.6774327754974365, 1.5043954849243164, 1.4257930517196655, 1.720745325088501, 1.2063144445419312, 1.279976487159729, 1.1422771215438843, 1.1151511669158936, 1.0500125885009766, 1.0329716205596924, 0.9941986203193665, 0.9474515914916992, 0.9156633615493774, 0.8669891357421875, 0.8126088976860046, 1.021112322807312, 1.0280550718307495, 0.7326076030731201, 0.8014079332351685, 0.7198384404182434, 0.7098793983459473, 0.7305399775505066, 0.6911088228225708, 0.6291266083717346], "time_taken": 312.5014057159424, "bit_accuracy": 0.809375}