{"n_front_dense_FE": 2, "n_front_dense_PE": 2, "n_front_dense_RxDec": 2, "state_width": 16, "n_epochs": 100, "n_additional_epochs": 40, "CFO_coef": 1, "SNR": 13, "J_list": [2.7719693183898926, 2.774343967437744, 2.7717108726501465, 2.771113872528076, 2.7717976570129395, 2.7712833881378174, 2.7788989543914795, 2.778085231781006, 2.7734055519104004, 2.775744915008545, 2.7714028358459473, 2.771064043045044, 2.7729921340942383, 2.7694880962371826, 2.769918441772461, 2.7679760456085205, 2.774230480194092, 2.772792100906372, 2.772613048553467, 2.7656314373016357, 2.7706007957458496, 2.768077850341797, 2.7719409465789795, 2.767068862915039, 2.768115520477295, 2.759099006652832, 2.757399797439575, 2.7603485584259033, 2.7588133811950684, 2.7633612155914307, 2.7565948963165283, 2.7416746616363525, 2.7529189586639404, 2.757666826248169, 2.7304725646972656, 2.7472710609436035, 2.7628235816955566, 2.7330095767974854, 2.722787857055664, 2.721121311187744, 2.7062907218933105, 2.708278179168701, 2.683126449584961, 2.700239658355713, 2.720104932785034, 2.677389621734619, 2.6515705585479736, 2.6953234672546387, 2.6659798622131348, 2.6711556911468506, 2.6692276000976562, 2.6099517345428467, 2.548614978790283, 2.568467378616333, 2.533684492111206, 2.6756479740142822, 2.638617753982544, 2.493522882461548, 2.5136637687683105, 2.426096200942993, 2.4710888862609863, 2.3721766471862793, 2.515648603439331, 2.419109344482422, 2.580793857574463, 2.451000928878784, 2.357851505279541, 2.381103992462158, 2.2359538078308105, 2.1941311359405518, 2.436894655227661, 2.3370604515075684, 2.16109037399292, 2.3217530250549316, 2.2739529609680176, 2.165249824523926, 2.300605297088623, 2.2832322120666504, 2.2738945484161377, 2.0756607055664062, 2.1456797122955322, 2.1172051429748535, 2.208294630050659, 2.052668333053589, 1.8680412769317627, 2.360921859741211, 1.8902428150177002, 2.148068904876709, 2.213308334350586, 1.7818794250488281, 2.169243335723877, 2.0368945598602295, 1.8663508892059326, 2.1017024517059326, 2.1960434913635254, 2.088829517364502, 1.8416903018951416, 2.128237724304199, 2.1016993522644043, 2.0685222148895264, 1.951570749282837, 1.7606604099273682, 1.7839683294296265, 2.024923086166382, 1.8317495584487915, 1.8079370260238647, 1.6902462244033813, 1.9778892993927002, 2.145916700363159, 1.796587586402893, 1.8746907711029053, 1.6887890100479126, 1.7505277395248413, 1.753814697265625, 2.045854091644287, 1.9347740411758423, 2.044914722442627, 1.8325834274291992, 1.802154302597046, 1.9414771795272827, 1.7450729608535767, 1.8155437707901, 1.7350050210952759, 1.8038995265960693, 1.9508168697357178, 1.8986332416534424, 1.9436153173446655, 1.7491579055786133, 2.2720985412597656, 1.9465034008026123, 1.755444884300232, 1.7255977392196655, 1.992152452468872, 1.989179015159607, 1.942103385925293, 1.9864833354949951, 1.7263399362564087, 1.9906485080718994, 1.7314484119415283, 1.6786361932754517], "time_taken": 682.1150975227356, "bit_accuracy": 0.33249999999999996}