{"n_front_dense_FE": 2, "n_front_dense_PE": 2, "n_front_dense_RxDec": 2, "state_width": 7, "n_epochs": 100, "n_additional_epochs": 10, "CFO_coef": 1, "SNR": 5, "J_list": [2.772911787033081, 2.7997984886169434, 2.780015230178833, 2.7637674808502197, 2.771869659423828, 2.7569198608398438, 2.7482025623321533, 2.687390089035034, 2.6752943992614746, 2.5507121086120605, 2.4657411575317383, 2.3359572887420654, 2.229592800140381, 2.2965941429138184, 2.215632677078247, 2.1693716049194336, 2.143509864807129, 2.2719547748565674, 2.0307106971740723, 2.199371814727783, 1.9996837377548218, 1.9406331777572632, 2.240309238433838, 2.037846088409424, 1.6434158086776733, 2.9437928199768066, 1.5610473155975342, 1.5458927154541016, 1.350672721862793, 1.2787120342254639, 1.3054707050323486, 1.1796103715896606, 1.0857250690460205, 1.6022837162017822, 0.7966252565383911, 0.9650558233261108, 0.7525312900543213, 0.5042796730995178, 0.5393001437187195, 0.460890531539917, 1.742842435836792, 4.013741970062256, 1.1828453540802002, 0.8532270193099976, 1.0071191787719727, 1.488019585609436, 1.3016669750213623, 1.0463262796401978, 1.750024437904358, 1.0224050283432007, 0.9237957000732422, 1.1069828271865845, 1.2360100746154785, 0.9703711271286011, 0.921155571937561, 0.7789880037307739, 1.7801727056503296, 0.934456467628479, 0.8839109539985657, 1.37968909740448, 0.7720457911491394, 0.8015483021736145, 0.8882466554641724, 0.6640239953994751, 0.965319812297821, 0.6642051339149475, 0.592022716999054, 0.6838504076004028, 0.5919266939163208, 0.4300541877746582, 0.38385242223739624, 0.4668352007865906, 0.34338828921318054, 0.28750744462013245, 0.36529484391212463, 0.20816831290721893, 0.40465840697288513, 0.5831416249275208, 0.19708526134490967, 0.27748456597328186, 0.140562504529953, 0.12064548581838608, 0.16577155888080597, 0.23112916946411133, 0.12070667743682861, 0.22005514800548553, 0.09556430578231812, 0.12337342649698257, 0.2665233612060547, 0.12956523895263672, 0.09671483933925629, 0.4137318730354309, 0.07913157343864441, 0.3668062090873718, 0.13478799164295197, 0.31196922063827515, 0.22231519222259521, 0.2906099855899811, 0.16080248355865479, 0.18117734789848328, 1.4136852025985718, 0.08960948884487152, 0.09134326875209808, 0.0467170849442482, 0.10569527000188828, 0.17335335910320282, 0.07107905298471451, 0.24351713061332703, 0.05019780993461609, 0.04516540467739105], "time_taken": 902.3700747489929, "bit_accuracy": 0.9799999999999999}