{"n_front_dense_FE": 2, "n_front_dense_PE": 2, "n_front_dense_RxDec": 2, "state_width": 4, "n_epochs": 100, "n_additional_epochs": 10, "CFO_coef": 1, "SNR": 3, "J_list": [2.7725493907928467, 2.781003952026367, 2.7702090740203857, 2.7663984298706055, 2.7388322353363037, 2.764572858810425, 2.6939761638641357, 2.657797336578369, 2.550158977508545, 2.8892662525177, 2.467939615249634, 2.6192750930786133, 2.469914674758911, 2.410098075866699, 2.3456852436065674, 2.3106493949890137, 2.115488052368164, 2.142711639404297, 2.0824007987976074, 2.050849199295044, 2.0811965465545654, 1.9594647884368896, 2.252336025238037, 1.9033353328704834, 1.8376977443695068, 2.0126309394836426, 2.263148069381714, 1.7702674865722656, 1.9737459421157837, 1.847717046737671, 1.7287744283676147, 2.0395114421844482, 1.992129921913147, 1.7358852624893188, 2.684727907180786, 1.817866325378418, 1.7397079467773438, 2.1490321159362793, 1.9084529876708984, 1.7257591485977173, 1.7807562351226807, 1.8148475885391235, 1.7776988744735718, 1.6254901885986328, 1.6494624614715576, 1.471877098083496, 1.5522340536117554, 1.3945846557617188, 1.4192612171173096, 1.4486744403839111, 1.235878586769104, 1.624790906906128, 1.305859088897705, 1.5239756107330322, 1.1603015661239624, 1.2350825071334839, 1.0536028146743774, 0.9754331707954407, 0.964159369468689, 0.8061904907226562, 1.4284712076187134, 1.0520732402801514, 0.9528059959411621, 0.7534137964248657, 1.2288738489151, 0.6581483483314514, 0.7865828275680542, 0.7332165241241455, 0.49847182631492615, 0.5608124732971191, 0.522064208984375, 0.39561501145362854, 0.7155076265335083, 0.3921624720096588, 0.6188592910766602, 0.4889618754386902, 0.30901527404785156, 0.2961426377296448, 0.25010645389556885, 0.33534353971481323, 0.4885128140449524, 0.7815743684768677, 0.9081015586853027, 0.5328132510185242, 0.3267088532447815, 0.832859218120575, 0.37521570920944214, 0.4922097325325012, 0.3449886441230774, 0.2815200388431549, 0.5989044904708862, 0.4789200723171234, 0.9299870729446411, 1.5073895454406738, 0.3619830906391144, 0.40413206815719604, 1.0653908252716064, 1.2353836297988892, 0.4876388609409332, 0.48013606667518616, 0.77918541431427, 1.7954107522964478, 0.29709190130233765, 0.34773939847946167, 0.3185881972312927, 0.32246771454811096, 0.32566753029823303, 0.2562466263771057, 0.2439056932926178, 0.2745278775691986], "time_taken": 697.4410967826843, "bit_accuracy": 0.865}