{"n_front_dense_FE": 2, "n_front_dense_PE": 2, "n_front_dense_RxDec": 2, "state_width": 5, "n_epochs": 100, "n_additional_epochs": 10, "CFO_coef": 1, "SNR": 1, "J_list": [2.772401809692383, 2.7781364917755127, 2.7748303413391113, 2.7762019634246826, 2.7290468215942383, 2.7877249717712402, 2.6952946186065674, 2.702293872833252, 2.6510767936706543, 2.657008409500122, 2.4127509593963623, 2.2855167388916016, 2.1719748973846436, 2.5277159214019775, 2.1133434772491455, 2.2756361961364746, 2.5743908882141113, 1.9302847385406494, 2.1294891834259033, 2.2299106121063232, 1.946462631225586, 1.9734852313995361, 1.8026721477508545, 2.3136887550354004, 1.8457691669464111, 1.6822665929794312, 1.5479469299316406, 2.1469497680664062, 1.6282732486724854, 1.48807692527771, 1.5545895099639893, 1.0270040035247803, 1.4169988632202148, 1.0748167037963867, 1.0404268503189087, 1.3365954160690308, 1.191066861152649, 2.2805283069610596, 1.2802183628082275, 0.9634890556335449, 0.9276529550552368, 0.867389976978302, 1.0804221630096436, 2.140360116958618, 0.9624863862991333, 0.947647213935852, 0.7775892019271851, 0.7794555425643921, 0.7729729413986206, 0.6522648930549622, 0.8197975158691406, 0.6186127662658691, 0.5762332677841187, 0.703211784362793, 0.49813300371170044, 2.1813602447509766, 0.767192542552948, 0.6238837242126465, 0.476571261882782, 0.5441912412643433, 1.1831310987472534, 0.5265603065490723, 0.5174661874771118, 0.4172332286834717, 0.5604890584945679, 0.4134560525417328, 0.28751450777053833, 0.22969213128089905, 0.4105284810066223, 1.4912097454071045, 0.29083508253097534, 0.4325034022331238, 0.835708737373352, 0.3667930066585541, 1.6767383813858032, 1.00295090675354, 0.8089267611503601, 0.699013888835907, 0.8341087102890015, 1.256218671798706, 0.5697417855262756, 0.4007783532142639, 0.34928685426712036, 1.0442787408828735, 0.9233222007751465, 0.368751585483551, 0.390593558549881, 0.2953375279903412, 0.6911332011222839, 0.5975260138511658, 0.34795618057250977, 0.4593762457370758, 1.2634708881378174, 0.4097980558872223, 0.4052501618862152, 0.33177971839904785, 0.35230809450149536, 0.2549470067024231, 2.339665412902832, 0.5035357475280762, 0.5544238686561584, 0.2378263920545578, 0.19304580986499786, 0.22030368447303772, 0.13026471436023712, 0.1326863318681717, 0.12080730497837067, 0.15010708570480347, 2.0139153003692627, 0.11332118511199951], "time_taken": 825.4048981666565, "bit_accuracy": 0.9778125}