{"n_front_dense_FE": 2, "n_front_dense_PE": 2, "n_front_dense_RxDec": 2, "state_width": 0, "n_epochs": 100, "n_additional_epochs": 10, "CFO_coef": 1, "SNR": 5, "J_list": [2.7725894451141357, 2.7723793983459473, 2.7734484672546387, 2.772383213043213, 2.774460792541504, 2.7716989517211914, 2.7725768089294434, 2.7740554809570312, 2.773806095123291, 2.774867296218872, 2.773707866668701, 2.7735135555267334, 2.7735278606414795, 2.7776761054992676, 2.771132707595825, 2.7720508575439453, 2.7731409072875977, 2.77461838722229, 2.772822380065918, 2.7734761238098145, 2.771263599395752, 2.773191213607788, 2.772235870361328, 2.7766404151916504, 2.7727928161621094, 2.7730350494384766, 2.7758023738861084, 2.772230863571167, 2.772695541381836, 2.7717483043670654, 2.769904613494873, 2.774116039276123, 2.770400285720825, 2.7747626304626465, 2.772101640701294, 2.772700548171997, 2.7746732234954834, 2.770484209060669, 2.7722485065460205, 2.7721190452575684, 2.772805690765381, 2.775333881378174, 2.772770643234253, 2.7715227603912354, 2.7709879875183105, 2.7733705043792725, 2.7701311111450195, 2.7748827934265137, 2.7735650539398193, 2.7728159427642822, 2.777423858642578, 2.7747750282287598, 2.7707018852233887, 2.7716755867004395, 2.775106191635132, 2.7706210613250732, 2.7758469581604004, 2.7731826305389404, 2.771944046020508, 2.7746047973632812, 2.771728038787842, 2.7730774879455566, 2.7693514823913574, 2.7708797454833984, 2.772371292114258, 2.7729907035827637, 2.7724146842956543, 2.774345874786377, 2.774810314178467, 2.775656223297119, 2.7738213539123535, 2.7715065479278564, 2.7704877853393555, 2.7761173248291016, 2.7753090858459473, 2.772911548614502, 2.7735867500305176, 2.7707724571228027, 2.7712624073028564, 2.772561550140381, 2.7719359397888184, 2.775963306427002, 2.7742743492126465, 2.7714791297912598, 2.773237705230713, 2.773883104324341, 2.7735562324523926, 2.7732369899749756, 2.7728874683380127, 2.772416591644287, 2.7739529609680176, 2.772963762283325, 2.771521806716919, 2.7732977867126465, 2.774080991744995, 2.77217960357666, 2.774430751800537, 2.7734737396240234, 2.7725048065185547, 2.7728610038757324, 2.771690845489502, 2.7719037532806396, 2.7747910022735596, 2.7732033729553223, 2.7734241485595703, 2.7718749046325684, 2.7722601890563965, 2.7728352546691895, 2.773968458175659, 2.7720677852630615], "time_taken": 595.655818939209, "bit_accuracy": 0.0625}