{"n_front_dense_FE": 2, "n_front_dense_PE": 2, "n_front_dense_RxDec": 2, "state_width": 8, "n_epochs": 100, "n_additional_epochs": 10, "CFO_coef": 1, "SNR": 3, "J_list": [2.7721753120422363, 2.7775416374206543, 2.8048858642578125, 2.7711021900177, 2.775275468826294, 2.743481159210205, 2.7603447437286377, 2.6862449645996094, 2.6856892108917236, 2.7427971363067627, 2.5812923908233643, 2.5136332511901855, 2.3816566467285156, 2.393209457397461, 2.3313279151916504, 2.3760740756988525, 2.2521891593933105, 2.4774792194366455, 2.334468364715576, 2.9140806198120117, 2.234170436859131, 2.2481746673583984, 2.20124888420105, 2.161745071411133, 2.7016854286193848, 2.101532220840454, 2.0063719749450684, 1.962467908859253, 1.9015495777130127, 1.7876527309417725, 1.9635801315307617, 1.835357427597046, 1.5695369243621826, 1.7117195129394531, 1.395936369895935, 1.5686029195785522, 1.3536303043365479, 1.6236984729766846, 1.2935199737548828, 1.33444344997406, 1.1397229433059692, 1.058895468711853, 2.629875659942627, 2.017533779144287, 2.1611218452453613, 1.2041473388671875, 3.0905964374542236, 1.2722564935684204, 1.6584581136703491, 1.3059898614883423, 1.4888535737991333, 1.287198781967163, 1.5937776565551758, 1.4738705158233643, 1.4068037271499634, 1.3061691522598267, 1.4148861169815063, 1.177610158920288, 1.0382955074310303, 1.3550504446029663, 1.1650166511535645, 0.8164129257202148, 0.8324728012084961, 0.8734700083732605, 0.8023070096969604, 0.5860991477966309, 0.49372968077659607, 0.5062658190727234, 0.5083805918693542, 0.9948498010635376, 0.6004780530929565, 0.5012607574462891, 0.7153946757316589, 0.39791184663772583, 0.5320861339569092, 0.36674177646636963, 0.3676506578922272, 0.34078606963157654, 0.37459927797317505, 0.29291826486587524, 0.30223220586776733, 0.6001655459403992, 0.28483879566192627, 0.3728872239589691, 0.20394465327262878, 0.2896294593811035, 0.252544641494751, 0.16905614733695984, 0.1894066035747528, 2.4871914386749268, 0.61088627576828, 0.5341895818710327, 0.5700093507766724, 0.37962111830711365, 0.2409968376159668, 0.203348308801651, 0.26548680663108826, 0.22371229529380798, 0.26650866866111755, 0.23982706665992737, 0.16634976863861084, 0.2799896001815796, 0.1299438178539276, 0.16477032005786896, 0.1375841498374939, 0.12475526332855225, 0.12836715579032898, 0.08095134049654007, 0.07989861816167831, 0.06560317426919937], "time_taken": 743.3205969333649, "bit_accuracy": 0.89875}