{"n_front_dense_FE": 2, "n_front_dense_PE": 2, "n_front_dense_RxDec": 2, "state_width": 8, "n_epochs": 100, "n_additional_epochs": 10, "CFO_coef": 1, "SNR": 6, "J_list": [2.7728753089904785, 2.7767467498779297, 2.767138957977295, 2.774411201477051, 2.765126943588257, 2.7384867668151855, 2.8106627464294434, 2.6240792274475098, 2.8553483486175537, 2.605808973312378, 2.540626049041748, 2.566027879714966, 2.3642826080322266, 2.411635637283325, 2.3248960971832275, 2.238614559173584, 2.445671319961548, 2.086939811706543, 2.107044219970703, 2.050236463546753, 2.0870442390441895, 1.8610889911651611, 1.706777572631836, 1.7832393646240234, 1.5452840328216553, 1.362227201461792, 1.5130226612091064, 1.3497097492218018, 1.2332878112792969, 1.2530714273452759, 1.0467989444732666, 0.9605640172958374, 0.8678415417671204, 1.7793419361114502, 1.0287785530090332, 0.7890951633453369, 0.7651756405830383, 1.0708153247833252, 1.1518299579620361, 0.6186298131942749, 0.7619084119796753, 1.132469892501831, 0.533738911151886, 0.46505364775657654, 1.0408650636672974, 0.9285503625869751, 1.0700101852416992, 0.6792284250259399, 0.6340889930725098, 0.4545338749885559, 0.7228161096572876, 0.47954025864601135, 0.43313875794410706, 0.6606035232543945, 0.8148456811904907, 0.766659140586853, 0.8055204153060913, 0.5703102946281433, 0.5299597382545471, 1.6176502704620361, 0.4535089135169983, 0.4653654992580414, 0.7217446565628052, 0.675728440284729, 0.44515591859817505, 0.41463518142700195, 0.5037595629692078, 0.417734295129776, 0.34847554564476013, 0.25948452949523926, 0.9306720495223999, 0.2586090862751007, 0.3945513367652893, 0.26243239641189575, 0.23043358325958252, 0.23357446491718292, 0.18988299369812012, 0.38585108518600464, 0.17320969700813293, 0.11494989693164825, 0.4945569932460785, 0.2250841110944748, 0.177555114030838, 0.23842230439186096, 0.0965689867734909, 0.07460834085941315, 0.24241042137145996, 0.464205801486969, 0.12072598934173584, 0.451577752828598, 0.11356572061777115, 0.2545924782752991, 0.1625593900680542, 0.176036536693573, 0.10595043003559113, 0.17091795802116394, 0.09531112015247345, 0.27062344551086426, 0.07487485557794571, 0.09812895953655243, 0.3796156346797943, 0.09318415075540543, 0.10820978879928589, 0.030939389020204544, 0.0420866496860981, 0.0486828088760376, 0.03642486408352852, 0.06948192417621613, 0.028931666165590286, 0.02540523372590542], "time_taken": 783.4328818321228, "bit_accuracy": 0.9846875}