{"n_front_dense_FE": 2, "n_front_dense_PE": 2, "n_front_dense_RxDec": 2, "state_width": 4, "n_epochs": 100, "n_additional_epochs": 10, "CFO_coef": 1, "SNR": 10, "J_list": [2.7729313373565674, 2.773952007293701, 2.769300937652588, 2.779911518096924, 2.7539687156677246, 2.756441116333008, 2.7236580848693848, 2.7007622718811035, 2.662593364715576, 2.516263961791992, 2.3255362510681152, 2.498671293258667, 3.150312900543213, 2.269192934036255, 2.1464054584503174, 2.5302653312683105, 2.003812074661255, 1.9456027746200562, 2.2468934059143066, 1.971583604812622, 1.7552292346954346, 1.855115294456482, 2.3220503330230713, 1.7162697315216064, 1.5837043523788452, 1.4817748069763184, 1.6805397272109985, 1.4960871934890747, 1.370056390762329, 1.452113151550293, 1.1490799188613892, 1.2013976573944092, 1.2230603694915771, 1.212129831314087, 1.023664951324463, 1.4848464727401733, 0.9980539083480835, 1.5774147510528564, 1.3187720775604248, 0.9104957580566406, 0.9744939804077148, 0.9917560815811157, 1.4881460666656494, 1.0948355197906494, 1.1753599643707275, 0.8093973994255066, 1.1611273288726807, 1.094878911972046, 0.7140856981277466, 1.0369653701782227, 0.9874178767204285, 1.0342438220977783, 0.8250017166137695, 0.6984913945198059, 0.7289881110191345, 0.5057384371757507, 0.5686017274856567, 0.7018089890480042, 0.6086639761924744, 0.4377540647983551, 0.5692651867866516, 0.4906943440437317, 0.3819918632507324, 0.3005596101284027, 0.26951414346694946, 0.263110876083374, 0.2531779408454895, 0.2948480248451233, 0.22939196228981018, 0.21069207787513733, 0.166024848818779, 0.1609891802072525, 0.1808023899793625, 0.1850251853466034, 0.12057971954345703, 0.42770013213157654, 0.17032237350940704, 0.17716063559055328, 0.2738391160964966, 0.12359943240880966, 0.18074548244476318, 0.2019433081150055, 0.0828796848654747, 0.12372457981109619, 0.1092207208275795, 0.7345249056816101, 0.07541786134243011, 1.2427089214324951, 0.21539029479026794, 0.21896374225616455, 0.6812776327133179, 0.8992265462875366, 0.2610676884651184, 0.3708623945713043, 1.1008344888687134, 0.7898468971252441, 0.6910277009010315, 0.7329330444335938, 0.8114972114562988, 0.9263120889663696, 0.5109843015670776, 0.24586918950080872, 0.5529208779335022, 0.19434785842895508, 1.038494348526001, 0.12968352437019348, 0.1332090049982071, 0.21474269032478333, 0.2629968225955963, 0.1150771751999855], "time_taken": 718.6810336112976, "bit_accuracy": 0.899375}