{"n_front_dense_FE": 2, "n_front_dense_PE": 2, "n_front_dense_RxDec": 2, "state_width": 6, "n_epochs": 100, "n_additional_epochs": 10, "CFO_coef": 1, "SNR": 2, "J_list": [2.7731478214263916, 2.780534267425537, 2.7689497470855713, 2.7930381298065186, 2.7564196586608887, 2.7661776542663574, 2.7328734397888184, 2.723867654800415, 2.6094231605529785, 2.706202745437622, 2.4074385166168213, 2.8248324394226074, 2.308450222015381, 2.407125473022461, 2.376527786254883, 2.3379809856414795, 2.584381580352783, 2.3660826683044434, 2.190718173980713, 2.1685073375701904, 2.195906162261963, 2.2194206714630127, 2.126692295074463, 2.2541136741638184, 2.0897927284240723, 2.0140180587768555, 1.9721667766571045, 2.101853609085083, 1.839559555053711, 1.9496349096298218, 1.7066936492919922, 1.821303129196167, 1.9141753911972046, 1.748307466506958, 2.6834583282470703, 2.035616636276245, 1.7881654500961304, 1.6988933086395264, 1.814962387084961, 1.6862455606460571, 1.693563461303711, 1.6128885746002197, 1.476961374282837, 1.4277299642562866, 1.3437926769256592, 1.5496450662612915, 1.3034138679504395, 1.5271422863006592, 2.70051646232605, 1.288388967514038, 1.115054726600647, 1.2021528482437134, 0.9392601251602173, 0.9102714657783508, 1.0898463726043701, 1.0151340961456299, 1.0436700582504272, 0.7910960912704468, 1.9746887683868408, 0.7790194153785706, 1.007972240447998, 0.7843731045722961, 0.87433260679245, 0.955147922039032, 2.1657257080078125, 0.7508187294006348, 2.329779863357544, 1.1492290496826172, 1.1944568157196045, 0.8757944107055664, 0.7023141384124756, 1.5593818426132202, 0.7136544585227966, 1.011600375175476, 0.9761263132095337, 0.865641713142395, 0.8803380727767944, 0.6263241171836853, 0.541447639465332, 0.8018198013305664, 0.9731500744819641, 0.6014689207077026, 0.7551189064979553, 0.6121057868003845, 0.699831485748291, 0.4625467360019684, 0.40790659189224243, 0.6234737634658813, 0.4469572901725769, 0.36122798919677734, 0.264212429523468, 0.31156352162361145, 0.4025026261806488, 0.2203417271375656, 1.0918673276901245, 0.42637044191360474, 0.25835686922073364, 0.28720349073410034, 0.5421298742294312, 0.2208680808544159, 0.276753306388855, 0.21519343554973602, 0.6630558967590332, 0.12710514664649963, 0.1148994117975235, 1.4641164541244507, 0.5382311940193176, 0.1466929316520691, 0.13800720870494843, 0.13961951434612274], "time_taken": 876.092041015625, "bit_accuracy": 0.9262500000000001}