{"n_front_dense_FE": 2, "n_front_dense_PE": 2, "n_front_dense_RxDec": 2, "state_width": 3, "n_epochs": 100, "n_additional_epochs": 10, "CFO_coef": 1, "SNR": 10, "J_list": [2.772379159927368, 2.779970169067383, 2.7801167964935303, 2.7775914669036865, 2.771056890487671, 2.7689805030822754, 2.7783565521240234, 2.7586464881896973, 2.7324836254119873, 2.704392910003662, 2.6708688735961914, 2.6586496829986572, 2.5577869415283203, 2.521822452545166, 2.4467406272888184, 2.413721799850464, 2.529768705368042, 2.2404208183288574, 2.1916630268096924, 2.357609510421753, 2.0483765602111816, 2.1490378379821777, 2.012768268585205, 2.1315972805023193, 2.0155699253082275, 1.8405485153198242, 1.7454839944839478, 1.7556183338165283, 1.788116455078125, 1.704158067703247, 1.5774933099746704, 1.5700864791870117, 1.6609532833099365, 1.4932297468185425, 1.5140082836151123, 1.4593662023544312, 1.483651876449585, 1.2607500553131104, 1.2266595363616943, 1.4482057094573975, 1.2729275226593018, 1.4506272077560425, 1.1131452322006226, 1.5012438297271729, 1.2162834405899048, 1.1760953664779663, 1.0732585191726685, 0.9814168810844421, 1.2186375856399536, 1.0340864658355713, 0.9007974863052368, 0.7432388663291931, 0.8084556460380554, 0.6906834840774536, 1.0636703968048096, 3.842134952545166, 0.8303425908088684, 0.9348249435424805, 0.7785614728927612, 0.9242987632751465, 0.7262794375419617, 0.7724188566207886, 0.7523034811019897, 0.5973478555679321, 0.5653117895126343, 0.5529940128326416, 0.7267147302627563, 0.44851094484329224, 0.40930262207984924, 0.37656694650650024, 0.29805272817611694, 0.3240426480770111, 0.28636986017227173, 0.29497581720352173, 0.4593566060066223, 0.26060476899147034, 0.45363759994506836, 0.2028985321521759, 1.0771480798721313, 0.3527778089046478, 0.5861724019050598, 0.36403340101242065, 0.48858922719955444, 0.2838009297847748, 0.5193618535995483, 0.23089733719825745, 1.0435407161712646, 0.4019831717014313, 0.5186238884925842, 0.6772013902664185, 0.13196203112602234, 3.343493700027466, 0.4539610743522644, 0.6809826493263245, 0.5511780381202698, 0.5313523411750793, 0.6132599115371704, 0.6020117998123169, 0.3440327048301697, 0.5737621784210205, 0.8616655468940735, 0.43543586134910583, 0.4126688838005066, 0.3773684799671173, 0.2381449043750763, 0.272283136844635, 0.18173907697200775, 0.2603011727333069, 0.1850656419992447, 0.15079565346240997], "time_taken": 815.8466565608978, "bit_accuracy": 0.8875}