{"n_front_dense_FE": 2, "n_front_dense_PE": 2, "n_front_dense_RxDec": 2, "state_width": 4, "n_epochs": 100, "n_additional_epochs": 10, "CFO_coef": 1, "SNR": 2, "J_list": [2.772818088531494, 2.776968240737915, 2.774986743927002, 2.7818076610565186, 2.739962339401245, 2.80668568611145, 2.702929973602295, 2.7378673553466797, 2.644885301589966, 2.54794979095459, 2.518547534942627, 2.297790050506592, 2.8007006645202637, 2.8199496269226074, 2.361595630645752, 2.3091869354248047, 2.7437281608581543, 2.356457233428955, 2.392948865890503, 2.2814574241638184, 2.383673667907715, 2.270460844039917, 2.313075542449951, 2.1727805137634277, 2.2505345344543457, 2.1865482330322266, 2.23591947555542, 2.2697179317474365, 2.0327982902526855, 2.0223498344421387, 2.130190372467041, 2.0147011280059814, 2.0656373500823975, 1.9531629085540771, 1.7815093994140625, 1.7307897806167603, 1.885231375694275, 1.7307316064834595, 1.6343456506729126, 1.475232720375061, 1.4102671146392822, 1.7061103582382202, 1.4571950435638428, 1.8392324447631836, 1.3024381399154663, 1.147977352142334, 1.8360090255737305, 1.518554925918579, 1.1239097118377686, 1.0296604633331299, 0.8446065783500671, 1.0382583141326904, 1.1747595071792603, 0.8988256454467773, 1.0623598098754883, 0.8157981038093567, 0.5746752023696899, 0.6507540941238403, 0.6022294163703918, 0.6331064105033875, 1.7338796854019165, 0.7100077867507935, 1.5399223566055298, 1.1618512868881226, 0.7115585207939148, 0.5723658204078674, 0.7804107666015625, 1.9538307189941406, 0.7463818788528442, 0.8977106213569641, 0.5833169221878052, 0.8695089221000671, 0.6873818635940552, 0.47002363204956055, 1.033172369003296, 0.5425602793693542, 2.092648983001709, 3.5463149547576904, 0.894801139831543, 0.6646047234535217, 0.7558258771896362, 0.7736616134643555, 0.7873492240905762, 0.6597812175750732, 0.6444872617721558, 0.7863494753837585, 1.2445286512374878, 1.3750946521759033, 0.703254222869873, 0.6267639994621277, 0.6222423315048218, 0.5147122144699097, 0.3753897249698639, 0.3961160182952881, 0.7185185551643372, 0.9709873199462891, 0.8693981170654297, 0.2706078290939331, 0.2628103196620941, 0.2719522714614868, 0.8292695879936218, 0.38906651735305786, 0.24166956543922424, 0.2676411271095276, 0.4005869925022125, 0.193163201212883, 0.2192399948835373, 0.18489474058151245, 0.9848779439926147, 0.4238813519477844], "time_taken": 692.5259275436401, "bit_accuracy": 0.9715625000000001}