{"n_front_dense_FE": 2, "n_front_dense_PE": 2, "n_front_dense_RxDec": 2, "state_width": 2, "n_epochs": 100, "n_additional_epochs": 10, "CFO_coef": 1, "SNR": 2, "J_list": [2.7729358673095703, 2.7803425788879395, 2.7788076400756836, 2.76570987701416, 2.7748703956604004, 2.7779364585876465, 2.7795979976654053, 2.76887583732605, 2.7685365676879883, 2.752742290496826, 2.7532455921173096, 2.733196973800659, 2.7011964321136475, 2.6545302867889404, 2.5194613933563232, 2.4992289543151855, 2.4044570922851562, 2.388204336166382, 2.239734172821045, 2.193167209625244, 2.1444976329803467, 1.9906009435653687, 2.3887650966644287, 1.8210821151733398, 1.626654863357544, 1.5876582860946655, 2.3160643577575684, 1.6976382732391357, 1.5313942432403564, 1.4392982721328735, 1.4994773864746094, 1.4883064031600952, 1.4223177433013916, 1.1494128704071045, 1.3337428569793701, 1.3389726877212524, 1.436387300491333, 1.2060818672180176, 1.1783692836761475, 1.0907793045043945, 1.66374933719635, 1.2302943468093872, 1.3319485187530518, 1.1852811574935913, 1.1074771881103516, 1.1451759338378906, 1.113208293914795, 1.3362599611282349, 1.5064599514007568, 1.790392279624939, 1.075360655784607, 1.1109519004821777, 1.7170734405517578, 1.0477176904678345, 1.0363478660583496, 1.0191099643707275, 0.9232150316238403, 1.0139179229736328, 0.9528496861457825, 1.1998742818832397, 0.7402794361114502, 0.8142440915107727, 0.7342689037322998, 0.7087398171424866, 1.5365546941757202, 1.1018602848052979, 0.6657854318618774, 0.7039514780044556, 0.7166398763656616, 0.5720922350883484, 0.585126519203186, 0.4858349859714508, 0.9397146105766296, 0.49882563948631287, 0.5230182409286499, 1.0092021226882935, 0.6901018023490906, 0.617542564868927, 0.7713220715522766, 0.5595898628234863, 0.45660200715065, 0.8486397862434387, 0.6701093912124634, 0.5803699493408203, 0.5685655474662781, 0.31934982538223267, 0.6458112001419067, 0.4779201149940491, 0.533115804195404, 0.45447149872779846, 0.343281090259552, 0.2966253161430359, 0.35177308320999146, 0.47075194120407104, 0.34467464685440063, 0.4677942395210266, 0.33215588331222534, 0.23920850455760956, 0.3899533450603485, 0.4921158254146576, 0.3828675150871277, 0.8162117004394531, 0.27048784494400024, 0.3975162208080292, 0.1539963036775589, 0.12324199825525284, 0.12310563027858734, 0.10663336515426636, 0.14017188549041748, 0.11095266044139862], "time_taken": 659.0343084335327, "bit_accuracy": 0.8637500000000001}