{"n_front_dense_FE": 2, "n_front_dense_PE": 2, "n_front_dense_RxDec": 2, "state_width": 1, "n_epochs": 100, "n_additional_epochs": 10, "CFO_coef": 1, "SNR": 4, "J_list": [2.7725908756256104, 2.7728357315063477, 2.7825348377227783, 2.778618335723877, 2.755512237548828, 2.7566003799438477, 2.6939191818237305, 2.599717378616333, 2.615551233291626, 2.5037646293640137, 2.4048242568969727, 2.553057909011841, 2.3171050548553467, 2.278545379638672, 2.255449056625366, 2.323812484741211, 2.1540935039520264, 2.393040657043457, 2.1185951232910156, 1.9991947412490845, 2.038239002227783, 2.0560402870178223, 2.0640289783477783, 2.367602586746216, 1.9787025451660156, 2.0671966075897217, 1.9137318134307861, 1.817911148071289, 1.913818120956421, 1.7734895944595337, 1.8526328802108765, 1.862297773361206, 1.936157464981079, 1.7310912609100342, 2.406989812850952, 1.7371047735214233, 1.732273817062378, 1.6907116174697876, 1.6399425268173218, 1.7075777053833008, 1.6430003643035889, 1.6072664260864258, 1.5718761682510376, 1.5039907693862915, 1.5216220617294312, 1.5083959102630615, 1.422004222869873, 1.4473470449447632, 1.3797694444656372, 1.5611597299575806, 1.386478066444397, 1.3288310766220093, 1.4765732288360596, 1.3916442394256592, 1.2420761585235596, 1.4612576961517334, 1.7753289937973022, 1.881247878074646, 1.5329563617706299, 1.4516276121139526, 3.4291024208068848, 1.9634902477264404, 1.4742727279663086, 1.4676395654678345, 2.53287672996521, 1.6609890460968018, 1.6084203720092773, 1.6641767024993896, 2.0904593467712402, 1.5218980312347412, 1.608148217201233, 1.5758693218231201, 1.5208160877227783, 1.5058797597885132, 1.4765275716781616, 1.529982566833496, 1.4291338920593262, 1.4112982749938965, 1.6256660223007202, 1.4897130727767944, 1.4161103963851929, 1.2935266494750977, 1.312055230140686, 1.321176290512085, 1.2662540674209595, 1.300922155380249, 1.3340704441070557, 1.1935080289840698, 2.583185911178589, 1.4290460348129272, 1.3847227096557617, 1.2576524019241333, 1.3201286792755127, 1.844447135925293, 1.3727428913116455, 1.2491130828857422, 1.3471490144729614, 1.3082449436187744, 1.2446105480194092, 1.4986162185668945, 1.6178127527236938, 1.168581247329712, 1.1653945446014404, 1.436767816543579, 1.115716814994812, 1.1430498361587524, 2.53704833984375, 1.4488420486450195, 1.1337463855743408, 1.1055511236190796], "time_taken": 657.3863945007324, "bit_accuracy": 0.4756250000000001}