{"n_front_dense_FE": 2, "n_front_dense_PE": 2, "n_front_dense_RxDec": 2, "state_width": 1, "n_epochs": 100, "n_additional_epochs": 10, "CFO_coef": 1, "SNR": 3, "J_list": [2.7730019092559814, 2.7799103260040283, 2.7673721313476562, 2.7784671783447266, 2.768418312072754, 2.755847454071045, 2.7409660816192627, 2.7423157691955566, 2.749805450439453, 2.7089884281158447, 2.653489112854004, 2.5794906616210938, 2.5074920654296875, 2.417973756790161, 2.5836970806121826, 2.2471976280212402, 2.3384037017822266, 2.257005453109741, 2.2049808502197266, 2.3690829277038574, 2.156454563140869, 2.1677956581115723, 2.07487154006958, 2.3436789512634277, 2.047528028488159, 2.0040740966796875, 2.0438714027404785, 2.0181148052215576, 1.960089921951294, 1.8793716430664062, 1.8235998153686523, 1.7856941223144531, 1.7317161560058594, 1.713014006614685, 1.706813097000122, 1.6791057586669922, 1.5924186706542969, 1.5590461492538452, 1.8151395320892334, 1.9007072448730469, 1.789547324180603, 1.6846097707748413, 2.185856342315674, 1.9520905017852783, 1.7093818187713623, 1.8123900890350342, 1.56122624874115, 1.4910833835601807, 1.5238933563232422, 1.597246766090393, 1.56338632106781, 2.2264630794525146, 1.667670488357544, 1.5994880199432373, 1.491934061050415, 1.6408569812774658, 1.4634424448013306, 1.4537904262542725, 1.503443717956543, 1.6006286144256592, 1.467570424079895, 1.7294543981552124, 1.8487093448638916, 1.6410404443740845, 1.5418071746826172, 2.3441100120544434, 1.3979686498641968, 1.4132376909255981, 1.4246253967285156, 1.363224983215332, 1.3641612529754639, 1.7385928630828857, 1.495749831199646, 1.4295095205307007, 1.420227289199829, 1.3516343832015991, 1.2976109981536865, 1.3048491477966309, 1.3772547245025635, 1.329567313194275, 1.3834229707717896, 1.3328429460525513, 1.4092862606048584, 2.2105610370635986, 1.4254772663116455, 1.270047664642334, 1.2215793132781982, 1.7134335041046143, 1.1942251920700073, 1.3062379360198975, 1.38056480884552, 1.2652891874313354, 1.157224178314209, 1.221306562423706, 1.2391612529754639, 1.1452142000198364, 1.1912627220153809, 1.147555947303772, 1.8138405084609985, 1.2159348726272583, 2.1899895668029785, 2.163285255432129, 1.268427848815918, 1.161758542060852, 1.186877965927124, 1.1207653284072876, 1.5946038961410522, 1.045757532119751, 1.040764570236206, 1.1752071380615234], "time_taken": 651.476268529892, "bit_accuracy": 0.5621875000000001}