{"n_front_dense_FE": 2, "n_front_dense_PE": 2, "n_front_dense_RxDec": 2, "state_width": 6, "n_epochs": 100, "n_additional_epochs": 10, "CFO_coef": 1, "SNR": 3, "J_list": [2.7723214626312256, 2.775912046432495, 2.772768020629883, 2.763765811920166, 2.760429620742798, 2.728980302810669, 2.797327756881714, 2.7946908473968506, 2.686460494995117, 2.651406764984131, 2.511995315551758, 2.5485053062438965, 2.4470934867858887, 2.5381247997283936, 2.2506420612335205, 2.8627123832702637, 2.218601703643799, 2.199328660964966, 2.1940464973449707, 1.9149291515350342, 1.741615653038025, 1.6044120788574219, 1.6297565698623657, 1.4313207864761353, 2.1782612800598145, 1.7359308004379272, 1.6400368213653564, 1.6078128814697266, 1.4378679990768433, 1.7231063842773438, 1.561600923538208, 1.597837209701538, 1.4854862689971924, 1.4600250720977783, 1.4607053995132446, 1.3964035511016846, 1.2177791595458984, 1.5066604614257812, 1.886288046836853, 1.4019300937652588, 1.315755009651184, 1.5594122409820557, 2.038686752319336, 1.0865204334259033, 1.207106351852417, 1.1846320629119873, 1.2616331577301025, 1.1080076694488525, 1.018351674079895, 0.9192918539047241, 0.8616423606872559, 1.1355422735214233, 0.901904284954071, 2.3633053302764893, 0.8621559143066406, 1.0728212594985962, 0.9845330119132996, 0.6304400563240051, 0.6558417081832886, 0.8204565048217773, 0.6381690502166748, 0.6575443148612976, 0.5497708320617676, 0.3931425213813782, 1.5606921911239624, 0.617210865020752, 0.4978065490722656, 0.7302743196487427, 0.6448343992233276, 0.42787009477615356, 0.5204403400421143, 0.5280049443244934, 0.34912681579589844, 0.38205012679100037, 0.387904554605484, 1.1513692140579224, 0.3845232129096985, 0.7532638311386108, 0.4832324981689453, 0.7906262874603271, 0.5274858474731445, 0.8173149228096008, 0.7689529657363892, 0.6868504285812378, 0.6433011293411255, 0.6387540102005005, 0.5730598568916321, 0.36274558305740356, 0.4918147623538971, 0.5561548471450806, 0.4546847343444824, 0.4866243898868561, 0.3669724464416504, 0.3540858328342438, 1.0604063272476196, 0.38795480132102966, 1.55362069606781, 0.46369871497154236, 0.8806428909301758, 2.1068553924560547, 1.0624418258666992, 0.568035900592804, 0.3957371711730957, 0.36630135774612427, 1.6165252923965454, 0.24674944579601288, 0.2880050241947174, 0.2769809663295746, 0.21184691786766052, 0.2144988477230072], "time_taken": 835.4972472190857, "bit_accuracy": 0.9303125000000001}