{"n_front_dense_FE": 2, "n_front_dense_PE": 2, "n_front_dense_RxDec": 2, "state_width": 8, "n_epochs": 100, "n_additional_epochs": 10, "CFO_coef": 1, "SNR": 1, "J_list": [2.772587299346924, 2.779552698135376, 2.7827062606811523, 2.778315305709839, 2.7806689739227295, 2.7682313919067383, 2.7712478637695312, 2.7663066387176514, 2.7641685009002686, 2.754080295562744, 2.7236456871032715, 2.68501615524292, 2.6494357585906982, 2.6901328563690186, 2.526271343231201, 2.5728023052215576, 2.3377437591552734, 2.3437697887420654, 2.2868235111236572, 2.1927409172058105, 2.0817620754241943, 1.9102462530136108, 1.7069694995880127, 1.6119804382324219, 1.5452722311019897, 1.9538379907608032, 1.862161636352539, 1.3598592281341553, 1.4258601665496826, 2.2163119316101074, 1.9927847385406494, 2.1273627281188965, 1.6116523742675781, 1.6105533838272095, 2.619662046432495, 1.2613455057144165, 1.266643762588501, 1.1621077060699463, 1.2665340900421143, 1.1858816146850586, 1.0784008502960205, 1.07167649269104, 1.2496626377105713, 0.9208582043647766, 0.8706679344177246, 0.8945501446723938, 0.7450039386749268, 0.6668013334274292, 0.5634492635726929, 0.7454019784927368, 0.5250312685966492, 0.4656534194946289, 0.41968369483947754, 0.4432365298271179, 0.36779698729515076, 1.0416219234466553, 1.5952202081680298, 0.6713290214538574, 0.6963348388671875, 0.4928206503391266, 0.3993566632270813, 0.3937552869319916, 1.2438132762908936, 0.46674641966819763, 0.5062605142593384, 0.5765178799629211, 1.4636013507843018, 0.4786328375339508, 0.36168912053108215, 0.3666416108608246, 0.6175867319107056, 0.6494529247283936, 0.3523799777030945, 0.46340513229370117, 0.3353388011455536, 0.2957819104194641, 0.24016161262989044, 0.22757801413536072, 0.36406299471855164, 2.883038282394409, 0.25641930103302, 0.6013473272323608, 1.0198419094085693, 0.6856250762939453, 0.4872557520866394, 0.5326806902885437, 0.6453970074653625, 0.3962523341178894, 0.4407874047756195, 0.2834097445011139, 0.4662623405456543, 0.3436858654022217, 0.2564713954925537, 0.27626851201057434, 0.38016006350517273, 0.3680531978607178, 0.42956751585006714, 0.2067754566669464, 0.25601619482040405, 0.23393264412879944, 0.20593318343162537, 0.15128107368946075, 0.13802558183670044, 0.30459535121917725, 0.504266619682312, 0.11754564940929413, 0.6352142095565796, 0.2414664328098297, 0.1323295384645462, 0.1490740180015564], "time_taken": 724.1258263587952, "bit_accuracy": 0.8787499999999999}