{"n_front_dense_FE": 2, "n_front_dense_PE": 2, "n_front_dense_RxDec": 2, "state_width": 6, "n_epochs": 100, "n_additional_epochs": 10, "CFO_coef": 1, "SNR": 10, "J_list": [2.772658348083496, 2.8098602294921875, 2.7730987071990967, 2.776606798171997, 2.7725131511688232, 2.767470121383667, 2.775542736053467, 2.7664542198181152, 2.728951930999756, 2.6741585731506348, 2.580878257751465, 2.525449752807617, 2.521542549133301, 2.4594857692718506, 2.5352673530578613, 2.346449375152588, 2.2995920181274414, 2.2088303565979004, 2.650521755218506, 2.2234690189361572, 2.1888320446014404, 2.140408992767334, 2.1479973793029785, 1.9625599384307861, 1.8716213703155518, 1.911350965499878, 1.88503098487854, 2.0028984546661377, 2.0699572563171387, 1.5707234144210815, 3.163146495819092, 2.7588963508605957, 3.825324296951294, 1.939096450805664, 1.971702218055725, 1.8541237115859985, 1.883618950843811, 2.026416301727295, 1.8602145910263062, 1.7969093322753906, 1.814265489578247, 2.1598098278045654, 1.729081392288208, 2.4225525856018066, 1.8540891408920288, 1.7244203090667725, 1.5128421783447266, 1.6565101146697998, 1.4816399812698364, 1.306185007095337, 1.2525527477264404, 1.1210460662841797, 1.2067371606826782, 0.9977258443832397, 0.9028695821762085, 1.106702208518982, 0.7090914845466614, 0.5998817682266235, 0.6148301362991333, 0.8404819369316101, 1.1112549304962158, 0.7993325591087341, 0.5246738791465759, 0.492642343044281, 0.6321414113044739, 0.4137934744358063, 0.7804591059684753, 0.35159239172935486, 0.3600385785102844, 0.6274934411048889, 0.3125055134296417, 0.41482454538345337, 0.3263234496116638, 0.5815156698226929, 0.35899341106414795, 0.2994089722633362, 0.5033265948295593, 0.44326797127723694, 0.3029825985431671, 0.19047561287879944, 0.18215370178222656, 0.31104332208633423, 0.5432883501052856, 0.3684411644935608, 0.2661549150943756, 0.42974281311035156, 0.2195456326007843, 0.14227724075317383, 0.7961059808731079, 2.1121819019317627, 0.9594143033027649, 0.6548136472702026, 0.41197529435157776, 0.3903699219226837, 0.8762941360473633, 0.5451676249504089, 0.36348041892051697, 0.35517269372940063, 0.7684059739112854, 0.3563593626022339, 0.41296547651290894, 0.32377171516418457, 0.8666464686393738, 0.16966736316680908, 0.12182317674160004, 0.20170338451862335, 1.4243491888046265, 0.13870227336883545, 0.160526305437088, 1.1667425632476807], "time_taken": 859.9953503608704, "bit_accuracy": 0.9515625}