{"n_front_dense_FE": 2, "n_front_dense_PE": 2, "n_front_dense_RxDec": 2, "state_width": 6, "n_epochs": 100, "n_additional_epochs": 10, "CFO_coef": 1, "SNR": 6, "J_list": [2.7726187705993652, 2.771630048751831, 2.7774102687835693, 2.769559860229492, 2.772839069366455, 2.757672071456909, 2.764835834503174, 2.6775035858154297, 2.612239360809326, 2.8860809803009033, 2.573150157928467, 2.3975565433502197, 2.300252676010132, 2.373091220855713, 2.7223663330078125, 3.1905510425567627, 2.194669246673584, 2.330212354660034, 2.3461694717407227, 2.4091391563415527, 2.3423573970794678, 2.287804126739502, 2.3570098876953125, 2.1277480125427246, 2.0241360664367676, 1.838918924331665, 1.9145110845565796, 1.9420883655548096, 1.5665123462677002, 2.0904994010925293, 1.5284054279327393, 1.4673998355865479, 2.429124116897583, 1.4648692607879639, 1.5076109170913696, 1.298595666885376, 1.6727317571640015, 1.5485222339630127, 1.4162622690200806, 1.4020134210586548, 1.2967560291290283, 1.112926721572876, 1.0882817506790161, 1.766351342201233, 1.0984466075897217, 1.1219327449798584, 0.8956809043884277, 1.050179362297058, 1.1615753173828125, 0.9427534937858582, 0.9300926327705383, 0.8877595067024231, 0.8420316576957703, 0.7890419363975525, 0.7372232675552368, 1.25496506690979, 0.7720410227775574, 0.5990185737609863, 0.671947181224823, 0.5632699728012085, 0.49084439873695374, 0.9835546612739563, 0.4773443639278412, 1.5477256774902344, 0.7317318916320801, 0.522839367389679, 0.5118041038513184, 0.4652789533138275, 0.39872604608535767, 0.32085561752319336, 0.8716676831245422, 0.9921187162399292, 0.3274117112159729, 0.37274450063705444, 0.704419732093811, 0.29926204681396484, 0.34946563839912415, 0.3002305328845978, 1.3460824489593506, 0.2697145938873291, 0.42077168822288513, 0.4946223795413971, 0.7788745164871216, 0.46554866433143616, 0.37253135442733765, 0.8436020016670227, 0.23227886855602264, 0.64767986536026, 0.4242602288722992, 0.1805969625711441, 0.23941688239574432, 0.31909504532814026, 0.2796790599822998, 0.149555504322052, 0.18267473578453064, 0.2281343638896942, 0.48277992010116577, 0.9745410680770874, 0.2897185683250427, 0.5175554156303406, 0.37065666913986206, 0.16801543533802032, 0.215892031788826, 0.08810681849718094, 0.1026451364159584, 0.06048806756734848, 0.0798456221818924, 0.08316870033740997, 0.08529460430145264, 0.7884680032730103], "time_taken": 883.8307738304138, "bit_accuracy": 0.9521875}