{"n_front_dense_FE": 2, "n_front_dense_PE": 2, "n_front_dense_RxDec": 2, "state_width": 1, "n_epochs": 100, "n_additional_epochs": 10, "CFO_coef": 1, "SNR": 1, "J_list": [2.77282977104187, 2.7796261310577393, 2.7725932598114014, 2.7708802223205566, 2.7460827827453613, 2.7418243885040283, 2.6693828105926514, 2.562452793121338, 2.4247848987579346, 2.5421197414398193, 2.5461583137512207, 2.3261189460754395, 2.4365813732147217, 2.412766933441162, 2.683110237121582, 2.891831874847412, 2.4074738025665283, 2.475271224975586, 2.3239448070526123, 2.4090769290924072, 2.2701830863952637, 2.3645236492156982, 2.179112195968628, 2.193920135498047, 2.1734836101531982, 2.12571382522583, 2.0983996391296387, 2.0909454822540283, 2.031740188598633, 1.9693958759307861, 2.187443256378174, 1.9112011194229126, 1.8445018529891968, 1.8150066137313843, 1.7583329677581787, 1.6905510425567627, 1.6056928634643555, 1.6331701278686523, 1.541442632675171, 1.449015498161316, 1.3592606782913208, 1.4311472177505493, 1.378934621810913, 1.3399156332015991, 1.7082847356796265, 1.5157198905944824, 1.2992055416107178, 1.870855689048767, 1.449012041091919, 1.4030230045318604, 1.8410981893539429, 1.798028588294983, 1.4467370510101318, 2.6209099292755127, 1.9980571269989014, 1.8425228595733643, 1.3428376913070679, 1.425217866897583, 1.4660831689834595, 1.3853442668914795, 2.0710949897766113, 1.5007293224334717, 1.8996444940567017, 1.5712331533432007, 1.4870350360870361, 1.6817824840545654, 1.6907790899276733, 1.4633957147598267, 1.4723724126815796, 1.2491363286972046, 1.4603805541992188, 1.6954243183135986, 1.2932462692260742, 1.244445562362671, 1.274207353591919, 1.253047227859497, 1.631021499633789, 2.5275282859802246, 1.677019476890564, 1.4879820346832275, 1.2821491956710815, 1.5399048328399658, 1.4156453609466553, 1.2407392263412476, 1.2072721719741821, 1.0791206359863281, 1.1061594486236572, 1.416153907775879, 1.0961263179779053, 1.0350761413574219, 1.1002956628799438, 1.0291446447372437, 0.9094473123550415, 0.9140797853469849, 1.0296285152435303, 0.8622684478759766, 0.8794439435005188, 1.8302104473114014, 0.8359411358833313, 0.8917142152786255, 0.8497737646102905, 0.7611033320426941, 0.7372735738754272, 0.8476371765136719, 0.7305117845535278, 0.7597615122795105, 0.7681934833526611, 0.6344252228736877, 0.6668764352798462, 0.7264375686645508], "time_taken": 669.7838230133057, "bit_accuracy": 0.745625}