{"n_front_dense_FE": 2, "n_front_dense_PE": 2, "n_front_dense_RxDec": 2, "state_width": 6, "n_epochs": 100, "n_additional_epochs": 10, "CFO_coef": 1, "SNR": 5, "J_list": [2.772376537322998, 2.784377098083496, 2.7617011070251465, 2.786271333694458, 2.784553050994873, 2.76637864112854, 2.764599084854126, 2.7430825233459473, 2.723742961883545, 2.694969892501831, 2.6683835983276367, 2.5501227378845215, 2.4889516830444336, 2.3098905086517334, 2.282433271408081, 2.414959192276001, 2.348860263824463, 2.033865451812744, 2.038076400756836, 2.7365036010742188, 2.057713270187378, 1.8209750652313232, 1.6636874675750732, 1.683210015296936, 2.3442482948303223, 2.063800573348999, 1.648004174232483, 2.2820587158203125, 1.5803087949752808, 1.7039954662322998, 1.4488145112991333, 1.2619496583938599, 1.3817332983016968, 1.3738994598388672, 1.061331033706665, 1.0327107906341553, 1.0303552150726318, 0.906923770904541, 0.7763829231262207, 0.8556459546089172, 0.6190776824951172, 0.7316864132881165, 0.6255875825881958, 1.1387546062469482, 0.7247363328933716, 0.642944872379303, 0.9050685167312622, 1.1494014263153076, 0.9938125610351562, 0.7553024291992188, 1.0352914333343506, 0.8442825078964233, 0.5456676483154297, 0.8998119235038757, 1.8062076568603516, 1.7407252788543701, 1.7571357488632202, 1.4781622886657715, 1.7757186889648438, 0.8724629282951355, 1.2051095962524414, 1.0089349746704102, 0.8971925973892212, 1.0310947895050049, 1.0201572179794312, 1.1882874965667725, 0.9270340800285339, 1.1503092050552368, 1.0585448741912842, 1.135604739189148, 0.7655964493751526, 0.870395839214325, 0.5510777831077576, 0.5948120355606079, 0.7299371957778931, 0.5631099343299866, 0.5041765570640564, 0.9966341257095337, 0.35890117287635803, 0.35492274165153503, 0.6857448816299438, 0.4096023142337799, 0.29427632689476013, 0.29292982816696167, 0.34793275594711304, 0.2987705171108246, 0.2601327896118164, 0.20331361889839172, 1.4480054378509521, 0.5604180097579956, 0.7688944935798645, 0.4162607192993164, 0.2208908051252365, 0.26440638303756714, 0.4211396276950836, 0.3030911982059479, 0.44099879264831543, 0.3419331908226013, 0.2937266230583191, 0.27266037464141846, 0.20734325051307678, 0.47610563039779663, 0.2558341920375824, 0.1339910477399826, 0.13929373025894165, 0.12043002992868423, 0.13662585616111755, 0.09985023736953735, 0.23534932732582092, 0.638449490070343], "time_taken": 891.6566107273102, "bit_accuracy": 0.9574999999999999}