{"n_front_dense_FE": 2, "n_front_dense_PE": 2, "n_front_dense_RxDec": 2, "state_width": 0, "n_epochs": 100, "n_additional_epochs": 10, "CFO_coef": 1, "SNR": 6, "J_list": [2.7725894451141357, 2.773010730743408, 2.7720539569854736, 2.772277355194092, 2.7728610038757324, 2.7733330726623535, 2.7714967727661133, 2.772082805633545, 2.7718677520751953, 2.7715299129486084, 2.7734670639038086, 2.773489236831665, 2.7727179527282715, 2.7709717750549316, 2.7756104469299316, 2.7749383449554443, 2.7730488777160645, 2.7728748321533203, 2.774416446685791, 2.773381471633911, 2.7730231285095215, 2.7753472328186035, 2.776320695877075, 2.7717044353485107, 2.775794744491577, 2.7706382274627686, 2.7745120525360107, 2.7732787132263184, 2.770514965057373, 2.7746193408966064, 2.7715485095977783, 2.771949291229248, 2.773995876312256, 2.77160906791687, 2.7707879543304443, 2.775397539138794, 2.7738075256347656, 2.7738418579101562, 2.777360200881958, 2.7728195190429688, 2.7708654403686523, 2.7715096473693848, 2.7744357585906982, 2.776583671569824, 2.7719273567199707, 2.7704336643218994, 2.7727043628692627, 2.7713866233825684, 2.7761454582214355, 2.7727553844451904, 2.7716143131256104, 2.773789644241333, 2.772186756134033, 2.775062084197998, 2.7734313011169434, 2.7756435871124268, 2.774470567703247, 2.7721924781799316, 2.774000644683838, 2.7725417613983154, 2.7747817039489746, 2.7740225791931152, 2.7748374938964844, 2.771682024002075, 2.772976875305176, 2.771012306213379, 2.7716050148010254, 2.7746520042419434, 2.774191379547119, 2.7710578441619873, 2.772002696990967, 2.7720656394958496, 2.771578788757324, 2.7727737426757812, 2.773271083831787, 2.773691415786743, 2.774838924407959, 2.773233652114868, 2.773982286453247, 2.7746989727020264, 2.772207736968994, 2.772103786468506, 2.7731566429138184, 2.774578809738159, 2.7724616527557373, 2.772911548614502, 2.7727365493774414, 2.7753965854644775, 2.773963451385498, 2.7730140686035156, 2.773535966873169, 2.7740349769592285, 2.7728261947631836, 2.7727880477905273, 2.773437023162842, 2.775047779083252, 2.771373748779297, 2.7742257118225098, 2.773831367492676, 2.772521734237671, 2.7751941680908203, 2.773160219192505, 2.774181604385376, 2.7735607624053955, 2.7731292247772217, 2.7733829021453857, 2.7732021808624268, 2.7769837379455566, 2.77372145652771, 2.7737269401550293], "time_taken": 638.3298292160034, "bit_accuracy": 0.06218749999999999}