{"n_front_dense_FE": 2, "n_front_dense_PE": 2, "n_front_dense_RxDec": 2, "state_width": 1, "n_epochs": 100, "n_additional_epochs": 10, "CFO_coef": 1, "SNR": 10, "J_list": [2.772876739501953, 2.7712275981903076, 2.7807624340057373, 2.774186611175537, 2.7703206539154053, 2.7655224800109863, 2.7631032466888428, 2.7254533767700195, 2.715766429901123, 2.7877695560455322, 2.650765895843506, 2.5919013023376465, 2.607757091522217, 2.5666048526763916, 2.4768762588500977, 2.4404501914978027, 2.3493945598602295, 2.301682949066162, 2.223252058029175, 2.321394443511963, 2.18652081489563, 2.228288173675537, 2.148293972015381, 2.1328864097595215, 2.121551036834717, 2.3532791137695312, 2.12607741355896, 2.1836700439453125, 2.0871593952178955, 2.4867312908172607, 2.015650510787964, 2.183572769165039, 2.0302581787109375, 2.15268611907959, 2.167815923690796, 2.0476298332214355, 2.0119032859802246, 2.036717414855957, 1.9351329803466797, 1.8633651733398438, 1.8968267440795898, 1.7337061166763306, 2.1582589149475098, 2.227388858795166, 1.896884560585022, 1.8521480560302734, 1.9535491466522217, 2.0032143592834473, 1.9430650472640991, 2.3075499534606934, 2.126255512237549, 1.8836357593536377, 1.9284003973007202, 1.939772605895996, 1.8235384225845337, 2.0718231201171875, 1.8171497583389282, 1.767133116722107, 1.9796069860458374, 1.7217515707015991, 1.6907832622528076, 1.6844253540039062, 1.6679216623306274, 1.643639326095581, 1.6841881275177002, 1.9003127813339233, 1.5552046298980713, 1.5859887599945068, 1.5577242374420166, 1.4578955173492432, 1.4232383966445923, 2.0020813941955566, 1.5349031686782837, 1.5111119747161865, 1.318985104560852, 1.5427372455596924, 1.3569016456604004, 1.4235382080078125, 1.4233802556991577, 1.6571422815322876, 1.346139907836914, 1.582552194595337, 2.043363332748413, 1.2810198068618774, 1.3907902240753174, 1.6320750713348389, 1.4312330484390259, 1.2195028066635132, 1.1465413570404053, 1.6715415716171265, 1.225586175918579, 1.2853059768676758, 1.1620928049087524, 1.127672553062439, 1.7442409992218018, 1.0348036289215088, 1.197933554649353, 1.6277278661727905, 1.0729684829711914, 1.1552879810333252, 1.0757495164871216, 0.9933584332466125, 1.1318966150283813, 1.1214324235916138, 1.2004084587097168, 0.8979303240776062, 0.8451428413391113, 0.8312786221504211, 0.8113567233085632, 0.7747446298599243], "time_taken": 655.0763561725616, "bit_accuracy": 0.7553124999999999}