{"n_front_dense_FE": 2, "n_front_dense_PE": 2, "n_front_dense_RxDec": 2, "state_width": 2, "n_epochs": 100, "n_additional_epochs": 10, "CFO_coef": 1, "SNR": 4, "J_list": [2.772472381591797, 2.766023635864258, 2.7610366344451904, 2.716264009475708, 2.647792100906372, 2.830562114715576, 2.7123184204101562, 2.5421335697174072, 2.5623698234558105, 2.538590908050537, 2.558961868286133, 2.719078540802002, 2.470761775970459, 2.394784450531006, 2.3930797576904297, 2.296199321746826, 2.2888495922088623, 2.1679489612579346, 2.2909679412841797, 3.01149845123291, 2.098423957824707, 2.2659263610839844, 2.198456287384033, 2.0934865474700928, 2.0860495567321777, 2.1730103492736816, 2.206545829772949, 2.141538143157959, 2.0809152126312256, 1.9602611064910889, 2.1620614528656006, 2.0879123210906982, 1.9126265048980713, 2.481471538543701, 2.2555460929870605, 1.8525863885879517, 2.651594400405884, 1.7330108880996704, 1.6802467107772827, 1.6069440841674805, 1.6801124811172485, 1.4473180770874023, 1.4933795928955078, 1.5221084356307983, 1.284184217453003, 1.2512836456298828, 2.3278472423553467, 1.4796968698501587, 1.351630449295044, 1.136996865272522, 1.1739628314971924, 1.2523267269134521, 1.442074179649353, 1.0984857082366943, 1.4214067459106445, 1.1451051235198975, 1.1576019525527954, 0.948104739189148, 0.9371780157089233, 0.9054021835327148, 1.0661828517913818, 0.8485848307609558, 0.7998005151748657, 1.0190423727035522, 1.8187698125839233, 0.8068239092826843, 1.231720209121704, 0.830915093421936, 0.8627550005912781, 0.8334137201309204, 0.8642082214355469, 1.7023582458496094, 1.501804232597351, 1.0070234537124634, 0.6498137712478638, 1.2214322090148926, 0.8626556396484375, 0.869566798210144, 0.7857053875923157, 0.7743949294090271, 1.305334210395813, 0.651869535446167, 0.7857572436332703, 0.6112573742866516, 0.565028727054596, 0.5349604487419128, 0.6618614196777344, 0.4726167619228363, 0.39654988050460815, 0.42619818449020386, 0.6530784964561462, 0.4645523130893707, 0.2893642485141754, 0.5009786486625671, 0.5652413368225098, 0.49325495958328247, 0.42175692319869995, 0.32541424036026, 0.3302481174468994, 0.5524945259094238, 0.4491352140903473, 0.2507789134979248, 0.18833081424236298, 0.22752293944358826, 1.176630973815918, 0.18500027060508728, 0.19620546698570251, 0.20502181351184845, 0.16724984347820282, 0.20415064692497253], "time_taken": 667.5150737762451, "bit_accuracy": 0.9415625000000001}