{"n_front_dense_FE": 2, "n_front_dense_PE": 2, "n_front_dense_RxDec": 2, "state_width": 4, "n_epochs": 100, "n_additional_epochs": 10, "CFO_coef": 1, "SNR": 6, "J_list": [2.772592067718506, 2.7743968963623047, 2.7801620960235596, 2.7704896926879883, 2.7601876258850098, 2.745150089263916, 2.692659616470337, 2.6328139305114746, 2.53550386428833, 2.545720338821411, 2.669002056121826, 2.239360809326172, 2.409605026245117, 2.550039052963257, 2.130242109298706, 2.0217392444610596, 2.0222620964050293, 1.8386945724487305, 1.9796192646026611, 1.922849416732788, 1.7327150106430054, 2.013213634490967, 1.5809667110443115, 1.5573394298553467, 1.5745184421539307, 1.3543354272842407, 1.149417519569397, 1.0420798063278198, 1.7964786291122437, 1.1766166687011719, 1.2903363704681396, 1.1477686166763306, 1.9890540838241577, 1.3532086610794067, 1.074286937713623, 1.1785449981689453, 1.076126217842102, 1.0310943126678467, 0.9628981351852417, 1.0996493101119995, 1.6317294836044312, 1.326634168624878, 1.0346511602401733, 0.7921051383018494, 0.8144084811210632, 0.8555147051811218, 0.7218708395957947, 0.7757049798965454, 0.622134804725647, 1.3034909963607788, 0.6411776542663574, 0.6437269449234009, 0.7686945199966431, 0.8081596493721008, 0.9960460662841797, 0.6695919036865234, 0.4980921745300293, 0.4478449821472168, 0.4352816939353943, 0.3066267967224121, 0.43972569704055786, 0.39109331369400024, 0.474799245595932, 0.4165123999118805, 0.34242770075798035, 0.22855134308338165, 0.3745615482330322, 0.20199279487133026, 0.18108657002449036, 0.6378546357154846, 0.7120763063430786, 3.040614604949951, 0.727128803730011, 0.6301993727684021, 1.0239155292510986, 1.2021267414093018, 0.9119941592216492, 0.8229929208755493, 0.8124557733535767, 0.796013355255127, 0.7742291688919067, 0.7451928853988647, 0.9404991269111633, 0.6816412806510925, 0.5874494314193726, 0.5569823384284973, 0.5013679265975952, 1.1704555749893188, 0.4976290166378021, 0.4588540196418762, 0.3248538374900818, 0.39464160799980164, 0.3545568585395813, 0.2775682508945465, 0.3933067321777344, 0.26812437176704407, 0.18332898616790771, 0.2649494707584381, 0.6035992503166199, 0.12281101942062378, 0.331842303276062, 0.16707441210746765, 0.1538075953722, 0.2579673230648041, 0.1196068748831749, 0.28425174951553345, 0.10822878777980804, 0.16628369688987732, 0.07217727601528168, 0.054421376436948776], "time_taken": 716.0792210102081, "bit_accuracy": 0.9737499999999999}