{"n_front_dense_FE": 2, "n_front_dense_PE": 2, "n_front_dense_RxDec": 2, "state_width": 8, "n_epochs": 100, "n_additional_epochs": 10, "CFO_coef": 1, "SNR": 2, "J_list": [2.772434711456299, 2.7711551189422607, 2.7685763835906982, 2.777820110321045, 2.7867000102996826, 2.744866132736206, 2.7378504276275635, 2.7287285327911377, 2.7117323875427246, 2.642409086227417, 2.6009109020233154, 2.4866087436676025, 2.455246686935425, 2.3164496421813965, 2.2412593364715576, 2.082179069519043, 2.2362327575683594, 2.301405668258667, 1.843137502670288, 1.919447898864746, 1.608745813369751, 1.535650372505188, 1.6057851314544678, 1.2088649272918701, 1.1564689874649048, 0.9295312762260437, 0.9944151043891907, 0.8487173318862915, 0.7817692756652832, 0.6000534892082214, 1.1377326250076294, 0.5597258806228638, 0.6432749032974243, 3.1492912769317627, 1.2314192056655884, 1.4447168111801147, 0.803561806678772, 0.6864688992500305, 1.323652982711792, 1.3734349012374878, 0.7544828057289124, 0.679655909538269, 1.7862106561660767, 0.6773357391357422, 0.6144843697547913, 2.7798991203308105, 0.7077011466026306, 0.6504912376403809, 1.22652268409729, 0.7611156105995178, 0.5966103672981262, 1.2745492458343506, 1.0112900733947754, 0.6598876118659973, 1.3414859771728516, 0.6359988451004028, 0.7845264673233032, 0.589799702167511, 0.5812734365463257, 0.47910991311073303, 1.3819763660430908, 0.39870306849479675, 0.3537997603416443, 0.808749794960022, 0.4337281584739685, 0.39434877038002014, 0.3009943664073944, 0.30503273010253906, 0.3084802031517029, 0.7546136975288391, 0.19813792407512665, 0.4413260817527771, 0.29205504059791565, 0.22141914069652557, 0.2541876435279846, 0.3003568649291992, 0.16560736298561096, 0.18037326633930206, 0.3926066756248474, 0.522441029548645, 0.18266122043132782, 0.17159192264080048, 0.2116784155368805, 0.32613760232925415, 0.13758797943592072, 0.13445916771888733, 0.1193750649690628, 0.18205411732196808, 0.07918437570333481, 0.13284699618816376, 0.19382424652576447, 0.18391495943069458, 0.09966428577899933, 0.05240808054804802, 0.2351478636264801, 0.2715138792991638, 0.6925040483474731, 0.2568374276161194, 0.2177787721157074, 0.3369346559047699, 0.25269514322280884, 1.8798919916152954, 0.08047948032617569, 0.19043907523155212, 0.1002267599105835, 0.06929619610309601, 0.07209557294845581, 0.05344371870160103, 0.04356483742594719, 0.7246281504631042], "time_taken": 732.595915555954, "bit_accuracy": 0.9434374999999999}