{"n_front_dense_FE": 2, "n_front_dense_PE": 2, "n_front_dense_RxDec": 2, "state_width": 6, "n_epochs": 100, "n_additional_epochs": 10, "CFO_coef": 1, "SNR": 4, "J_list": [2.772648811340332, 2.786771059036255, 2.773353338241577, 2.7716140747070312, 2.771066665649414, 2.7516207695007324, 2.7579872608184814, 2.7594375610351562, 2.629542112350464, 2.5232772827148438, 2.4907422065734863, 2.527071714401245, 2.1385555267333984, 2.6301777362823486, 2.8429951667785645, 2.4635214805603027, 2.3957698345184326, 2.157759189605713, 2.11293363571167, 2.0288548469543457, 2.0218722820281982, 1.95479416847229, 1.837796926498413, 1.7275596857070923, 2.0411243438720703, 1.6382856369018555, 1.545329213142395, 1.5267819166183472, 1.2840121984481812, 1.2474607229232788, 1.7297121286392212, 1.4839709997177124, 1.2906653881072998, 1.3500880002975464, 1.2624365091323853, 1.2344383001327515, 1.1353498697280884, 0.9800729751586914, 0.9373840093612671, 0.8821026086807251, 0.8559352159500122, 0.7855685949325562, 0.6775535941123962, 0.670028567314148, 0.6430590152740479, 1.1551767587661743, 0.7732208967208862, 4.739602088928223, 0.9886938333511353, 0.7331255078315735, 1.0365283489227295, 1.1521726846694946, 1.4005229473114014, 1.227231502532959, 0.9786249995231628, 0.9697771072387695, 2.283143997192383, 0.7629637718200684, 1.1908444166183472, 1.3749372959136963, 1.0633418560028076, 1.0799720287322998, 0.9260661005973816, 0.9320091009140015, 0.7620736360549927, 0.6432164311408997, 0.6187416315078735, 0.6572686433792114, 1.2224631309509277, 0.493155300617218, 0.5020447373390198, 0.5174253582954407, 0.45171308517456055, 0.3055186867713928, 0.34963399171829224, 0.31946077942848206, 0.31797805428504944, 0.34953516721725464, 0.2092064619064331, 0.7052499055862427, 0.6371192932128906, 0.18060466647148132, 0.44348543882369995, 0.6521995663642883, 0.27744579315185547, 0.4401954710483551, 1.5815212726593018, 0.21370597183704376, 0.45485228300094604, 0.2687931954860687, 0.7881181240081787, 0.5276629328727722, 0.35849809646606445, 0.3158551752567291, 0.44138413667678833, 0.585788905620575, 0.31742730736732483, 0.27220669388771057, 0.3148927390575409, 0.3069971203804016, 1.2956081628799438, 0.1900424212217331, 0.6219358444213867, 0.16411510109901428, 0.14470361173152924, 1.2296733856201172, 0.18012790381908417, 0.1643967479467392, 0.20899295806884766, 0.16850590705871582], "time_taken": 876.8080792427063, "bit_accuracy": 0.925}