{"n_front_dense_FE": 2, "n_front_dense_PE": 2, "n_front_dense_RxDec": 2, "state_width": 0, "n_epochs": 100, "n_additional_epochs": 10, "CFO_coef": 1, "SNR": 4, "J_list": [2.7725894451141357, 2.772291898727417, 2.7715818881988525, 2.7721571922302246, 2.772764205932617, 2.775257110595703, 2.7762954235076904, 2.771273612976074, 2.775197744369507, 2.77107834815979, 2.772581100463867, 2.7715401649475098, 2.7727813720703125, 2.7713465690612793, 2.77435564994812, 2.7724156379699707, 2.7755823135375977, 2.7724785804748535, 2.772735118865967, 2.775050640106201, 2.7735981941223145, 2.771665096282959, 2.7706618309020996, 2.775684356689453, 2.775104522705078, 2.771608829498291, 2.7743256092071533, 2.7719593048095703, 2.7736361026763916, 2.769603729248047, 2.7713592052459717, 2.7731261253356934, 2.7741711139678955, 2.7747302055358887, 2.776440143585205, 2.7723515033721924, 2.77251935005188, 2.7719240188598633, 2.771819829940796, 2.772066593170166, 2.7734522819519043, 2.774405002593994, 2.7743964195251465, 2.7742342948913574, 2.7770276069641113, 2.77502703666687, 2.7742905616760254, 2.7705633640289307, 2.773171901702881, 2.772310733795166, 2.7736899852752686, 2.772775173187256, 2.772059917449951, 2.772165060043335, 2.775174617767334, 2.7703323364257812, 2.7754318714141846, 2.771394729614258, 2.7747058868408203, 2.7748236656188965, 2.770904064178467, 2.7689061164855957, 2.771569013595581, 2.773526668548584, 2.769926071166992, 2.775225877761841, 2.7720229625701904, 2.7718892097473145, 2.7741827964782715, 2.7716259956359863, 2.7733426094055176, 2.77177357673645, 2.7735321521759033, 2.7750983238220215, 2.7762770652770996, 2.7728819847106934, 2.774890422821045, 2.7749714851379395, 2.7718796730041504, 2.771270275115967, 2.7769596576690674, 2.7743706703186035, 2.7732129096984863, 2.775327205657959, 2.7740702629089355, 2.7728941440582275, 2.7708210945129395, 2.7726073265075684, 2.775719165802002, 2.7704951763153076, 2.771085262298584, 2.7720725536346436, 2.77555513381958, 2.7722408771514893, 2.772580146789551, 2.7731387615203857, 2.772172212600708, 2.7730307579040527, 2.768747329711914, 2.772618055343628, 2.773031711578369, 2.7722949981689453, 2.7743008136749268, 2.7771151065826416, 2.7714123725891113, 2.77205228805542, 2.772378444671631, 2.775430679321289, 2.7691586017608643, 2.7716116905212402], "time_taken": 544.2443120479584, "bit_accuracy": 0.06375}