{"n_front_dense_FE": 2, "n_front_dense_PE": 2, "n_front_dense_RxDec": 2, "state_width": 7, "n_epochs": 100, "n_additional_epochs": 10, "CFO_coef": 1, "SNR": 3, "J_list": [2.7734947204589844, 2.7716827392578125, 2.7882964611053467, 2.7654712200164795, 2.782701015472412, 2.7741291522979736, 2.768744707107544, 2.7632863521575928, 2.7349693775177, 2.7052204608917236, 2.706864595413208, 2.5882229804992676, 2.5105385780334473, 2.5403356552124023, 2.4755136966705322, 2.54009747505188, 1.9729411602020264, 2.892751693725586, 2.0888724327087402, 2.324486017227173, 2.0382187366485596, 1.945871353149414, 1.7103198766708374, 1.6108276844024658, 1.7035274505615234, 1.5820286273956299, 2.0290350914001465, 1.4720385074615479, 1.3579065799713135, 1.2908334732055664, 1.395704984664917, 1.388068437576294, 1.3916460275650024, 1.2732118368148804, 1.2995408773422241, 1.1800312995910645, 1.0327866077423096, 0.9742093086242676, 1.2390291690826416, 0.8565521240234375, 0.7821639776229858, 0.7482649087905884, 0.6955382227897644, 0.5490671992301941, 1.3083388805389404, 0.5638900995254517, 0.4454173147678375, 1.193380355834961, 2.097205638885498, 0.6201480627059937, 0.7107161283493042, 0.6081523895263672, 1.1302499771118164, 0.4029829502105713, 0.6155045628547668, 0.5732795596122742, 0.4526471197605133, 1.111628770828247, 0.5364269018173218, 1.3248504400253296, 0.48520833253860474, 0.4850088953971863, 0.8584780693054199, 0.5112684965133667, 0.46803921461105347, 0.4054059386253357, 1.6038448810577393, 0.5815759897232056, 0.5689873695373535, 0.7353971600532532, 0.39188703894615173, 0.4067532420158386, 0.5411542654037476, 0.4355073869228363, 0.3321084976196289, 0.43231385946273804, 0.3536195158958435, 0.25934648513793945, 0.26703739166259766, 0.2324211299419403, 0.1859622746706009, 0.15746556222438812, 0.2800839841365814, 0.1572045534849167, 0.15601232647895813, 0.2523135542869568, 0.14852192997932434, 1.1327311992645264, 0.19699500501155853, 0.5283808708190918, 0.2688232660293579, 0.2056790292263031, 1.479944109916687, 0.2906160354614258, 0.1682949960231781, 0.4005756378173828, 0.35425475239753723, 0.24716873466968536, 0.189473494887352, 0.14445340633392334, 0.11308437585830688, 0.105230413377285, 0.0718587338924408, 0.10788283497095108, 0.16307735443115234, 0.06255374103784561, 0.046498142182826996, 0.10803575813770294, 0.3146284222602844, 0.04730548709630966], "time_taken": 885.3845603466034, "bit_accuracy": 0.9700000000000001}