{"n_front_dense_FE": 2, "n_front_dense_PE": 2, "n_front_dense_RxDec": 2, "state_width": 3, "n_epochs": 100, "n_additional_epochs": 10, "CFO_coef": 1, "SNR": 2, "J_list": [2.7722415924072266, 2.768463611602783, 2.764490842819214, 2.7882752418518066, 2.770444869995117, 2.7748234272003174, 2.7536561489105225, 2.7290589809417725, 2.7254443168640137, 2.641357421875, 2.7429370880126953, 2.581115484237671, 2.578636884689331, 2.4761295318603516, 2.345229387283325, 2.2385635375976562, 2.6930508613586426, 2.37512469291687, 2.3268508911132812, 2.142395496368408, 2.2468173503875732, 2.424567461013794, 2.3046016693115234, 2.09273099899292, 2.1700892448425293, 1.8685646057128906, 1.9439109563827515, 1.7671940326690674, 1.8473762273788452, 1.6177237033843994, 1.5391004085540771, 2.0047035217285156, 1.6815862655639648, 1.4457998275756836, 1.2639105319976807, 1.5255194902420044, 1.2935911417007446, 1.0840246677398682, 1.684324860572815, 1.2147537469863892, 1.381476640701294, 1.1664505004882812, 1.1189210414886475, 0.8185912370681763, 0.9439523816108704, 0.9157087206840515, 0.7720139026641846, 0.743179202079773, 1.4513981342315674, 0.9312034845352173, 0.7943164110183716, 0.7547957897186279, 0.7279661297798157, 0.5490310192108154, 1.1747560501098633, 0.7686560750007629, 0.5174320936203003, 0.7886790037155151, 1.0485200881958008, 0.6786050796508789, 0.6028729677200317, 1.3159153461456299, 0.8995653390884399, 0.8735456466674805, 0.6693941354751587, 0.5660272836685181, 0.8424791097640991, 0.917122483253479, 0.5178585052490234, 0.5156351923942566, 0.5154457688331604, 0.3842203617095947, 0.34826716780662537, 0.5207266807556152, 0.7432640790939331, 0.47375765442848206, 0.31069645285606384, 0.3482516407966614, 0.5865659713745117, 0.26708492636680603, 0.3967932164669037, 0.2339647263288498, 0.22954034805297852, 0.9534090757369995, 0.2772001028060913, 0.34715980291366577, 0.5454198122024536, 0.22427460551261902, 0.20383146405220032, 0.21406802535057068, 1.0670535564422607, 1.8089946508407593, 0.39496049284935, 0.5692542195320129, 0.46441006660461426, 0.7582890391349792, 0.47075557708740234, 0.699283242225647, 0.5675032734870911, 0.6614271402359009, 0.5113101005554199, 0.3510555624961853, 0.313815712928772, 0.21667318046092987, 0.38845762610435486, 0.23917976021766663, 0.2854580283164978, 0.5805830955505371, 0.9229723215103149, 0.2192365676164627], "time_taken": 781.7220799922943, "bit_accuracy": 0.889375}