{"n_front_dense_FE": 2, "n_front_dense_PE": 2, "n_front_dense_RxDec": 2, "state_width": 7, "n_epochs": 100, "n_additional_epochs": 10, "CFO_coef": 1, "SNR": 10, "J_list": [2.7723159790039062, 2.789520263671875, 2.767113447189331, 2.7973904609680176, 2.7360777854919434, 2.751340866088867, 2.7234838008880615, 2.7377262115478516, 2.7146878242492676, 2.6588680744171143, 2.608898639678955, 2.531510829925537, 2.3767166137695312, 2.342496633529663, 2.1694931983947754, 2.326885938644409, 2.2737650871276855, 2.557344913482666, 2.1426734924316406, 2.097595453262329, 2.169161319732666, 2.2399392127990723, 1.9953628778457642, 2.6066341400146484, 2.126213312149048, 1.8125187158584595, 1.8376314640045166, 2.616239309310913, 1.9169790744781494, 1.675783395767212, 1.7368791103363037, 1.5459357500076294, 1.5490864515304565, 1.2753524780273438, 1.1878048181533813, 1.0512853860855103, 1.0364792346954346, 1.0018831491470337, 0.9774912595748901, 1.027735948562622, 0.6748689413070679, 1.0168044567108154, 0.6086511611938477, 0.6926956176757812, 0.538782000541687, 1.8261611461639404, 2.7822415828704834, 0.6166629791259766, 1.3495233058929443, 0.6814742088317871, 0.4714219570159912, 0.8206624984741211, 1.1962794065475464, 0.7593055367469788, 0.8839569091796875, 0.548996090888977, 0.5914603471755981, 0.5801863670349121, 0.6032662391662598, 0.45957064628601074, 0.5681555271148682, 0.4875679016113281, 0.6449070572853088, 0.4146226942539215, 0.5563288927078247, 0.3352327346801758, 0.46598225831985474, 0.29388371109962463, 0.2575567364692688, 0.29031968116760254, 0.25650057196617126, 1.2303111553192139, 0.2208246886730194, 0.3570656180381775, 0.36956459283828735, 0.821226954460144, 0.7708420753479004, 0.42808017134666443, 0.8214060068130493, 0.3381788730621338, 0.39010465145111084, 0.38806015253067017, 0.24434247612953186, 0.20130348205566406, 0.41664546728134155, 0.5260485410690308, 0.203593447804451, 0.2500850260257721, 0.2680654227733612, 0.19303198158740997, 0.14978252351284027, 0.5866637229919434, 0.30511555075645447, 0.22174377739429474, 1.0546598434448242, 0.27106133103370667, 0.9819927215576172, 0.5302480459213257, 0.4541099965572357, 0.7959305644035339, 0.28314441442489624, 0.4305671155452728, 0.24517259001731873, 0.10780809819698334, 0.14102371037006378, 0.16939838230609894, 0.1337556391954422, 0.11732162535190582, 0.11733498424291611, 0.22509269416332245], "time_taken": 917.8303961753845, "bit_accuracy": 0.8887499999999999}