{"n_front_dense_FE": 2, "n_front_dense_PE": 2, "n_front_dense_RxDec": 2, "state_width": 4, "n_epochs": 100, "n_additional_epochs": 10, "CFO_coef": 1, "SNR": 5, "J_list": [2.7726340293884277, 2.775796413421631, 2.783353328704834, 2.7703464031219482, 2.76436710357666, 2.7629618644714355, 2.7557730674743652, 2.7090086936950684, 2.6601123809814453, 2.653944492340088, 2.557178020477295, 2.5009121894836426, 2.4948534965515137, 2.4177985191345215, 2.917065382003784, 2.488192081451416, 2.346378803253174, 2.457416534423828, 2.5254313945770264, 2.32804274559021, 2.320281982421875, 2.2363905906677246, 2.2976720333099365, 2.0759806632995605, 2.357431411743164, 2.03096342086792, 2.0095419883728027, 2.339322566986084, 1.9075676202774048, 1.954951524734497, 2.9361464977264404, 1.7943958044052124, 1.7168716192245483, 1.6374003887176514, 1.8157100677490234, 1.6197540760040283, 1.562356948852539, 1.4838813543319702, 1.3438421487808228, 2.6169092655181885, 1.3864961862564087, 1.2976953983306885, 1.2859467267990112, 1.3298261165618896, 1.2241181135177612, 1.2298924922943115, 1.251683235168457, 1.1379072666168213, 1.2992960214614868, 1.249915361404419, 1.0822718143463135, 1.10781991481781, 0.9785879850387573, 0.9669138193130493, 0.9275026321411133, 0.7965801358222961, 1.2479225397109985, 0.9760280847549438, 1.156633734703064, 1.0600520372390747, 1.0842937231063843, 0.8146427273750305, 0.7768384218215942, 0.8581147193908691, 1.7456516027450562, 1.0515811443328857, 0.6873414516448975, 0.9002792239189148, 1.0658754110336304, 0.8073804974555969, 0.7879507541656494, 1.6531299352645874, 0.908177375793457, 2.8402934074401855, 2.192439317703247, 1.0810649394989014, 1.0870444774627686, 0.9835851788520813, 0.9430910348892212, 1.7258268594741821, 1.0408622026443481, 1.0790979862213135, 0.9099689722061157, 0.9949415326118469, 2.1414742469787598, 1.039961338043213, 1.0534567832946777, 1.0607316493988037, 0.9958521127700806, 0.8819035291671753, 1.0223543643951416, 0.8599010705947876, 0.7987943887710571, 0.8070762753486633, 1.3378655910491943, 1.0052889585494995, 0.6966463327407837, 0.6537774801254272, 0.6480201482772827, 0.5391818284988403, 0.7253470420837402, 0.5222407579421997, 0.6404404640197754, 0.43492478132247925, 0.5000273585319519, 0.4691687226295471, 0.4490555226802826, 1.082144021987915, 0.3960231840610504, 0.4567812383174896], "time_taken": 709.8964231014252, "bit_accuracy": 0.834375}