{"n_front_dense_FE": 2, "n_front_dense_PE": 2, "n_front_dense_RxDec": 2, "state_width": 6, "n_epochs": 100, "n_additional_epochs": 10, "CFO_coef": 1, "SNR": 1, "J_list": [2.772301435470581, 2.7984726428985596, 2.771664619445801, 2.783264636993408, 2.775078296661377, 2.7631313800811768, 2.7618370056152344, 2.7522194385528564, 2.743162155151367, 2.6959266662597656, 2.604163646697998, 2.4988760948181152, 2.3271584510803223, 2.104074001312256, 2.136995553970337, 2.464944362640381, 1.9500036239624023, 1.8757209777832031, 1.9481360912322998, 1.848636269569397, 1.7760940790176392, 2.3556699752807617, 1.7436048984527588, 1.859869360923767, 1.6226720809936523, 1.4683234691619873, 1.3772310018539429, 1.3415733575820923, 1.323171615600586, 1.1306730508804321, 1.0887298583984375, 0.953953742980957, 0.9302972555160522, 0.9407161474227905, 1.2344568967819214, 0.8679202795028687, 2.439918041229248, 1.1920164823532104, 1.1492677927017212, 1.2992843389511108, 0.6872327923774719, 1.4354699850082397, 1.028884768486023, 1.2630902528762817, 0.8231366872787476, 0.9232932329177856, 1.5838055610656738, 0.9569684863090515, 0.887983500957489, 0.7987931966781616, 0.7787971496582031, 0.6868516802787781, 0.6489871740341187, 0.6246554255485535, 0.5257437825202942, 0.44122394919395447, 0.7437127232551575, 0.9637094736099243, 0.5791589617729187, 0.4917445182800293, 0.5310279726982117, 0.5520802736282349, 0.4240916669368744, 1.3065669536590576, 0.3383335769176483, 0.4286766052246094, 0.3481782078742981, 0.2697538137435913, 0.2364037036895752, 0.5328980684280396, 0.24471330642700195, 0.2526947855949402, 0.1903093159198761, 0.42902112007141113, 0.37062937021255493, 0.9265123605728149, 0.3758487105369568, 0.23963680863380432, 0.5818376541137695, 0.6945464015007019, 0.32194703817367554, 0.5947539806365967, 0.25927430391311646, 0.8353133201599121, 0.4841241240501404, 0.6464723348617554, 0.4851016104221344, 0.26228469610214233, 0.36845889687538147, 0.5014954805374146, 0.33495330810546875, 0.3039191663265228, 0.26721739768981934, 0.21636584401130676, 0.34867987036705017, 0.33018678426742554, 0.18309447169303894, 0.1731242537498474, 0.2996576428413391, 0.16961947083473206, 0.13305902481079102, 0.15386871993541718, 0.12091706693172455, 0.4574968218803406, 0.09824607521295547, 0.34261569380760193, 0.08975790441036224, 0.2124476432800293, 0.08653154224157333, 0.2863124907016754], "time_taken": 879.8055226802826, "bit_accuracy": 0.9478125000000001}