{"n_front_dense_FE": 2, "n_front_dense_PE": 1, "n_front_dense_RxDec": 2, "state_width": 8, "n_epochs": 80, "J_list": [2.7724530696868896, 2.785489320755005, 2.766751766204834, 2.7617409229278564, 2.943099021911621, 2.742656707763672, 2.728206157684326, 2.7093136310577393, 2.68090558052063, 2.6146349906921387, 2.4961981773376465, 2.4207358360290527, 2.292823314666748, 2.624340057373047, 2.099508762359619, 2.3116443157196045, 2.0696427822113037, 1.9754753112792969, 1.896851897239685, 1.8044757843017578, 1.5972981452941895, 1.5121920108795166, 1.4028775691986084, 1.3390312194824219, 1.1629348993301392, 1.124650001525879, 1.0253098011016846, 0.9258440136909485, 0.8268393278121948, 0.7593585252761841, 0.7200990915298462, 0.7508808374404907, 0.6785290241241455, 0.6511563658714294, 0.6006418466567993, 0.6189075708389282, 0.4480765461921692, 0.4765993058681488, 0.6283090710639954, 0.3268182873725891, 0.45001187920570374, 0.3542710840702057, 0.3229290544986725, 0.18047280609607697, 0.31101664900779724, 0.24738645553588867, 0.2601802945137024, 0.2132457047700882, 0.18683725595474243, 0.2747665047645569, 0.16185124218463898, 0.2053387463092804, 0.10555408149957657, 0.1261184811592102, 0.19022467732429504, 0.11013568937778473, 0.19719359278678894, 0.0723581537604332, 0.14904816448688507, 0.12599653005599976, 0.15721015632152557, 0.09697949886322021, 0.08692891150712967, 0.14444628357887268, 0.11156980693340302, 0.09550072997808456, 0.11792232096195221, 0.08473657071590424, 0.07410208135843277, 0.08538223803043365, 0.10830841213464737, 0.13408884406089783, 0.03934668377041817, 0.12142151594161987, 0.11709542572498322, 0.08950994163751602, 0.10219483077526093, 0.03216482326388359, 0.12779350578784943, 0.14754155278205872], "time_taken": 420.368168592453}