{"n_front_dense_FE": 2, "n_front_dense_PE": 1, "n_front_dense_RxDec": 2, "state_width": 8, "n_epochs": 80, "J_list": [2.7728946208953857, 2.7670114040374756, 2.8575997352600098, 2.758333444595337, 2.7407026290893555, 2.628044843673706, 2.5783519744873047, 2.4415385723114014, 2.5507538318634033, 2.4746811389923096, 2.324985980987549, 2.204732894897461, 2.183410406112671, 2.131868600845337, 1.993133783340454, 1.9164278507232666, 1.7347548007965088, 1.6886236667633057, 1.5625312328338623, 1.442345380783081, 1.2393157482147217, 1.2763831615447998, 1.2540373802185059, 0.9810770153999329, 1.056414246559143, 1.1165918111801147, 0.9083051681518555, 0.765705406665802, 0.8907780647277832, 0.752281904220581, 0.6424556374549866, 0.5777765512466431, 0.6512802243232727, 0.6123777627944946, 0.5134795308113098, 0.5163193941116333, 0.5470355749130249, 0.4071509838104248, 0.388666570186615, 0.42499130964279175, 0.3335895240306854, 0.31258004903793335, 0.2599618434906006, 0.21039190888404846, 0.26587072014808655, 0.17170654237270355, 0.146443709731102, 0.15445378422737122, 0.19003751873970032, 0.1263032853603363, 0.14132007956504822, 0.10578984022140503, 0.07820705324411392, 0.12956072390079498, 0.084535151720047, 0.05165402218699455, 0.18077360093593597, 0.10473255813121796, 0.15605421364307404, 0.13060146570205688, 0.17065517604351044, 0.10230468213558197, 0.27277451753616333, 0.0758378654718399, 0.4236968159675598, 0.09497887641191483, 0.20481722056865692, 0.1859998255968094, 0.1519356071949005, 0.06294483691453934, 0.10482404381036758, 0.14315445721149445, 0.05983133241534233, 0.2029961794614792, 0.06240649148821831, 0.05581629276275635, 0.054566241800785065, 0.07286400347948074, 0.09421698749065399, 0.06567114591598511], "time_taken": 414.34822058677673}