{"n_front_dense_FE": 2, "n_front_dense_PE": 1, "n_front_dense_RxDec": 2, "state_width": 8, "n_epochs": 80, "J_list": [2.772592067718506, 2.767198085784912, 2.771923303604126, 2.745171070098877, 2.7163195610046387, 2.7283504009246826, 2.611956834793091, 2.557478904724121, 2.412813901901245, 2.139303684234619, 2.0373833179473877, 2.0077900886535645, 2.2789227962493896, 1.6810133457183838, 1.7630112171173096, 1.6605125665664673, 1.4283345937728882, 1.3222599029541016, 1.253395915031433, 1.0263948440551758, 0.904995322227478, 0.7964468598365784, 0.6883416175842285, 0.6412838697433472, 0.4751453995704651, 0.4471312463283539, 0.39950084686279297, 0.26239901781082153, 0.24241213500499725, 0.24757809937000275, 0.1511819064617157, 0.1351245641708374, 0.21139037609100342, 0.09589837491512299, 0.06375409662723541, 0.10875856876373291, 0.09361971169710159, 0.13964875042438507, 0.13153597712516785, 0.20046457648277283, 0.07131912559270859, 0.14286479353904724, 0.06832022964954376, 0.15105688571929932, 0.0685793086886406, 0.1439221203327179, 0.0641884058713913, 0.15333452820777893, 0.09572278708219528, 0.35672786831855774, 0.19954243302345276, 0.16036418080329895, 0.2417449951171875, 0.19502294063568115, 0.24574485421180725, 0.2832282483577728, 0.11234943568706512, 0.35523268580436707, 0.07281452417373657, 0.17088064551353455, 0.121651791036129, 0.14056386053562164, 0.1152762621641159, 0.09067409485578537, 0.17016717791557312, 0.11172348260879517, 0.19530293345451355, 0.12123382091522217, 0.06955184042453766, 0.10653839260339737, 0.06676889955997467, 0.06631406396627426, 0.03865157440304756, 0.06627228111028671, 0.04323635622859001, 0.042231377214193344, 0.01665988378226757, 0.032734908163547516, 0.025817126035690308, 0.037109024822711945], "time_taken": 455.5518333911896}