{"n_front_dense_FE": 4, "n_front_dense_PE": 1, "n_front_dense_RxDec": 2, "state_width": 8, "n_epochs": 80, "J_list": [2.772646903991699, 2.7669677734375, 2.815727710723877, 2.7690815925598145, 2.7700605392456055, 2.7420992851257324, 2.715827465057373, 2.8961703777313232, 2.6972525119781494, 2.7294769287109375, 2.730144500732422, 2.710974931716919, 2.6925060749053955, 2.6899609565734863, 2.6495654582977295, 2.54498291015625, 2.430142879486084, 2.3429408073425293, 2.323686361312866, 2.442673683166504, 2.320840358734131, 2.1199870109558105, 2.2242271900177, 2.1259286403656006, 2.0440917015075684, 1.9731429815292358, 2.0249485969543457, 1.9647468328475952, 1.9009830951690674, 1.755584955215454, 1.695145606994629, 1.6822855472564697, 1.6399494409561157, 1.5994517803192139, 1.4399745464324951, 1.4118340015411377, 1.2978379726409912, 1.3639087677001953, 1.2784292697906494, 1.245783805847168, 1.3207871913909912, 1.1533417701721191, 1.2273575067520142, 1.1693141460418701, 1.0643283128738403, 1.0161198377609253, 0.9811260104179382, 0.9833717346191406, 0.9138662219047546, 0.9322363138198853, 0.8722915649414062, 0.8355562090873718, 0.9290930032730103, 0.7944963574409485, 0.7194972038269043, 0.8131744265556335, 0.8881477117538452, 0.811153769493103, 0.7206107974052429, 0.7258012890815735, 0.6515475511550903, 0.5786420106887817, 0.5325171947479248, 0.5499871969223022, 0.5721306204795837, 0.5677679181098938, 0.4503573775291443, 0.49399811029434204, 0.40883031487464905, 0.4518702030181885, 0.40053263306617737, 0.28742462396621704, 0.3405103087425232, 0.3714919090270996, 0.28856170177459717, 0.30507200956344604, 0.3496038317680359, 0.2704099714756012, 0.33733850717544556, 0.266465961933136], "time_taken": 512.4775590896606}