{"n_front_dense_FE": 4, "n_front_dense_PE": 1, "n_front_dense_RxDec": 2, "state_width": 8, "n_epochs": 80, "J_list": [2.772581100463867, 2.7791895866394043, 2.7893614768981934, 2.764986753463745, 2.7482922077178955, 2.7770214080810547, 2.7381253242492676, 2.737557888031006, 2.70849347114563, 2.6632513999938965, 2.5555644035339355, 2.399763822555542, 2.4212355613708496, 2.338005542755127, 2.213024139404297, 2.205132007598877, 2.0075390338897705, 1.932002305984497, 1.8927109241485596, 1.7887160778045654, 1.5981367826461792, 1.5036081075668335, 1.4394773244857788, 1.286592721939087, 1.2760776281356812, 1.3243602514266968, 1.1958039999008179, 1.378156065940857, 0.9635780453681946, 1.0425775051116943, 1.062262773513794, 0.8268474340438843, 0.7956897616386414, 0.7456101775169373, 0.8852173089981079, 0.7324668169021606, 0.6513726711273193, 0.6994684934616089, 0.581977128982544, 0.6754220128059387, 0.5375722050666809, 0.5840603709220886, 0.5104092359542847, 0.3924679160118103, 0.33128267526626587, 0.28551235795021057, 0.3408851623535156, 0.2476346492767334, 0.22737443447113037, 0.22572116553783417, 0.16287000477313995, 0.16813047230243683, 0.17340879142284393, 0.20208564400672913, 0.17438814043998718, 0.16054531931877136, 0.1666172295808792, 0.2611151933670044, 0.29151344299316406, 0.1288042515516281, 0.16115565598011017, 0.13807439804077148, 0.09661741554737091, 0.17736348509788513, 0.20734155178070068, 0.1379617154598236, 0.16913922131061554, 0.2606287896633148, 0.2385093718767166, 0.18337777256965637, 0.27316004037857056, 0.6574134826660156, 0.8147056698799133, 0.5416553616523743, 0.6043609380722046, 0.4513118863105774, 0.7120550870895386, 0.5370445251464844, 0.3513135612010956, 0.4131721556186676], "time_taken": 539.0275692939758}