{"n_front_dense_FE": 2, "n_front_dense_PE": 1, "n_front_dense_RxDec": 2, "state_width": 8, "n_epochs": 80, "J_list": [2.7726969718933105, 2.7809643745422363, 2.7637391090393066, 2.783745288848877, 2.751638650894165, 2.716796398162842, 2.645345687866211, 2.5593760013580322, 2.4453957080841064, 2.2023963928222656, 2.1403985023498535, 2.1628260612487793, 1.8712742328643799, 1.8861663341522217, 1.5907392501831055, 1.4090129137039185, 1.2968120574951172, 1.13751220703125, 1.0451806783676147, 0.8520519137382507, 0.6895013451576233, 0.6085142493247986, 0.4493078291416168, 0.4358408451080322, 0.410163551568985, 0.25966328382492065, 0.3930450975894928, 0.6542251110076904, 0.3835158348083496, 0.7362526655197144, 0.4009157717227936, 0.6035072803497314, 0.22224923968315125, 0.45847827196121216, 0.4174845218658447, 0.3415749669075012, 0.36305564641952515, 0.24478068947792053, 0.20788106322288513, 0.29258912801742554, 0.18227519094944, 0.13710124790668488, 0.20340287685394287, 0.15674321353435516, 0.11844103038311005, 0.13079749047756195, 0.14288394153118134, 0.10267315804958344, 0.12364184856414795, 0.06941185146570206, 0.0691506639122963, 0.03490740805864334, 0.0672086551785469, 0.09336163848638535, 0.03482770919799805, 0.048316873610019684, 0.033833097666502, 0.05435753986239433, 0.02345629222691059, 0.01915823295712471, 0.0251273512840271, 0.023364413529634476, 0.012680770829319954, 0.014366937801241875, 0.014371046796441078, 0.014677244238555431, 0.02787702903151512, 0.007820377126336098, 0.004171423614025116, 0.00821131095290184, 0.005732560530304909, 0.004224658478051424, 0.014817411080002785, 0.029344405978918076, 0.0036452473141252995, 0.012329192832112312, 0.010275978595018387, 0.020740117877721786, 0.009907077066600323, 0.0029173754155635834], "time_taken": 418.88844776153564}