{"n_front_dense_FE": 2, "n_front_dense_PE": 1, "n_front_dense_RxDec": 2, "state_width": 8, "n_epochs": 80, "J_list": [2.7732455730438232, 2.769423246383667, 2.7801051139831543, 2.7613511085510254, 2.754915237426758, 2.718773603439331, 2.6930484771728516, 2.5513064861297607, 2.5857460498809814, 2.420226573944092, 2.258110761642456, 2.174802303314209, 2.1246907711029053, 2.0029351711273193, 2.0233471393585205, 1.7119404077529907, 1.6575813293457031, 1.4778995513916016, 1.338289499282837, 1.2193673849105835, 1.1231880187988281, 1.0520360469818115, 0.8067752718925476, 0.6923859119415283, 0.6118758320808411, 0.44630002975463867, 0.48702272772789, 0.41617995500564575, 0.2728007435798645, 0.3828362226486206, 0.2806687355041504, 0.2864392399787903, 0.3222508132457733, 0.17683683335781097, 0.24428865313529968, 0.27565181255340576, 0.15333667397499084, 0.20154118537902832, 0.17546044290065765, 0.16992142796516418, 0.18094217777252197, 0.15693117678165436, 0.16394686698913574, 0.10215933620929718, 0.1473768651485443, 0.12376230955123901, 0.07904782146215439, 0.06697200983762741, 0.0413781963288784, 0.07404699921607971, 0.09685494005680084, 0.09010063111782074, 0.029008695855736732, 0.043908990919589996, 0.08163914829492569, 0.03693653270602226, 0.04873896390199661, 0.07213934510946274, 0.08113075792789459, 0.05873227119445801, 0.008124326355755329, 0.03174137324094772, 0.014311027713119984, 0.03833553567528725, 0.011108984239399433, 0.08343466371297836, 0.048583414405584335, 0.037209246307611465, 0.007801028434187174, 0.01801934279501438, 0.0551118478178978, 0.02058759331703186, 0.06354458630084991, 0.05828186869621277, 0.057385481894016266, 0.05296150594949722, 0.09285292774438858, 0.04528605937957764, 0.05567491799592972, 0.027078751474618912], "time_taken": 393.1057949066162}