{"n_front_dense_FE": 4, "n_front_dense_PE": 1, "n_front_dense_RxDec": 2, "state_width": 8, "n_epochs": 80, "J_list": [2.7723817825317383, 2.790637493133545, 2.8007004261016846, 2.7700400352478027, 2.777177333831787, 2.760347843170166, 2.752270221710205, 2.6772141456604004, 2.68626070022583, 2.732431411743164, 2.9358673095703125, 2.693708896636963, 2.7411632537841797, 2.758831262588501, 2.7163350582122803, 2.6802589893341064, 2.651353120803833, 2.5879597663879395, 2.621735095977783, 2.5053508281707764, 2.4999847412109375, 2.432992458343506, 2.4054737091064453, 2.4330649375915527, 2.375257730484009, 2.2733113765716553, 2.3706517219543457, 2.2223658561706543, 2.1449666023254395, 2.1838841438293457, 2.190258741378784, 2.177765130996704, 2.0617101192474365, 2.007554292678833, 2.014270544052124, 1.936205267906189, 1.8976093530654907, 1.8665802478790283, 1.7877075672149658, 1.7893095016479492, 1.6531403064727783, 1.7341270446777344, 1.6515095233917236, 1.4842805862426758, 1.525640845298767, 1.3485723733901978, 1.2923846244812012, 1.2606724500656128, 1.279239296913147, 1.1339433193206787, 1.1322274208068848, 1.1123641729354858, 1.1031526327133179, 1.060077428817749, 1.1052684783935547, 0.938410758972168, 0.9088155031204224, 0.8983203172683716, 0.9366534948348999, 0.8847951889038086, 0.9271160364151001, 0.8530383110046387, 0.789489209651947, 0.7730468511581421, 0.6912001371383667, 0.7117722630500793, 0.6768273115158081, 0.7730193138122559, 0.7988070249557495, 0.734574556350708, 0.6970251798629761, 0.627547562122345, 0.6942251920700073, 0.6859616041183472, 0.7011507153511047, 0.6591223478317261, 0.47312647104263306, 0.5969430804252625, 0.5552553534507751, 0.5530698299407959], "time_taken": 535.8905203342438}