{"n_front_dense_FE": 2, "n_front_dense_PE": 1, "n_front_dense_RxDec": 2, "state_width": 8, "n_epochs": 80, "J_list": [2.773139715194702, 2.7808711528778076, 2.8108129501342773, 2.7720284461975098, 2.7672457695007324, 2.7507638931274414, 2.719147205352783, 2.6361255645751953, 2.483254909515381, 2.472377300262451, 3.1444458961486816, 2.3630363941192627, 2.398362636566162, 2.307340145111084, 2.2601256370544434, 2.1695683002471924, 2.1550207138061523, 1.972050428390503, 1.8765023946762085, 1.8118515014648438, 1.5308809280395508, 1.498653769493103, 1.2286217212677002, 1.2359697818756104, 1.038062334060669, 1.0194939374923706, 0.7922213673591614, 0.7531898617744446, 0.7308208346366882, 0.638476550579071, 0.5944359302520752, 0.5065020322799683, 0.47684144973754883, 0.4417228102684021, 0.5424551367759705, 0.5421379804611206, 0.36302369832992554, 0.39047956466674805, 0.3874601423740387, 0.41253334283828735, 0.3799063563346863, 0.40484553575515747, 0.2574617564678192, 0.32403239607810974, 0.3258614242076874, 0.3244384229183197, 0.2470177412033081, 0.22044308483600616, 0.284943163394928, 0.19147196412086487, 0.23828330636024475, 0.22611787915229797, 0.21782691776752472, 0.2227003574371338, 0.1782701015472412, 0.19424565136432648, 0.16361653804779053, 0.12614333629608154, 0.15152448415756226, 0.08703412115573883, 0.12956805527210236, 0.07967787981033325, 0.1162128895521164, 0.09863973408937454, 0.09794540703296661, 0.042264875024557114, 0.14196011424064636, 0.033981140702962875, 0.13614119589328766, 0.029150227084755898, 0.05259007215499878, 0.06284186244010925, 0.03324880450963974, 0.058032941073179245, 0.01973731629550457, 0.06480012834072113, 0.04630069434642792, 0.04178442806005478, 0.04497307538986206, 0.03331499919295311], "time_taken": 442.90386509895325}