{"n_front_dense_FE": 2, "n_front_dense_PE": 1, "n_front_dense_RxDec": 2, "state_width": 8, "n_epochs": 80, "J_list": [2.7722115516662598, 2.7771129608154297, 2.7799887657165527, 2.7562341690063477, 2.714813709259033, 2.609448194503784, 2.470888137817383, 2.250117063522339, 2.7425131797790527, 2.1200926303863525, 2.1421585083007812, 1.9605557918548584, 1.829032301902771, 1.7400099039077759, 1.7541488409042358, 1.5629336833953857, 1.324480652809143, 1.2443612813949585, 1.1071856021881104, 1.0195519924163818, 0.9287158846855164, 0.8725252151489258, 0.6910954713821411, 0.6750434637069702, 0.5072876811027527, 0.46567273139953613, 0.3325797915458679, 0.3937978446483612, 0.3271886706352234, 0.22768187522888184, 0.2752569019794464, 0.22446975111961365, 0.1865890920162201, 0.1442991942167282, 0.1599746197462082, 0.15904133021831512, 0.19637778401374817, 0.12019200623035431, 0.10290928930044174, 0.24394842982292175, 0.19217973947525024, 0.058996133506298065, 0.18254207074642181, 0.1997998207807541, 0.11555187404155731, 0.058431901037693024, 0.18685303628444672, 0.05265764147043228, 0.13192661106586456, 0.11522543430328369, 0.029399622231721878, 0.0619579553604126, 0.15001723170280457, 0.06880167871713638, 0.09242264926433563, 0.049905020743608475, 0.0424194298684597, 0.3772062659263611, 0.11648893356323242, 0.2507103979587555, 0.15232038497924805, 0.20699159801006317, 0.11759237200021744, 0.22385616600513458, 0.11055383831262589, 0.23142027854919434, 0.3134417235851288, 0.13131766021251678, 0.1592947095632553, 0.14383850991725922, 0.11673376709222794, 0.2936481535434723, 0.05055762454867363, 0.17999377846717834, 0.09151381254196167, 0.049276359379291534, 0.13465575873851776, 0.14374378323554993, 0.07569892704486847, 0.08154527842998505], "time_taken": 652.8922369480133}