{"n_front_dense_FE": 2, "n_front_dense_PE": 1, "n_front_dense_RxDec": 2, "state_width": 8, "n_epochs": 80, "J_list": [2.7725651264190674, 2.772368907928467, 2.7537481784820557, 2.707094669342041, 2.6962926387786865, 2.6788716316223145, 2.514909029006958, 2.4432010650634766, 2.3520216941833496, 2.3412153720855713, 2.0828468799591064, 1.9394805431365967, 1.7793954610824585, 1.711151123046875, 1.5655252933502197, 1.5197670459747314, 1.4238581657409668, 1.3145973682403564, 1.2093852758407593, 1.1975669860839844, 1.0489431619644165, 1.1541502475738525, 0.8826969265937805, 0.8303311467170715, 0.79786217212677, 0.6501461863517761, 0.5501061677932739, 0.4746163487434387, 0.3697766661643982, 0.3494343161582947, 0.38419684767723083, 0.3273097276687622, 0.29718276858329773, 0.2478574961423874, 0.16297857463359833, 0.15752717852592468, 0.20487186312675476, 0.17090821266174316, 0.1439674198627472, 0.10837464034557343, 0.14030656218528748, 0.14255210757255554, 0.08170522749423981, 0.08775293081998825, 0.2289871722459793, 0.09498650580644608, 0.1331184357404709, 0.20551666617393494, 0.1242932677268982, 0.08648796379566193, 0.14778581261634827, 0.14696022868156433, 0.1414121836423874, 0.17829585075378418, 0.1018216609954834, 0.08167290687561035, 0.22990353405475616, 0.19419413805007935, 0.18590417504310608, 0.10387852042913437, 0.09648344665765762, 0.10489197075366974, 0.14409832656383514, 0.09142236411571503, 0.061388980597257614, 0.12248820066452026, 0.13637951016426086, 0.023535866290330887, 0.17897430062294006, 0.07660721242427826, 0.0776859000325203, 0.06410892307758331, 0.11350323259830475, 0.1222994327545166, 0.0590280182659626, 0.039599232375621796, 0.06223344802856445, 0.0870923399925232, 0.11013021320104599, 0.040689755231142044], "time_taken": 444.088716506958}