{"n_front_dense_FE": 4, "n_front_dense_PE": 1, "n_front_dense_RxDec": 2, "state_width": 8, "n_epochs": 80, "J_list": [2.772697925567627, 2.7774243354797363, 2.770989418029785, 3.29693603515625, 2.7657554149627686, 2.775329113006592, 2.7568411827087402, 2.714817762374878, 2.7171630859375, 2.6209194660186768, 3.120687961578369, 2.7323272228240967, 2.7768757343292236, 2.776205062866211, 2.7751917839050293, 2.773315906524658, 2.7769880294799805, 2.7695200443267822, 2.76625394821167, 2.7694060802459717, 2.766590118408203, 2.757481813430786, 2.748818874359131, 2.736619234085083, 2.7616240978240967, 2.711479902267456, 2.7030317783355713, 2.683049440383911, 2.679781436920166, 2.6838841438293457, 2.606804609298706, 2.6002538204193115, 2.571629762649536, 2.5329737663269043, 2.5413973331451416, 2.4759726524353027, 2.4196059703826904, 2.37960147857666, 2.3664989471435547, 2.2885582447052, 2.2129151821136475, 2.154942750930786, 2.115361452102661, 2.2162926197052, 1.9983514547348022, 2.0223608016967773, 1.8684406280517578, 1.9847701787948608, 1.9042422771453857, 1.8948447704315186, 1.7383102178573608, 1.8045696020126343, 1.6887273788452148, 1.516558051109314, 1.652658462524414, 1.5047452449798584, 1.5418996810913086, 1.4771164655685425, 1.4331125020980835, 1.3429392576217651, 1.2876611948013306, 1.228119969367981, 1.2605640888214111, 1.1686253547668457, 1.081386923789978, 1.051538109779358, 1.0797723531723022, 1.1799280643463135, 1.1547305583953857, 1.0758024454116821, 0.9042110443115234, 0.9138182401657104, 0.8361055254936218, 0.854452908039093, 0.8212161064147949, 0.8184701800346375, 0.9566246867179871, 0.9726618528366089, 0.6107208132743835, 0.7779049873352051], "time_taken": 507.12152647972107}