{"n_front_dense_FE": 4, "n_front_dense_PE": 1, "n_front_dense_RxDec": 2, "state_width": 8, "n_epochs": 80, "J_list": [2.772474765777588, 2.7592976093292236, 3.2128238677978516, 2.792104721069336, 2.775279998779297, 2.772268056869507, 2.768596649169922, 2.7557778358459473, 2.7267508506774902, 2.6869776248931885, 2.6195731163024902, 2.9922375679016113, 2.6015686988830566, 2.5944137573242188, 2.6048107147216797, 2.554708957672119, 2.4491515159606934, 2.338150978088379, 2.2048897743225098, 2.1884114742279053, 2.0820603370666504, 2.025717258453369, 1.8827940225601196, 1.8047130107879639, 1.5807446241378784, 1.5466663837432861, 1.5145195722579956, 1.396885633468628, 1.4092553853988647, 1.2430388927459717, 1.2837395668029785, 1.1589994430541992, 1.2267382144927979, 1.0815744400024414, 1.028354287147522, 1.0395586490631104, 0.9572746157646179, 0.8602231740951538, 0.7078518867492676, 0.6841459274291992, 0.6336621046066284, 0.5514342784881592, 0.48408880829811096, 0.5460907220840454, 0.5226820707321167, 0.35824331641197205, 0.36710280179977417, 0.32684627175331116, 0.3996431231498718, 0.319957435131073, 0.2316436767578125, 0.37914833426475525, 0.3072250485420227, 0.17442630231380463, 0.34378930926322937, 0.2180498093366623, 0.29181307554244995, 0.21388831734657288, 0.19890232384204865, 0.1878674328327179, 0.44283562898635864, 0.1591663658618927, 0.2412174642086029, 0.16166695952415466, 0.31312745809555054, 0.2779127061367035, 0.11435310542583466, 0.3459949195384979, 0.23951935768127441, 0.26484665274620056, 0.27159205079078674, 0.11948497593402863, 0.1992858350276947, 0.17657025158405304, 0.15147820115089417, 0.08475048840045929, 0.1446714848279953, 0.08331821858882904, 0.11895761638879776, 0.14362192153930664], "time_taken": 504.2422239780426}