{"n_front_dense_FE": 4, "n_front_dense_PE": 1, "n_front_dense_RxDec": 2, "state_width": 8, "n_epochs": 80, "J_list": [2.7728123664855957, 2.7816481590270996, 2.7716526985168457, 2.7975516319274902, 2.772031307220459, 2.7700374126434326, 2.764885663986206, 2.7361626625061035, 2.6958184242248535, 2.5385701656341553, 4.310135841369629, 4.473618507385254, 2.732025623321533, 2.6319847106933594, 2.6630940437316895, 2.7089977264404297, 2.7209975719451904, 2.717849016189575, 2.740528106689453, 2.7253737449645996, 2.7067153453826904, 2.7009754180908203, 2.6700286865234375, 2.6310293674468994, 2.6075305938720703, 2.5109615325927734, 2.446239471435547, 2.411756992340088, 2.268810510635376, 2.3280396461486816, 2.1283352375030518, 2.2016448974609375, 2.0466785430908203, 1.9520657062530518, 1.9244492053985596, 1.876895546913147, 1.7733275890350342, 1.727121353149414, 1.599168300628662, 1.5313177108764648, 1.4543869495391846, 1.3479421138763428, 1.3123503923416138, 1.2276400327682495, 1.1612236499786377, 1.0973474979400635, 1.0067451000213623, 0.9443909525871277, 0.9200676679611206, 0.87652987241745, 0.8113128542900085, 0.9057744741439819, 1.006653070449829, 0.6539994478225708, 0.7711650729179382, 0.6707731485366821, 0.6209022402763367, 0.5410553216934204, 0.5652122497558594, 0.5702251195907593, 0.4388362765312195, 0.403224378824234, 0.5101381540298462, 0.461761474609375, 0.3900631070137024, 0.3722802996635437, 0.31974926590919495, 0.3664136528968811, 0.2834239602088928, 0.30522650480270386, 0.32570329308509827, 0.294999361038208, 0.22786584496498108, 0.2537253797054291, 0.2475801259279251, 0.1919887363910675, 0.19498150050640106, 0.19322721660137177, 0.20084230601787567, 0.19618132710456848], "time_taken": 533.8879787921906}