{"n_front_dense_FE": 4, "n_front_dense_PE": 1, "n_front_dense_RxDec": 2, "state_width": 8, "n_epochs": 80, "J_list": [2.7724125385284424, 2.775442361831665, 2.7865562438964844, 2.777524948120117, 2.7614002227783203, 2.757305145263672, 2.711200714111328, 2.602415084838867, 2.8196091651916504, 2.5861687660217285, 2.553299903869629, 2.547159194946289, 2.493368148803711, 2.438397169113159, 2.292714834213257, 2.2595934867858887, 2.4166903495788574, 2.077711343765259, 2.2091546058654785, 2.03676176071167, 1.9559526443481445, 1.9955120086669922, 1.8455864191055298, 1.7297691106796265, 1.6740684509277344, 1.6381473541259766, 1.5659736394882202, 1.4452084302902222, 1.393588662147522, 1.3526394367218018, 1.2384698390960693, 1.2047713994979858, 1.1156102418899536, 1.1332151889801025, 0.9290468096733093, 0.9475004076957703, 0.9343279004096985, 0.8602142333984375, 0.864305853843689, 0.7231432199478149, 0.7530791163444519, 0.7072411775588989, 0.8615001440048218, 1.3234004974365234, 0.7835752964019775, 0.9473807215690613, 0.8848670721054077, 0.7375354766845703, 0.8927618861198425, 0.5305487513542175, 0.5551174879074097, 0.5970524549484253, 0.6085532903671265, 0.4982350766658783, 0.43278995156288147, 0.4357200562953949, 0.3802463710308075, 0.4437369406223297, 0.3707227408885956, 0.2936480641365051, 0.29085445404052734, 0.2713068723678589, 0.21868868172168732, 0.17625781893730164, 0.21924439072608948, 0.1852303445339203, 0.2176995724439621, 0.18641260266304016, 0.17396728694438934, 0.12253887951374054, 0.11950216442346573, 0.11692090332508087, 0.13187646865844727, 0.11036107689142227, 0.13222618401050568, 0.16614863276481628, 0.1691126823425293, 0.12437222898006439, 0.10676703602075577, 0.2104717195034027], "time_taken": 540.1977014541626}