{"n_front_dense_FE": 2, "n_front_dense_PE": 1, "n_front_dense_RxDec": 2, "state_width": 8, "n_epochs": 80, "J_list": [2.7730956077575684, 2.7767772674560547, 2.769763231277466, 2.7598326206207275, 2.7252888679504395, 2.6568984985351562, 2.5221354961395264, 2.3938117027282715, 2.2277159690856934, 3.0295166969299316, 2.1813058853149414, 2.4354331493377686, 2.269329071044922, 1.964848518371582, 1.9608891010284424, 1.9092419147491455, 1.8309253454208374, 1.567970633506775, 1.4374969005584717, 1.2918460369110107, 1.102616548538208, 0.9082066416740417, 0.8282977938652039, 0.8363426923751831, 0.7076483964920044, 0.5929922461509705, 0.8402568697929382, 0.6431437730789185, 0.6044489145278931, 0.5889819860458374, 0.46872538328170776, 0.3533651828765869, 0.3878450095653534, 0.31710004806518555, 0.39878472685813904, 0.17266187071800232, 0.2722608149051666, 0.12976215779781342, 0.18208670616149902, 0.17589817941188812, 0.11327674239873886, 0.07754840701818466, 0.10964515060186386, 0.0829584002494812, 0.05685652047395706, 0.11269223690032959, 0.0338699147105217, 0.0890999585390091, 0.07051597535610199, 0.025460034608840942, 0.04977822303771973, 0.02019317075610161, 0.09403034299612045, 0.015617335215210915, 0.03183509036898613, 0.0970037430524826, 0.023864952847361565, 0.02226245403289795, 0.0756019800901413, 0.01228019967675209, 0.006313754711300135, 0.07948748767375946, 0.014322428032755852, 0.019972069188952446, 0.019126322120428085, 0.031008660793304443, 0.026816237717866898, 0.011754060164093971, 0.010361951775848866, 0.012380619533360004, 0.018297335132956505, 0.016323186457157135, 0.006831974722445011, 0.007639778312295675, 0.009942491538822651, 0.0036536012776196003, 0.012752939946949482, 0.0028168810531497, 0.002781886840239167, 0.018825164064764977], "time_taken": 671.7254219055176}