{"n_front_dense_FE": 2, "n_front_dense_PE": 1, "n_front_dense_RxDec": 2, "state_width": 8, "n_epochs": 80, "J_list": [2.773435115814209, 2.7733538150787354, 2.7810535430908203, 2.763962984085083, 2.7383322715759277, 2.680621862411499, 2.620525360107422, 2.5684611797332764, 2.4095778465270996, 2.2716708183288574, 2.1355490684509277, 1.9341331720352173, 1.8342993259429932, 1.6915645599365234, 1.5209773778915405, 1.3758255243301392, 1.452637791633606, 1.2215360403060913, 1.2040796279907227, 1.133468747138977, 1.0914669036865234, 0.865220844745636, 0.7380250692367554, 0.6747915148735046, 0.5911306738853455, 0.5252416729927063, 0.4924758970737457, 0.47238269448280334, 0.47388601303100586, 0.31047147512435913, 0.24867931008338928, 0.26025623083114624, 0.2163093090057373, 0.19014012813568115, 0.17093494534492493, 0.1370423138141632, 0.11795473098754883, 0.12609551846981049, 0.11541207879781723, 0.06762994825839996, 0.06561112403869629, 0.07033191621303558, 0.10223283618688583, 0.029092248529195786, 0.023439232259988785, 0.02638768032193184, 0.03987307474017143, 0.04728418588638306, 0.023231100291013718, 0.03632963448762894, 0.03149619325995445, 0.016645219177007675, 0.012088330462574959, 0.07750577479600906, 0.03710806369781494, 0.023337624967098236, 0.10584710538387299, 0.012971577234566212, 0.10317198932170868, 0.1671719253063202, 0.03034142218530178, 0.4450749456882477, 0.07501658797264099, 0.032819464802742004, 0.3470775783061981, 0.21620328724384308, 0.03952265530824661, 0.14063559472560883, 0.28298789262771606, 0.11083555221557617, 0.0768372118473053, 0.13144508004188538, 0.09334573149681091, 0.1203216090798378, 0.0759425088763237, 0.07997705042362213, 0.13276982307434082, 0.07435541599988937, 0.08836041390895844, 0.03085978701710701], "time_taken": 416.39859342575073}