{"n_front_dense_FE": 4, "n_front_dense_PE": 1, "n_front_dense_RxDec": 2, "state_width": 8, "n_epochs": 80, "J_list": [2.7727913856506348, 2.7654128074645996, 3.213127851486206, 2.781733274459839, 2.7769603729248047, 2.769923210144043, 2.77020263671875, 2.7664341926574707, 2.7535488605499268, 2.750288724899292, 2.6874804496765137, 2.5658228397369385, 2.5110368728637695, 2.4054553508758545, 3.62715220451355, 2.300095796585083, 2.4121577739715576, 2.390989303588867, 2.3823561668395996, 2.2625186443328857, 2.146263837814331, 1.9279987812042236, 1.8301719427108765, 1.7618411779403687, 1.6086986064910889, 1.6054134368896484, 1.5459637641906738, 1.49001145362854, 1.4726862907409668, 1.2406820058822632, 1.2078893184661865, 1.0515187978744507, 1.0570658445358276, 0.9976897239685059, 0.9268907308578491, 0.9841680526733398, 0.9296539425849915, 0.7709660530090332, 0.7509899735450745, 0.7759321928024292, 0.6786943674087524, 0.6260588765144348, 0.649919331073761, 0.5915125012397766, 0.433880478143692, 0.5180548429489136, 0.5201905965805054, 0.5331544876098633, 0.3778536021709442, 0.5426737666130066, 0.3446105420589447, 0.34198078513145447, 0.34018030762672424, 0.2983911633491516, 0.27931737899780273, 0.27340593934059143, 0.252890408039093, 0.23488721251487732, 0.22873243689537048, 0.2835210859775543, 0.19317469000816345, 0.2460942566394806, 0.24800734221935272, 0.191690593957901, 0.18514133989810944, 0.17588737607002258, 0.17097453773021698, 0.2234051674604416, 0.17323827743530273, 0.1545456349849701, 0.12529362738132477, 0.13142697513103485, 0.15196014940738678, 0.12361091375350952, 0.17486998438835144, 0.11079476028680801, 0.14819011092185974, 0.12164907157421112, 0.1223251223564148, 0.07971835136413574], "time_taken": 518.3493132591248}