{"n_front_dense_FE": 4, "n_front_dense_PE": 1, "n_front_dense_RxDec": 2, "state_width": 8, "n_epochs": 80, "J_list": [2.772090196609497, 2.9330697059631348, 2.774040699005127, 2.7659053802490234, 2.7948968410491943, 2.7700390815734863, 2.775447130203247, 2.7684662342071533, 2.765345335006714, 2.7560508251190186, 2.7169811725616455, 2.66963529586792, 2.5966734886169434, 2.5019965171813965, 2.388611316680908, 2.3620758056640625, 2.5367209911346436, 2.3918659687042236, 2.3847525119781494, 2.399434804916382, 2.439065456390381, 2.3209633827209473, 2.198273181915283, 2.1269125938415527, 2.075136184692383, 2.002007007598877, 2.1110520362854004, 2.0191738605499268, 1.8705627918243408, 1.825526237487793, 1.72687566280365, 1.5495002269744873, 1.5488542318344116, 1.5160067081451416, 1.3256580829620361, 1.3483281135559082, 1.2410303354263306, 1.1386206150054932, 1.1220173835754395, 1.0248380899429321, 0.9494466781616211, 0.8254207372665405, 0.7385545969009399, 0.6617415547370911, 0.6323940753936768, 0.5561355352401733, 0.7312830686569214, 0.5807613730430603, 0.4536527991294861, 0.5061763525009155, 0.39133358001708984, 0.46748343110084534, 0.3379172682762146, 0.35012346506118774, 0.2717011868953705, 0.2643388509750366, 0.3043171465396881, 0.20496797561645508, 0.22789950668811798, 0.17729099094867706, 0.16658079624176025, 0.1319662183523178, 0.13840533792972565, 0.12472734600305557, 0.1754542589187622, 0.09966738522052765, 0.12854309380054474, 0.10574934631586075, 0.12377021461725235, 0.10596930980682373, 0.1172463521361351, 0.1028260812163353, 0.14193128049373627, 0.060801077634096146, 0.06914179027080536, 0.11600930988788605, 0.1339714229106903, 0.11265473067760468, 0.12199865281581879, 0.08424629271030426], "time_taken": 515.9225947856903}