{"n_front_dense_FE": 2, "n_front_dense_PE": 1, "n_front_dense_RxDec": 2, "state_width": 8, "n_epochs": 80, "J_list": [2.772292375564575, 2.769155979156494, 2.761679172515869, 2.7534070014953613, 2.6612191200256348, 2.5935962200164795, 2.5486462116241455, 2.4379942417144775, 2.315377950668335, 2.0989527702331543, 2.044386386871338, 1.913351058959961, 1.7838408946990967, 1.5339996814727783, 1.3463335037231445, 1.1966874599456787, 0.9712725877761841, 0.7659951448440552, 0.6754451990127563, 0.7739644050598145, 0.6802961826324463, 0.44283396005630493, 0.47549015283584595, 0.38259071111679077, 0.23330874741077423, 0.2714862823486328, 0.15077996253967285, 0.1442594826221466, 0.22711071372032166, 0.1018100157380104, 0.12087075412273407, 0.14986467361450195, 0.1609521061182022, 0.21032269299030304, 0.10091401636600494, 0.15378239750862122, 0.0675303190946579, 0.058904003351926804, 0.07748599350452423, 0.15388309955596924, 0.0438503734767437, 0.13392095267772675, 0.09725729376077652, 0.08780218660831451, 0.07853952795267105, 0.04017842933535576, 0.0803244560956955, 0.07190106064081192, 0.1333198845386505, 0.09260913729667664, 0.1075855940580368, 0.0888700857758522, 0.0584271177649498, 0.1375729739665985, 0.11490392684936523, 0.1425991654396057, 0.035718925297260284, 0.08684597909450531, 0.04017256945371628, 0.02872207760810852, 0.11402849107980728, 0.07223939150571823, 0.09205411374568939, 0.09813261032104492, 0.05793525651097298, 0.059714268893003464, 0.04087327420711517, 0.049926094710826874, 0.03531146049499512, 0.02268579974770546, 0.024792054668068886, 0.031525321304798126, 0.0904611125588417, 0.037955306470394135, 0.03512440621852875, 0.06973398476839066, 0.028679687529802322, 0.04461689293384552, 0.12908467650413513, 0.030185360461473465], "time_taken": 509.92292165756226}