{"n_front_dense_FE": 8, "n_front_dense_PE": 1, "n_front_dense_RxDec": 2, "state_width": 8, "n_epochs": 80, "J_list": [2.772526264190674, 2.774646759033203, 2.7812037467956543, 2.775291681289673, 2.7765674591064453, 2.77016019821167, 2.9443631172180176, 2.766822338104248, 2.777630567550659, 2.7711472511291504, 2.774160861968994, 2.776110887527466, 2.768134117126465, 2.7657570838928223, 2.7597105503082275, 2.7566580772399902, 2.735689878463745, 2.734828472137451, 2.690626621246338, 2.817321538925171, 2.6083984375, 2.5889954566955566, 2.6375632286071777, 2.570436954498291, 2.5312159061431885, 2.5125484466552734, 2.431185245513916, 2.4089322090148926, 2.360480785369873, 2.2484893798828125, 2.297424793243408, 2.123955726623535, 2.158609628677368, 2.064725875854492, 1.963047742843628, 2.0276620388031006, 1.9517786502838135, 2.148456573486328, 1.9616916179656982, 2.031857490539551, 1.921452522277832, 1.8661361932754517, 1.9037902355194092, 1.8877242803573608, 1.7536550760269165, 1.7969493865966797, 1.7572410106658936, 1.7388111352920532, 1.7512671947479248, 1.6828010082244873, 1.6709562540054321, 1.6239986419677734, 1.568598747253418, 1.596733570098877, 1.5264837741851807, 1.4768446683883667, 1.5138779878616333, 1.5820682048797607, 1.4352192878723145, 1.5501134395599365, 1.4771829843521118, 1.45455002784729, 1.3446601629257202, 1.374254584312439, 1.3906824588775635, 1.3756757974624634, 1.3413670063018799, 1.3491733074188232, 1.3022937774658203, 1.2294836044311523, 1.3378925323486328, 1.2926228046417236, 1.2239949703216553, 1.126929521560669, 1.160872220993042, 1.135737657546997, 1.1014316082000732, 1.059648871421814, 0.9730333089828491, 1.067309021949768], "time_taken": 766.0960066318512}