{"n_front_dense_FE": 4, "n_front_dense_PE": 1, "n_front_dense_RxDec": 2, "state_width": 8, "n_epochs": 80, "J_list": [2.772510051727295, 2.778826951980591, 2.7716240882873535, 2.7975642681121826, 2.771498918533325, 2.740903854370117, 2.6562983989715576, 2.527966022491455, 2.586826801300049, 5.555488109588623, 2.4917759895324707, 2.669168472290039, 2.6860013008117676, 2.661778688430786, 2.6238608360290527, 2.6078720092773438, 2.5598504543304443, 2.518195629119873, 2.486527919769287, 2.480700731277466, 2.420137882232666, 2.2816720008850098, 2.1605701446533203, 2.1135690212249756, 1.9801533222198486, 1.9102041721343994, 1.7973743677139282, 1.6770508289337158, 1.7008590698242188, 1.7268177270889282, 1.5219688415527344, 1.448168396949768, 1.3496277332305908, 1.2609597444534302, 1.1841474771499634, 1.118897795677185, 1.02117919921875, 1.0486103296279907, 1.0251022577285767, 0.8836590051651001, 0.8542255163192749, 0.9064598083496094, 0.8507598042488098, 0.776339590549469, 0.7310829162597656, 0.645646870136261, 0.6760497093200684, 0.5486617684364319, 0.6176949739456177, 0.5733110904693604, 0.5344198942184448, 0.5059839487075806, 0.6823420524597168, 0.8138106465339661, 0.5191218256950378, 0.6682273149490356, 0.4584791660308838, 0.550136923789978, 0.5349885821342468, 0.354326069355011, 0.45733076333999634, 0.4919746518135071, 0.3984469473361969, 0.3558148145675659, 0.3355410695075989, 0.3096378445625305, 0.2680727541446686, 0.34026968479156494, 0.33475980162620544, 0.2531889081001282, 0.34063711762428284, 0.23088014125823975, 0.2888263165950775, 0.2253284901380539, 0.25919482111930847, 0.21498528122901917, 0.20093145966529846, 0.2143825739622116, 0.12287040054798126, 0.20841677486896515], "time_taken": 545.7819218635559}