{"n_front_dense_FE": 2, "n_front_dense_PE": 1, "n_front_dense_RxDec": 2, "state_width": 8, "n_epochs": 80, "J_list": [2.772752285003662, 2.7772138118743896, 2.7744741439819336, 2.754760503768921, 2.7221126556396484, 2.66985821723938, 2.564537286758423, 2.395071506500244, 2.144566059112549, 2.5558230876922607, 1.826167106628418, 1.8605926036834717, 1.6438121795654297, 1.5377144813537598, 1.5027118921279907, 1.301774024963379, 1.029926061630249, 0.8311876058578491, 0.7906227111816406, 0.6802941560745239, 0.5160043239593506, 0.47329920530319214, 0.3249409794807434, 0.389199435710907, 0.31858259439468384, 0.23286791145801544, 0.16415198147296906, 0.17562870681285858, 0.18888726830482483, 0.18159128725528717, 0.08288127183914185, 0.16592314839363098, 0.1490563154220581, 0.15589432418346405, 0.03861621767282486, 0.07811298221349716, 0.044291816651821136, 0.06273427605628967, 0.04056593030691147, 0.0721583366394043, 0.11211998760700226, 0.10384821891784668, 0.06634662300348282, 0.04926954209804535, 0.1514005959033966, 0.10607551038265228, 0.138050839304924, 0.3424866199493408, 0.04169270023703575, 0.2713974416255951, 0.23868155479431152, 0.1621176302433014, 0.33601677417755127, 0.1334594190120697, 0.13010139763355255, 0.16537368297576904, 0.11358034610748291, 0.1223297119140625, 0.15423621237277985, 0.08937329053878784, 0.08247576653957367, 0.06091981381177902, 0.07478213310241699, 0.03356312960386276, 0.06964821368455887, 0.03883545473217964, 0.060478806495666504, 0.07434636354446411, 0.03500479459762573, 0.04445670545101166, 0.024884235113859177, 0.011926869861781597, 0.02958253026008606, 0.011604906991124153, 0.008626988157629967, 0.01337459683418274, 0.039073068648576736, 0.013698294758796692, 0.006373894866555929, 0.010339092463254929], "time_taken": 438.1641778945923}