{"n_front_dense_FE": 2, "n_front_dense_PE": 1, "n_front_dense_RxDec": 2, "state_width": 8, "n_epochs": 80, "J_list": [2.772282123565674, 2.7798352241516113, 2.772887706756592, 2.732198476791382, 2.664309024810791, 2.5730385780334473, 2.5487446784973145, 2.4543774127960205, 2.3287465572357178, 2.281451463699341, 2.1034059524536133, 1.982581377029419, 1.779363989830017, 1.5910496711730957, 1.424189805984497, 1.3204965591430664, 1.1604011058807373, 1.213786244392395, 1.4707142114639282, 0.9581348299980164, 0.9316498041152954, 0.9228916168212891, 0.8036680221557617, 0.7043503522872925, 0.6240023374557495, 0.5503522157669067, 0.5795741081237793, 0.48039522767066956, 0.3637089431285858, 0.3094393312931061, 0.2959769368171692, 0.2661701738834381, 0.305436909198761, 0.15645630657672882, 0.1346668303012848, 0.1621263474225998, 0.1427377164363861, 0.14012713730335236, 0.10740470886230469, 0.08606451749801636, 0.06830020993947983, 0.1683441698551178, 0.055709660053253174, 0.1379484087228775, 0.06587107479572296, 0.07154692709445953, 0.09622591733932495, 0.09360988438129425, 0.08531048148870468, 0.1302175670862198, 0.06733976304531097, 0.25191551446914673, 0.11360581964254379, 0.6171347498893738, 0.07333268225193024, 0.5519182085990906, 0.3917640745639801, 0.8688986897468567, 0.09673425555229187, 0.16351674497127533, 0.30069810152053833, 0.09195683896541595, 0.11290767043828964, 0.2026507556438446, 0.08435352146625519, 0.08036714047193527, 0.1198253408074379, 0.0774252712726593, 0.09616973251104355, 0.07002919912338257, 0.08660884201526642, 0.053079307079315186, 0.06423620879650116, 0.032594095915555954, 0.032521672546863556, 0.03290048986673355, 0.03288610652089119, 0.023888876661658287, 0.023271184414625168, 0.023366302251815796], "time_taken": 558.7128443717957}