{"n_front_dense_FE": 2, "n_front_dense_PE": 1, "n_front_dense_RxDec": 2, "state_width": 8, "n_epochs": 80, "J_list": [2.7728331089019775, 2.780247211456299, 2.7796242237091064, 2.749912738800049, 2.68133807182312, 2.5690574645996094, 2.4039902687072754, 2.2054827213287354, 3.167018413543701, 2.9758148193359375, 2.2307381629943848, 2.17331862449646, 2.2086048126220703, 2.1581263542175293, 1.9597934484481812, 1.9558252096176147, 1.9106051921844482, 1.7678505182266235, 1.7775001525878906, 1.548101782798767, 1.4625022411346436, 1.3562556505203247, 1.2705186605453491, 1.1813700199127197, 1.0953513383865356, 0.9439703226089478, 0.8661438226699829, 0.7205531597137451, 0.6903001070022583, 0.5421282052993774, 0.6046377420425415, 0.33734750747680664, 0.3925008177757263, 0.3343343138694763, 0.3291456699371338, 0.2274870127439499, 0.17563112080097198, 0.27734050154685974, 0.20639455318450928, 0.20632119476795197, 0.2448643445968628, 0.1940687596797943, 0.13367685675621033, 0.1582445502281189, 0.05848889425396919, 0.11340425908565521, 0.11137726157903671, 0.05620861053466797, 0.09174828231334686, 0.12435422092676163, 0.026897940784692764, 0.1939905285835266, 0.08309508860111237, 0.20359380543231964, 0.08669032156467438, 0.0963355153799057, 0.05966167524456978, 0.17172768712043762, 0.08037223666906357, 0.07185051590204239, 0.05201755836606026, 0.10619106143712997, 0.05150489881634712, 0.04482018202543259, 0.04952801764011383, 0.047506727278232574, 0.07985039055347443, 0.05658821389079094, 0.04295450448989868, 0.0193013958632946, 0.05492596700787544, 0.031064176931977272, 0.07369590550661087, 0.017984949052333832, 0.04143517091870308, 0.060574352741241455, 0.028246823698282242, 0.014819549396634102, 0.02028028294444084, 0.03429541364312172], "time_taken": 486.04776883125305}