{"n_front_dense_FE": 4, "n_front_dense_PE": 1, "n_front_dense_RxDec": 2, "state_width": 8, "n_epochs": 80, "J_list": [2.772721767425537, 2.771475315093994, 2.7931137084960938, 2.7666492462158203, 2.7560343742370605, 2.688851833343506, 2.7476978302001953, 4.032931327819824, 2.615126132965088, 2.675596237182617, 2.6876139640808105, 2.670206069946289, 2.6425042152404785, 2.634922504425049, 2.567629814147949, 2.550992965698242, 2.5518085956573486, 2.466815233230591, 2.4644577503204346, 2.429945468902588, 2.3207340240478516, 2.302736520767212, 2.2983644008636475, 2.2617557048797607, 2.239166736602783, 2.1977696418762207, 2.1386468410491943, 1.9872204065322876, 1.9316799640655518, 2.0036873817443848, 1.8563663959503174, 1.8489519357681274, 1.7683746814727783, 1.6719634532928467, 1.4884086847305298, 1.5096371173858643, 1.392530918121338, 1.4077908992767334, 1.519995927810669, 1.1882578134536743, 1.3435136079788208, 1.1728531122207642, 1.2128989696502686, 1.3269933462142944, 1.075405478477478, 1.1170605421066284, 1.1839287281036377, 1.071958303451538, 0.9571088552474976, 0.8906888961791992, 0.8243809938430786, 0.9960724115371704, 0.8069084882736206, 0.7117311358451843, 0.6426270008087158, 0.5961973071098328, 0.599775493144989, 0.517170786857605, 0.4515731930732727, 0.39007729291915894, 0.4164818227291107, 0.30093052983283997, 0.337423175573349, 0.28559058904647827, 0.3421576917171478, 0.21371722221374512, 0.40308570861816406, 0.2140030413866043, 0.28589072823524475, 0.2527328431606293, 0.212014839053154, 0.19063156843185425, 0.20370063185691833, 0.1894420087337494, 0.1350950002670288, 0.2961503863334656, 0.39127853512763977, 0.19014227390289307, 0.30731916427612305, 0.3040028512477875], "time_taken": 528.9979345798492}