{"n_front_dense_FE": 4, "n_front_dense_PE": 1, "n_front_dense_RxDec": 2, "state_width": 8, "n_epochs": 80, "J_list": [2.77256178855896, 2.800489902496338, 2.7728583812713623, 2.772310256958008, 2.7747082710266113, 2.772564649581909, 2.766950845718384, 2.7380573749542236, 2.630467176437378, 2.8848464488983154, 2.71519136428833, 2.524355411529541, 2.579338788986206, 2.564262866973877, 2.555241346359253, 2.505305051803589, 2.452185869216919, 2.342421293258667, 2.3385586738586426, 2.160881519317627, 2.0508201122283936, 1.8859035968780518, 1.9014112949371338, 1.7018604278564453, 1.6701929569244385, 1.700621247291565, 1.5745103359222412, 1.357666254043579, 1.3680368661880493, 1.374840259552002, 1.1642518043518066, 1.0581060647964478, 0.9574311971664429, 0.9438737034797668, 0.8550651669502258, 0.8651136159896851, 0.7359280586242676, 0.7419894337654114, 0.7350530624389648, 0.5175591707229614, 0.5708423256874084, 0.4174202084541321, 0.5859366655349731, 0.4936283230781555, 0.37896066904067993, 0.42628878355026245, 0.4903331398963928, 0.3676261007785797, 0.43308591842651367, 0.45395994186401367, 0.36508363485336304, 0.3066501021385193, 0.2606890797615051, 0.3062322735786438, 0.1883704960346222, 0.2657424807548523, 0.25090378522872925, 0.2772580683231354, 0.289995938539505, 0.21085114777088165, 0.18576985597610474, 0.3280032277107239, 0.16336140036582947, 0.3016253411769867, 0.26116591691970825, 0.16399919986724854, 0.2519502639770508, 0.1474916636943817, 0.24503442645072937, 0.1888282746076584, 0.13116054236888885, 0.2364836186170578, 0.17112456262111664, 0.15973809361457825, 0.16512081027030945, 0.14334139227867126, 0.16099897027015686, 0.15973472595214844, 0.08051340281963348, 0.12835149466991425], "time_taken": 530.1615619659424}