{"n_front_dense_FE": 4, "n_front_dense_PE": 1, "n_front_dense_RxDec": 2, "state_width": 8, "n_epochs": 80, "J_list": [2.772580623626709, 2.796795606613159, 2.7737855911254883, 2.7772879600524902, 2.7664051055908203, 2.7267024517059326, 2.7012901306152344, 2.604536294937134, 2.489086389541626, 2.4986634254455566, 2.4810752868652344, 2.409238338470459, 2.220146417617798, 2.285388946533203, 2.1790688037872314, 2.090528964996338, 1.849979043006897, 1.8979518413543701, 1.8165245056152344, 1.65225088596344, 1.5933647155761719, 1.6216551065444946, 1.6849597692489624, 1.717879295349121, 1.4769163131713867, 1.3826717138290405, 1.3447513580322266, 1.1762206554412842, 1.1778072118759155, 1.1926920413970947, 1.0476497411727905, 1.0331885814666748, 0.9880138635635376, 0.9190369844436646, 0.871141254901886, 0.8774517178535461, 0.8035928606987, 0.7914685010910034, 0.7291164398193359, 0.7543663382530212, 0.6730146408081055, 0.7670876979827881, 0.6035178899765015, 0.7318466901779175, 0.581927478313446, 0.6004998087882996, 0.6366230845451355, 0.5483860969543457, 0.48866528272628784, 0.6042376756668091, 0.4679117202758789, 0.46359315514564514, 0.4694221615791321, 0.403906911611557, 0.33701714873313904, 0.4590185284614563, 0.37308382987976074, 0.38667139410972595, 0.382445752620697, 0.3063882887363434, 0.34895119071006775, 0.3281497359275818, 0.28169235587120056, 0.29194673895835876, 0.29502633213996887, 0.2939271926879883, 0.28418198227882385, 0.33357495069503784, 0.2541068494319916, 0.25697168707847595, 0.24199309945106506, 0.17036072909832, 0.18183067440986633, 0.2307729721069336, 0.17894475162029266, 0.17194971442222595, 0.17706793546676636, 0.16918526589870453, 0.13877181708812714, 0.12187831103801727], "time_taken": 552.4876532554626}