{"n_front_dense_FE": 2, "n_front_dense_PE": 1, "n_front_dense_RxDec": 2, "state_width": 8, "n_epochs": 80, "J_list": [2.7726874351501465, 2.774060010910034, 2.7959702014923096, 2.7583167552948, 2.731971263885498, 2.699533224105835, 2.561568021774292, 2.4248592853546143, 2.9227890968322754, 2.195742130279541, 2.4448351860046387, 2.2307074069976807, 2.2291769981384277, 2.2204058170318604, 2.13602614402771, 1.921960473060608, 1.8184664249420166, 1.7589237689971924, 1.5510632991790771, 1.5077165365219116, 1.3619953393936157, 1.3262568712234497, 1.2247921228408813, 1.2182316780090332, 1.1019281148910522, 1.0417617559432983, 0.9102838635444641, 0.8633168935775757, 0.673614501953125, 0.7731029391288757, 0.5412428975105286, 0.60413658618927, 0.4531885087490082, 0.4940928518772125, 0.352700799703598, 0.36837902665138245, 0.3246827721595764, 0.27024009823799133, 0.25098568201065063, 0.2571396231651306, 0.17942091822624207, 0.18615582585334778, 0.15030542016029358, 0.18961259722709656, 0.1742004156112671, 0.08827707916498184, 0.15187034010887146, 0.11778420209884644, 0.11630870401859283, 0.09573753923177719, 0.12967953085899353, 0.05613921210169792, 0.10256080329418182, 0.041530244052410126, 0.07409261167049408, 0.03813837096095085, 0.11718437820672989, 0.038312878459692, 0.14803917706012726, 0.034717872738838196, 0.09738805145025253, 0.29151177406311035, 0.06376548856496811, 0.24278011918067932, 0.04410282522439957, 0.35614851117134094, 0.5642463564872742, 0.13437750935554504, 0.29973316192626953, 0.5068737864494324, 0.248880073428154, 0.563196063041687, 0.21626301109790802, 0.4308663010597229, 0.18805912137031555, 0.2949410676956177, 0.3551175892353058, 0.22222423553466797, 0.23766925930976868, 0.12106437981128693], "time_taken": 584.2091896533966}