{"n_front_dense_FE": 4, "n_front_dense_PE": 1, "n_front_dense_RxDec": 2, "state_width": 8, "n_epochs": 80, "J_list": [2.772724151611328, 2.784707546234131, 2.7874722480773926, 2.7686028480529785, 2.7707126140594482, 2.7499539852142334, 2.7543578147888184, 2.6845455169677734, 2.6188418865203857, 2.536776304244995, 2.4395389556884766, 2.3367040157318115, 2.5272035598754883, 2.2753663063049316, 2.266634702682495, 2.2281651496887207, 2.1753554344177246, 2.1301610469818115, 2.0426337718963623, 1.9100124835968018, 1.7959054708480835, 1.7756531238555908, 1.7206649780273438, 1.61395263671875, 1.5841691493988037, 1.532395839691162, 1.4140104055404663, 1.3233493566513062, 1.2738792896270752, 1.1520674228668213, 1.1187629699707031, 1.2337719202041626, 1.2165935039520264, 1.1197876930236816, 1.2578424215316772, 1.0781495571136475, 1.0675113201141357, 0.9439511299133301, 0.8695398569107056, 1.002240777015686, 0.7678311467170715, 0.7249332070350647, 0.6731911897659302, 0.5944482684135437, 0.5877142548561096, 0.523816704750061, 0.47704991698265076, 0.42352551221847534, 0.3105352520942688, 0.30682212114334106, 0.30625808238983154, 0.3090874254703522, 0.19447140395641327, 0.27319830656051636, 0.20408062636852264, 0.18989646434783936, 0.21235856413841248, 0.14917448163032532, 0.169620081782341, 0.21137380599975586, 0.11487661302089691, 0.17140498757362366, 0.1607261449098587, 0.10541711002588272, 0.2888871133327484, 0.4302298426628113, 0.13411876559257507, 0.35312122106552124, 0.16552460193634033, 0.4804059863090515, 0.1397344172000885, 0.5083192586898804, 0.23696398735046387, 0.49452242255210876, 0.4027004837989807, 0.5022300481796265, 0.21384429931640625, 0.4983223080635071, 0.31505364179611206, 0.1361035406589508], "time_taken": 511.07289028167725}