{"n_front_dense_FE": 4, "n_front_dense_PE": 1, "n_front_dense_RxDec": 2, "state_width": 8, "n_epochs": 80, "J_list": [2.7724783420562744, 2.8374035358428955, 2.7780556678771973, 2.7744665145874023, 2.7752444744110107, 2.7656588554382324, 2.761125087738037, 2.730739116668701, 2.6722826957702637, 2.670539379119873, 2.746413469314575, 2.55344820022583, 2.4950873851776123, 2.546027660369873, 2.428752899169922, 2.3504607677459717, 2.3017349243164062, 2.1817352771759033, 2.107848882675171, 2.152273654937744, 2.1233038902282715, 2.1539018154144287, 2.048835277557373, 2.092735528945923, 2.0777831077575684, 2.0416431427001953, 1.9635978937149048, 2.0027496814727783, 1.9673805236816406, 1.906355619430542, 1.851619005203247, 1.8223521709442139, 1.7821528911590576, 1.7859776020050049, 1.7015368938446045, 1.5826290845870972, 1.593158483505249, 1.57130765914917, 1.4132837057113647, 1.3691508769989014, 1.3650389909744263, 1.3237669467926025, 1.323420763015747, 1.2999317646026611, 1.2370312213897705, 1.2342582941055298, 1.1322672367095947, 1.066677451133728, 1.082375407218933, 1.1111640930175781, 1.0835803747177124, 1.156212568283081, 1.1475293636322021, 1.015016794204712, 0.9861611127853394, 1.0415771007537842, 1.050723671913147, 1.0672286748886108, 0.9563174247741699, 0.9904715418815613, 0.8801882863044739, 0.9211210012435913, 1.019511103630066, 1.2275326251983643, 1.0859695672988892, 1.1508313417434692, 1.075583815574646, 0.9202221035957336, 1.021685242652893, 1.031579852104187, 0.842647910118103, 0.9615087509155273, 0.8450559377670288, 0.8451259732246399, 0.8241903185844421, 0.7773323655128479, 0.8156836628913879, 0.6789764165878296, 0.6697160601615906, 0.6835989356040955], "time_taken": 518.1498370170593}