{"n_front_dense_FE": 2, "n_front_dense_PE": 1, "n_front_dense_RxDec": 2, "state_width": 8, "n_epochs": 80, "J_list": [2.7730796337127686, 2.792358875274658, 2.778062343597412, 2.7728283405303955, 2.7570343017578125, 2.740842819213867, 2.6929078102111816, 2.6181228160858154, 2.4323947429656982, 2.2832486629486084, 3.309171199798584, 2.1679024696350098, 2.543212890625, 2.317734479904175, 2.1526925563812256, 2.1624693870544434, 2.0923547744750977, 1.9723536968231201, 1.837294578552246, 1.5655096769332886, 1.4359371662139893, 1.379097580909729, 1.3063623905181885, 1.0122315883636475, 0.9812673330307007, 0.8759361505508423, 0.699909508228302, 0.5409559011459351, 0.5107802152633667, 0.5265361666679382, 0.3453676104545593, 0.4306626319885254, 0.30033043026924133, 0.2272721827030182, 0.24823574721813202, 0.22936491668224335, 0.1861681044101715, 0.1599901020526886, 0.16248711943626404, 0.17378133535385132, 0.08994847536087036, 0.05208377167582512, 0.12499120086431503, 0.07190688699483871, 0.05491708964109421, 0.053583644330501556, 0.07135231792926788, 0.0626218169927597, 0.0515434667468071, 0.04370409995317459, 0.05667146295309067, 0.04048401862382889, 0.05450528860092163, 0.07413558661937714, 0.0226757749915123, 0.04391632229089737, 0.04178439453244209, 0.03856975957751274, 0.048972632735967636, 0.11319198459386826, 0.042147256433963776, 0.0475640594959259, 0.06728978455066681, 0.024695977568626404, 0.039807625114917755, 0.030727792531251907, 0.04284403473138809, 0.06457957625389099, 0.0656157061457634, 0.07747767865657806, 0.08744851499795914, 0.07432298362255096, 0.013404148630797863, 0.06175025552511215, 0.07855778932571411, 0.17601284384727478, 0.03908626362681389, 0.12791937589645386, 0.023960376158356667, 0.11732437461614609], "time_taken": 401.1372323036194}