{"n_front_dense_FE": 4, "n_front_dense_PE": 1, "n_front_dense_RxDec": 2, "state_width": 8, "n_epochs": 80, "J_list": [2.772416353225708, 2.7850093841552734, 2.760807752609253, 3.126455783843994, 2.774749517440796, 2.77083158493042, 2.774066925048828, 2.7658751010894775, 2.7653183937072754, 2.7634477615356445, 2.747096538543701, 2.7526679039001465, 2.7294578552246094, 2.709351062774658, 2.6628048419952393, 2.599108934402466, 2.5446512699127197, 2.5195624828338623, 2.7045552730560303, 2.3141822814941406, 2.310509443283081, 2.3291797637939453, 2.264570951461792, 2.1031041145324707, 1.959905982017517, 1.9711177349090576, 1.7657181024551392, 1.6869571208953857, 1.681648850440979, 1.5850353240966797, 1.5250059366226196, 1.4780184030532837, 1.3505688905715942, 1.3541185855865479, 1.3128830194473267, 1.2066441774368286, 1.161067008972168, 1.0916551351547241, 0.9943448901176453, 0.969184398651123, 0.9681262969970703, 0.9191611409187317, 0.9294840693473816, 0.820540726184845, 0.8998837471008301, 0.8230382800102234, 0.793606162071228, 0.7033217549324036, 0.7780951261520386, 0.9741507768630981, 1.020403265953064, 0.6636225581169128, 0.9537760019302368, 0.7414884567260742, 0.7972804307937622, 0.7974880933761597, 0.6231951713562012, 0.6089951395988464, 0.6218334436416626, 0.472276508808136, 0.590334951877594, 0.4619297981262207, 0.4733942449092865, 0.4599054455757141, 0.4203869700431824, 0.45130738615989685, 0.3356640636920929, 0.33465704321861267, 0.2632877826690674, 0.27779513597488403, 0.27428311109542847, 0.20847289264202118, 0.32130056619644165, 0.19121304154396057, 0.15863659977912903, 0.18546126782894135, 0.1521470993757248, 0.14556437730789185, 0.17087385058403015, 0.09313090145587921], "time_taken": 499.0354483127594}