{"n_front_dense_FE": 4, "n_front_dense_PE": 1, "n_front_dense_RxDec": 2, "state_width": 8, "n_epochs": 80, "J_list": [2.772580862045288, 2.7943806648254395, 2.7711126804351807, 2.7754149436950684, 2.7758145332336426, 2.758761167526245, 2.7018990516662598, 2.672227144241333, 2.690109968185425, 2.5269546508789062, 4.543126583099365, 2.522728443145752, 2.7104651927948, 2.7181496620178223, 2.6965339183807373, 2.7036375999450684, 2.64668607711792, 2.5983073711395264, 2.5412704944610596, 2.5043838024139404, 2.408055543899536, 2.3997673988342285, 2.5116381645202637, 2.2363381385803223, 2.3695011138916016, 2.1633236408233643, 2.1371617317199707, 2.0460829734802246, 2.0697712898254395, 1.9031915664672852, 1.8065980672836304, 1.7330944538116455, 1.6298465728759766, 1.6553643941879272, 1.560939073562622, 1.5174287557601929, 1.4254827499389648, 1.3529622554779053, 1.3601715564727783, 1.217573881149292, 1.272565245628357, 1.1521539688110352, 1.1946111917495728, 1.0326703786849976, 0.948663055896759, 0.8879493474960327, 0.9377228617668152, 0.8511964678764343, 0.8226666450500488, 0.854941725730896, 0.7910438776016235, 0.7041038870811462, 0.5967565178871155, 0.6731261014938354, 0.553085207939148, 0.5536280870437622, 0.4815889298915863, 0.5463582277297974, 0.5296680331230164, 0.4366703927516937, 0.4166775643825531, 0.44459637999534607, 0.48424792289733887, 0.4249110221862793, 0.397950142621994, 0.34002166986465454, 0.25994059443473816, 0.4042259752750397, 0.3735184073448181, 0.19371946156024933, 0.3645462989807129, 0.2585412561893463, 0.34860485792160034, 0.33303114771842957, 0.1674177348613739, 0.17611247301101685, 0.11467014253139496, 0.1894811987876892, 0.13311342895030975, 0.15991967916488647], "time_taken": 503.1565463542938}