{"n_front_dense_FE": 4, "n_front_dense_PE": 1, "n_front_dense_RxDec": 2, "state_width": 8, "n_epochs": 80, "J_list": [2.772789478302002, 2.8167343139648438, 2.772587776184082, 2.7800135612487793, 2.7758278846740723, 2.7748987674713135, 2.7696824073791504, 2.760035991668701, 2.7454826831817627, 2.701192855834961, 2.60882568359375, 2.5693717002868652, 3.02409029006958, 2.4578564167022705, 2.5806078910827637, 2.5694947242736816, 2.497105836868286, 2.422213315963745, 2.3197622299194336, 2.2199389934539795, 2.258568525314331, 2.1601336002349854, 2.09202241897583, 2.0288033485412598, 2.049140453338623, 1.9342029094696045, 1.838335394859314, 1.7080185413360596, 1.7335838079452515, 1.6623566150665283, 1.6490113735198975, 1.5526927709579468, 1.5146557092666626, 1.4044525623321533, 1.3659499883651733, 1.3049205541610718, 1.4867818355560303, 1.611564040184021, 1.2262756824493408, 1.5014928579330444, 1.245023250579834, 1.1164121627807617, 1.2361650466918945, 0.8915770649909973, 1.0425969362258911, 0.9373358488082886, 0.9216121435165405, 0.8210728764533997, 0.7230346202850342, 0.7736192941665649, 0.7403378486633301, 0.6684219241142273, 0.6203157305717468, 0.5758457183837891, 0.5757136344909668, 0.5455676317214966, 0.47051429748535156, 0.43877798318862915, 0.4599284529685974, 0.44822192192077637, 0.42408427596092224, 0.3253004550933838, 0.30309706926345825, 0.2995627820491791, 0.32451707124710083, 0.2261393815279007, 0.3067759871482849, 0.24064159393310547, 0.2773562967777252, 0.2018565684556961, 0.17542271316051483, 0.2495441734790802, 0.24361777305603027, 0.1979667842388153, 0.18295106291770935, 0.2372608184814453, 0.16678623855113983, 0.10948492586612701, 0.13974496722221375, 0.1389099806547165], "time_taken": 526.825733423233}