{"n_front_dense_FE": 2, "n_front_dense_PE": 1, "n_front_dense_RxDec": 2, "state_width": 8, "n_epochs": 80, "J_list": [2.772913694381714, 2.7790164947509766, 2.7537660598754883, 2.7249817848205566, 2.6770172119140625, 2.689333438873291, 2.4315266609191895, 2.2966692447662354, 2.16595721244812, 2.166053056716919, 1.8847891092300415, 1.9189411401748657, 1.5486409664154053, 1.5204260349273682, 1.2611339092254639, 1.195501685142517, 1.0340198278427124, 0.967115581035614, 0.829683780670166, 0.7260962128639221, 0.6057403683662415, 0.4819827973842621, 0.47983914613723755, 0.36774277687072754, 0.305854469537735, 0.3096241056919098, 0.25722238421440125, 0.18022149801254272, 0.15292131900787354, 0.1611563265323639, 0.12576520442962646, 0.16582505404949188, 0.18922384083271027, 0.13269047439098358, 0.18336161971092224, 0.16147752106189728, 0.13992436230182648, 0.16045346856117249, 0.11899717152118683, 0.3238670527935028, 0.0776955634355545, 0.3697274327278137, 0.14761874079704285, 0.4736236035823822, 0.23146343231201172, 0.10756838321685791, 0.16793885827064514, 0.36971205472946167, 0.1061168685555458, 0.47192636132240295, 0.18613800406455994, 0.16915681958198547, 0.14154043793678284, 0.24198636412620544, 0.09847532212734222, 0.2555413544178009, 0.12075801938772202, 0.09202250093221664, 0.04553283005952835, 0.1411636918783188, 0.11743681132793427, 0.09028859436511993, 0.06734646111726761, 0.03566359728574753, 0.06593091785907745, 0.03639020770788193, 0.05427028611302376, 0.040962763130664825, 0.029363077133893967, 0.02431342378258705, 0.044990621507167816, 0.033693790435791016, 0.03359271213412285, 0.014065456576645374, 0.015918046236038208, 0.02475484274327755, 0.005564880557358265, 0.020663738250732422, 0.005323480814695358, 0.01254783384501934], "time_taken": 528.207661151886}