{"n_front_dense_FE": 8, "n_front_dense_PE": 1, "n_front_dense_RxDec": 2, "state_width": 8, "n_epochs": 80, "J_list": [2.77268648147583, 2.8100504875183105, 2.7767269611358643, 2.778672695159912, 2.780259609222412, 2.77367901802063, 2.7639288902282715, 2.7569267749786377, 2.7461318969726562, 2.720019817352295, 2.69559383392334, 2.748744010925293, 2.6846213340759277, 2.6633899211883545, 2.641998767852783, 2.6256628036499023, 2.578174114227295, 2.5962984561920166, 2.54660964012146, 2.5226497650146484, 2.4555816650390625, 2.426766872406006, 2.3692879676818848, 2.3099188804626465, 2.2217864990234375, 2.234376907348633, 2.1277353763580322, 2.106245517730713, 2.0922698974609375, 2.0752623081207275, 1.9686514139175415, 1.9781792163848877, 1.9384729862213135, 1.9158687591552734, 1.9205554723739624, 1.9578834772109985, 1.962263822555542, 1.9162304401397705, 1.8317550420761108, 1.725388526916504, 1.7819925546646118, 1.7474485635757446, 1.6939990520477295, 1.686317801475525, 1.5890864133834839, 1.5652707815170288, 1.6158603429794312, 1.5154175758361816, 1.56925630569458, 1.459289789199829, 1.498457670211792, 1.4289908409118652, 1.4401695728302002, 1.4356180429458618, 1.364790916442871, 1.350151777267456, 1.3383238315582275, 1.2767910957336426, 1.2788375616073608, 1.209007978439331, 1.1646919250488281, 1.1780647039413452, 1.0899696350097656, 1.07865571975708, 1.1574208736419678, 1.0784895420074463, 1.0965890884399414, 1.0537903308868408, 0.9214202761650085, 0.9338600039482117, 0.8347484469413757, 1.0179096460342407, 0.8387905359268188, 0.7839270830154419, 0.7726499438285828, 0.8352646827697754, 0.6992048621177673, 0.6296321749687195, 0.6684005856513977, 0.6093570590019226], "time_taken": 781.2267191410065}