{"n_front_dense_FE": 1, "n_front_dense_PE": 1, "n_front_dense_RxDec": 2, "state_width": 8, "n_epochs": 15, "J_list": [2.7721314430236816, 2.7716572284698486, 2.7706634998321533, 2.7672226428985596, 2.76770281791687, 2.7715816497802734, 2.764054775238037, 2.7640128135681152, 2.7601158618927, 2.7565417289733887, 2.751347064971924, 2.7496886253356934, 2.7458157539367676, 2.747763156890869, 2.741781711578369], "time_taken": 53.9696991443634}