{"n_front_dense_FE": 1, "n_front_dense_PE": 1, "n_front_dense_RxDec": 2, "state_width": 8, "n_epochs": 15, "J_list": [2.772135019302368, 2.771796941757202, 2.770209789276123, 2.76743745803833, 2.7677879333496094, 2.7652907371520996, 2.7668521404266357, 2.7641377449035645, 2.759859085083008, 2.7631032466888428, 2.7569565773010254, 2.7482411861419678, 2.7480006217956543, 2.7375905513763428, 2.7397027015686035], "time_taken": 63.454315423965454}