{"n_front_dense_FE": 2, "n_front_dense_PE": 1, "n_front_dense_RxDec": 2, "state_width": 8, "n_epochs": 15, "J_list": [2.7723143100738525, 2.7730541229248047, 2.772150754928589, 2.7706665992736816, 2.7697277069091797, 2.771719455718994, 2.7670092582702637, 2.761573314666748, 2.7614941596984863, 2.75909161567688, 2.7569198608398438, 2.7493932247161865, 2.7451934814453125, 2.731032371520996, 2.7220265865325928], "time_taken": 55.239635705947876}