{"n_front_dense_FE": 2, "n_front_dense_PE": 1, "n_front_dense_RxDec": 2, "state_width": 8, "n_epochs": 15, "J_list": [2.772526979446411, 2.7715840339660645, 2.7688605785369873, 2.768019199371338, 2.7674224376678467, 2.762948989868164, 2.765195608139038, 2.7576963901519775, 2.7552547454833984, 2.747452974319458, 2.7481067180633545, 2.728759765625, 2.7227163314819336, 2.719695568084717, 2.711031436920166], "time_taken": 57.263432025909424}