{"n_front_dense_FE": 2, "n_front_dense_PE": 1, "n_front_dense_RxDec": 2, "state_width": 8, "n_epochs": 15, "J_list": [2.7733700275421143, 2.7721762657165527, 2.770413875579834, 2.7677834033966064, 2.7676444053649902, 2.76381254196167, 2.7609000205993652, 2.7525558471679688, 2.746988296508789, 2.740281105041504, 2.73374605178833, 2.7202916145324707, 2.702504873275757, 2.682565450668335, 2.679124355316162], "time_taken": 55.180702447891235}