{"n_front_dense_FE": 2, "n_front_dense_PE": 1, "n_front_dense_RxDec": 2, "state_width": 8, "n_epochs": 15, "J_list": [2.771437406539917, 2.7709898948669434, 2.7713801860809326, 2.769559144973755, 2.766165256500244, 2.7617995738983154, 2.7584426403045654, 2.7587363719940186, 2.745478630065918, 2.743320941925049, 2.7384185791015625, 2.722304105758667, 2.713752031326294, 2.693958282470703, 2.6820552349090576], "time_taken": 55.52916884422302}