{"n_front_dense_FE": 1, "n_front_dense_PE": 1, "n_front_dense_RxDec": 2, "state_width": 8, "n_epochs": 15, "J_list": [2.772047519683838, 2.771918535232544, 2.7698118686676025, 2.768535614013672, 2.7690398693084717, 2.7616424560546875, 2.762700080871582, 2.757026195526123, 2.758577346801758, 2.752208709716797, 2.753237247467041, 2.741375684738159, 2.745943546295166, 2.7373061180114746, 2.7383246421813965], "time_taken": 54.291499853134155}