{"n_front_dense_FE": 2, "n_front_dense_PE": 1, "n_front_dense_RxDec": 2, "state_width": 8, "n_epochs": 15, "J_list": [2.7724990844726562, 2.772156238555908, 2.769083023071289, 2.7686164379119873, 2.7699573040008545, 2.7686991691589355, 2.7607412338256836, 2.7645668983459473, 2.759462594985962, 2.7513082027435303, 2.7481868267059326, 2.7432703971862793, 2.7258706092834473, 2.7240500450134277, 2.71220064163208], "time_taken": 55.17321491241455}