{"n_front_dense_FE": 1, "n_front_dense_PE": 1, "n_front_dense_RxDec": 2, "state_width": 8, "n_epochs": 15, "J_list": [2.7724223136901855, 2.7711119651794434, 2.769679546356201, 2.769324779510498, 2.7689318656921387, 2.7648959159851074, 2.762821674346924, 2.7609000205993652, 2.7639708518981934, 2.7604637145996094, 2.758349895477295, 2.7424397468566895, 2.7469184398651123, 2.7339115142822266, 2.736022472381592], "time_taken": 68.74779677391052}