{"n_front_dense_FE": 2, "n_front_dense_PE": 1, "n_front_dense_RxDec": 2, "state_width": 8, "n_epochs": 15, "J_list": [2.773674726486206, 2.7721428871154785, 2.7718656063079834, 2.769432783126831, 2.7691359519958496, 2.7695059776306152, 2.767406463623047, 2.759117364883423, 2.761432647705078, 2.7572503089904785, 2.7511255741119385, 2.745661497116089, 2.7403647899627686, 2.731849431991577, 2.721482515335083], "time_taken": 56.04832720756531}