{"n_front_dense_FE": 1, "n_front_dense_PE": 1, "n_front_dense_RxDec": 2, "state_width": 8, "n_epochs": 15, "J_list": [2.7730813026428223, 2.7712767124176025, 2.7687325477600098, 2.7691352367401123, 2.768859386444092, 2.7664365768432617, 2.7667312622070312, 2.7618978023529053, 2.761089563369751, 2.7610085010528564, 2.7461838722229004, 2.749083995819092, 2.7437610626220703, 2.741089344024658, 2.725583553314209], "time_taken": 51.796462535858154}