{"n_front_dense_FE": 3, "n_front_dense_PE": 1, "n_front_dense_RxDec": 2, "state_width": 8, "n_epochs": 15, "J_list": [2.772010564804077, 2.7724556922912598, 2.771493434906006, 2.7740795612335205, 2.769528865814209, 2.770048141479492, 2.7685980796813965, 2.7666985988616943, 2.764214038848877, 2.761570453643799, 2.752598285675049, 2.7474892139434814, 2.738710403442383, 2.7323391437530518, 2.703678846359253], "time_taken": 67.72559571266174}