{"n_front_dense_FE": 2, "n_front_dense_PE": 1, "n_front_dense_RxDec": 2, "state_width": 8, "n_epochs": 15, "J_list": [2.772890567779541, 2.772270679473877, 2.7704391479492188, 2.770172357559204, 2.769350528717041, 2.7645628452301025, 2.7648801803588867, 2.7598493099212646, 2.75940203666687, 2.7563316822052, 2.7512550354003906, 2.7388126850128174, 2.7367045879364014, 2.725079298019409, 2.7123491764068604], "time_taken": 55.33535933494568}