{"n_front_dense_FE": 3, "n_front_dense_PE": 1, "n_front_dense_RxDec": 2, "state_width": 8, "n_epochs": 15, "J_list": [2.7728819847106934, 2.7720580101013184, 2.770617961883545, 2.7730517387390137, 2.7682442665100098, 2.7697277069091797, 2.7623748779296875, 2.761279582977295, 2.757791042327881, 2.754713773727417, 2.7510886192321777, 2.7417991161346436, 2.7275373935699463, 2.712252378463745, 2.7048447132110596], "time_taken": 60.229597330093384}