{"n_front_dense_FE": 3, "n_front_dense_PE": 1, "n_front_dense_RxDec": 2, "state_width": 8, "n_epochs": 15, "J_list": [2.7727999687194824, 2.7721450328826904, 2.7715559005737305, 2.768512010574341, 2.76951003074646, 2.7701611518859863, 2.765770435333252, 2.7635791301727295, 2.762802839279175, 2.758244276046753, 2.7495293617248535, 2.742403745651245, 2.7388765811920166, 2.721465587615967, 2.7185139656066895], "time_taken": 63.80631899833679}