{"n_front_dense_FE": 3, "n_front_dense_PE": 1, "n_front_dense_RxDec": 2, "state_width": 8, "n_epochs": 15, "J_list": [2.77207612991333, 2.7728545665740967, 2.771510124206543, 2.769399404525757, 2.7701516151428223, 2.767808437347412, 2.765516757965088, 2.7627816200256348, 2.75720477104187, 2.7535758018493652, 2.7442984580993652, 2.7375340461730957, 2.7210495471954346, 2.7020745277404785, 2.686218738555908], "time_taken": 60.325929403305054}