{"n_front_dense_FE": 1, "n_front_dense_PE": 1, "n_front_dense_RxDec": 2, "state_width": 8, "n_epochs": 15, "J_list": [2.771498203277588, 2.771165370941162, 2.768911838531494, 2.7681727409362793, 2.767515182495117, 2.766469717025757, 2.760561943054199, 2.7576236724853516, 2.756781816482544, 2.7506120204925537, 2.7462353706359863, 2.7414982318878174, 2.730663776397705, 2.7338168621063232, 2.7236785888671875], "time_taken": 65.20854330062866}