{"n_front_dense_FE": 2, "n_front_dense_PE": 1, "n_front_dense_RxDec": 2, "state_width": 8, "n_epochs": 15, "J_list": [2.7729899883270264, 2.7710628509521484, 2.7704689502716064, 2.7713801860809326, 2.774003267288208, 2.7700603008270264, 2.7677412033081055, 2.763317346572876, 2.7610721588134766, 2.7562217712402344, 2.7532079219818115, 2.752321481704712, 2.74653697013855, 2.734163761138916, 2.728343963623047], "time_taken": 55.53626298904419}