{"n_front_dense_FE": 1, "n_front_dense_PE": 1, "n_front_dense_RxDec": 2, "state_width": 8, "n_epochs": 15, "J_list": [2.771815776824951, 2.770580768585205, 2.768336772918701, 2.7674038410186768, 2.764897108078003, 2.7622272968292236, 2.758676290512085, 2.7561659812927246, 2.750643253326416, 2.742509126663208, 2.734856128692627, 2.7309632301330566, 2.7197937965393066, 2.705713987350464, 2.6968777179718018], "time_taken": 55.05474042892456}