{"n_front_dense_FE": 1, "n_front_dense_PE": 1, "n_front_dense_RxDec": 2, "state_width": 8, "n_epochs": 15, "J_list": [2.7720494270324707, 2.771996021270752, 2.770127058029175, 2.767826557159424, 2.7667975425720215, 2.7639694213867188, 2.7621848583221436, 2.7591304779052734, 2.757012367248535, 2.7483184337615967, 2.7423150539398193, 2.741398572921753, 2.7360317707061768, 2.7307465076446533, 2.714008092880249], "time_taken": 51.61953830718994}