{"n_front_dense_FE": 3, "n_front_dense_PE": 1, "n_front_dense_RxDec": 2, "state_width": 8, "n_epochs": 15, "J_list": [2.772751808166504, 2.773186445236206, 2.7713406085968018, 2.7707271575927734, 2.772313356399536, 2.7690536975860596, 2.7661731243133545, 2.762633800506592, 2.7590184211730957, 2.7528414726257324, 2.7451419830322266, 2.742356777191162, 2.7310454845428467, 2.7043776512145996, 2.7028939723968506], "time_taken": 60.337440967559814}