{"n_front_dense_FE": 1, "n_front_dense_PE": 1, "n_front_dense_RxDec": 2, "state_width": 8, "n_epochs": 15, "J_list": [2.773738384246826, 2.7720541954040527, 2.772324800491333, 2.768848419189453, 2.76953125, 2.7683463096618652, 2.7682948112487793, 2.76155161857605, 2.759185791015625, 2.762835741043091, 2.758918285369873, 2.7530734539031982, 2.7497079372406006, 2.745337963104248, 2.7366483211517334], "time_taken": 53.34987807273865}