{"n_front_dense_FE": 1, "n_front_dense_PE": 1, "n_front_dense_RxDec": 2, "state_width": 8, "n_epochs": 15, "J_list": [2.772672176361084, 2.7720437049865723, 2.770447015762329, 2.7678287029266357, 2.765552043914795, 2.766122817993164, 2.7663590908050537, 2.765634059906006, 2.7553000450134277, 2.757812976837158, 2.7515206336975098, 2.7486469745635986, 2.7425496578216553, 2.738086223602295, 2.7300102710723877], "time_taken": 54.20811915397644}