{"n_front_dense_FE": 1, "n_front_dense_PE": 1, "n_front_dense_RxDec": 2, "state_width": 8, "n_epochs": 15, "J_list": [2.773059129714966, 2.771329402923584, 2.7705588340759277, 2.771597385406494, 2.7691779136657715, 2.766540050506592, 2.766117811203003, 2.7634196281433105, 2.7576091289520264, 2.758927583694458, 2.7556958198547363, 2.7479538917541504, 2.7433133125305176, 2.740769863128662, 2.7238714694976807], "time_taken": 53.56972932815552}