{"n_front_dense_FE": 1, "n_front_dense_PE": 1, "n_front_dense_RxDec": 2, "state_width": 8, "n_epochs": 15, "J_list": [2.7728524208068848, 2.7723753452301025, 2.7704474925994873, 2.7700066566467285, 2.7682414054870605, 2.7710776329040527, 2.7670576572418213, 2.7649950981140137, 2.7617945671081543, 2.7615065574645996, 2.7608940601348877, 2.759516716003418, 2.7469911575317383, 2.7459731101989746, 2.7458271980285645], "time_taken": 68.38080167770386}