{"n_front_dense_FE": 2, "n_front_dense_PE": 1, "n_front_dense_RxDec": 2, "state_width": 8, "n_epochs": 15, "J_list": [2.773289203643799, 2.7722034454345703, 2.7711100578308105, 2.769253969192505, 2.769491672515869, 2.767465114593506, 2.7653374671936035, 2.762418270111084, 2.75923490524292, 2.7610955238342285, 2.7538909912109375, 2.748462200164795, 2.744612216949463, 2.7357230186462402, 2.724497079849243], "time_taken": 55.13473653793335}