{"n_front_dense_FE": 2, "n_front_dense_PE": 1, "n_front_dense_RxDec": 2, "state_width": 8, "n_epochs": 15, "J_list": [2.77293062210083, 2.7710111141204834, 2.770350694656372, 2.7681095600128174, 2.768134355545044, 2.7667500972747803, 2.7620975971221924, 2.7588648796081543, 2.7503347396850586, 2.7482481002807617, 2.74113392829895, 2.733574628829956, 2.724672317504883, 2.7144105434417725, 2.6982181072235107], "time_taken": 55.074400424957275}