{"n_front_dense_FE": 2, "n_front_dense_PE": 1, "n_front_dense_RxDec": 2, "state_width": 8, "n_epochs": 15, "J_list": [2.7728352546691895, 2.7711117267608643, 2.7680869102478027, 2.77004075050354, 2.7673420906066895, 2.7681117057800293, 2.7647652626037598, 2.7596981525421143, 2.757200002670288, 2.747802495956421, 2.735908031463623, 2.736868381500244, 2.722630023956299, 2.7194554805755615, 2.7111194133758545], "time_taken": 54.48001766204834}