{"n_front_dense_FE": 2, "n_front_dense_PE": 1, "n_front_dense_RxDec": 2, "state_width": 8, "n_epochs": 15, "J_list": [2.77251935005188, 2.7710959911346436, 2.7713019847869873, 2.76995587348938, 2.7691707611083984, 2.767286777496338, 2.761918306350708, 2.76529860496521, 2.753037929534912, 2.753596305847168, 2.754603862762451, 2.7425589561462402, 2.7449889183044434, 2.7263987064361572, 2.7154154777526855], "time_taken": 55.33966636657715}