{"n_front_dense_FE": 1, "n_front_dense_PE": 1, "n_front_dense_RxDec": 2, "state_width": 8, "n_epochs": 15, "J_list": [2.7724661827087402, 2.7719321250915527, 2.7711341381073, 2.7710752487182617, 2.769155979156494, 2.7661690711975098, 2.7637248039245605, 2.759734869003296, 2.7590041160583496, 2.7593231201171875, 2.756528377532959, 2.7481472492218018, 2.7453954219818115, 2.7457382678985596, 2.7247045040130615], "time_taken": 61.23803997039795}