{"n_front_dense_FE": 2, "n_front_dense_PE": 1, "n_front_dense_RxDec": 2, "state_width": 8, "n_epochs": 15, "J_list": [2.7714152336120605, 2.771979570388794, 2.769575595855713, 2.766597032546997, 2.7679853439331055, 2.76198148727417, 2.766116142272949, 2.7612929344177246, 2.7495718002319336, 2.7486495971679688, 2.7383930683135986, 2.7351717948913574, 2.7211549282073975, 2.7100167274475098, 2.6946029663085938], "time_taken": 54.74024510383606}