{"n_front_dense_FE": 1, "n_front_dense_PE": 1, "n_front_dense_RxDec": 2, "state_width": 8, "n_epochs": 15, "J_list": [2.7730326652526855, 2.7717583179473877, 2.770920991897583, 2.769793748855591, 2.769713878631592, 2.7664177417755127, 2.76682448387146, 2.762784719467163, 2.76062273979187, 2.753142833709717, 2.751732349395752, 2.745620012283325, 2.7430386543273926, 2.730456590652466, 2.7315902709960938], "time_taken": 51.9164924621582}