{"n_front_dense_FE": 2, "n_front_dense_PE": 1, "n_front_dense_RxDec": 2, "state_width": 8, "n_epochs": 15, "J_list": [2.7722315788269043, 2.7730612754821777, 2.7718312740325928, 2.768728733062744, 2.7709801197052, 2.769338369369507, 2.766953229904175, 2.764561414718628, 2.764812707901001, 2.7572147846221924, 2.7558135986328125, 2.7508251667022705, 2.7490084171295166, 2.7402446269989014, 2.7319183349609375], "time_taken": 55.11970329284668}