{"n_front_dense_FE": 2, "n_front_dense_PE": 1, "n_front_dense_RxDec": 2, "state_width": 8, "n_epochs": 15, "J_list": [2.7726359367370605, 2.7712340354919434, 2.7703192234039307, 2.768207550048828, 2.7676734924316406, 2.7690956592559814, 2.7600696086883545, 2.7595677375793457, 2.7549922466278076, 2.7486443519592285, 2.7393321990966797, 2.7336647510528564, 2.7266483306884766, 2.7143702507019043, 2.6991031169891357], "time_taken": 55.44945406913757}