{"n_front_dense_FE": 1, "n_front_dense_PE": 1, "n_front_dense_RxDec": 2, "state_width": 8, "n_epochs": 15, "J_list": [2.7725296020507812, 2.772789716720581, 2.7730159759521484, 2.770925521850586, 2.768343925476074, 2.7678470611572266, 2.7661080360412598, 2.764491319656372, 2.762601375579834, 2.7614331245422363, 2.7582764625549316, 2.7543411254882812, 2.7523348331451416, 2.7527759075164795, 2.7424569129943848], "time_taken": 54.3938422203064}