{"n_front_dense_FE": 1, "n_front_dense_PE": 1, "n_front_dense_RxDec": 2, "state_width": 8, "n_epochs": 15, "J_list": [2.7723896503448486, 2.7719902992248535, 2.7690072059631348, 2.767819881439209, 2.770674228668213, 2.7664451599121094, 2.764716863632202, 2.76340389251709, 2.7607688903808594, 2.752737522125244, 2.7509942054748535, 2.7499327659606934, 2.7466888427734375, 2.732598066329956, 2.7303359508514404], "time_taken": 65.60899138450623}