{"n_front_dense_FE": 1, "n_front_dense_PE": 1, "n_front_dense_RxDec": 2, "state_width": 8, "n_epochs": 15, "J_list": [2.7733700275421143, 2.7710955142974854, 2.7707252502441406, 2.768761396408081, 2.765312910079956, 2.76550555229187, 2.763742446899414, 2.763449192047119, 2.758661985397339, 2.757874011993408, 2.753641366958618, 2.7498676776885986, 2.741971492767334, 2.7438583374023438, 2.737483024597168], "time_taken": 53.903239250183105}