{"n_front_dense_FE": 1, "n_front_dense_PE": 1, "n_front_dense_RxDec": 2, "state_width": 8, "n_epochs": 15, "J_list": [2.772888660430908, 2.7706546783447266, 2.769578456878662, 2.7698705196380615, 2.770500898361206, 2.7691338062286377, 2.766223907470703, 2.7628726959228516, 2.7627925872802734, 2.7562975883483887, 2.750629425048828, 2.75456166267395, 2.7446422576904297, 2.7460832595825195, 2.7322587966918945], "time_taken": 67.20376086235046}