{"n_front_dense_FE": 1, "n_front_dense_PE": 1, "n_front_dense_RxDec": 2, "state_width": 8, "n_epochs": 15, "J_list": [2.7725791931152344, 2.7729954719543457, 2.7700750827789307, 2.7697880268096924, 2.768357753753662, 2.7658121585845947, 2.7647368907928467, 2.7645301818847656, 2.760448455810547, 2.7570292949676514, 2.754612445831299, 2.75262713432312, 2.741206645965576, 2.7420907020568848, 2.7344961166381836], "time_taken": 71.21139359474182}