{"n_front_dense_FE": 1, "n_front_dense_PE": 1, "n_front_dense_RxDec": 2, "state_width": 8, "n_epochs": 15, "J_list": [2.7734010219573975, 2.7713704109191895, 2.7690024375915527, 2.7676119804382324, 2.7689383029937744, 2.766801357269287, 2.769001007080078, 2.764291286468506, 2.7584335803985596, 2.7564902305603027, 2.7553391456604004, 2.75292706489563, 2.7415504455566406, 2.742637872695923, 2.726975917816162], "time_taken": 68.39765334129333}