{"n_front_dense_FE": 2, "n_front_dense_PE": 2, "n_front_dense_RxDec": 2, "state_width": 0, "n_epochs": 100, "n_additional_epochs": 10, "CFO_coef": 0, "SNR": 4, "J_list": [2.769482135772705, 2.7861695289611816, 2.789433240890503, 2.785008668899536, 2.7760844230651855, 2.7906198501586914, 2.7801928520202637, 2.7851462364196777, 2.778341054916382, 2.785074234008789, 2.7917544841766357, 2.786057949066162, 2.7810893058776855, 2.7858033180236816, 2.779352903366089, 2.7827274799346924, 2.7890028953552246, 2.7786917686462402, 2.781573534011841, 2.7846107482910156, 2.7848551273345947, 2.783708095550537, 2.779139280319214, 2.7763209342956543, 2.7828917503356934, 2.783202648162842, 2.781764268875122, 2.7875289916992188, 2.77820086479187, 2.778581142425537, 2.7877118587493896, 2.7796261310577393, 2.7792773246765137, 2.786742687225342, 2.7799696922302246, 2.791321039199829, 2.77795672416687, 2.781494617462158, 2.766101360321045, 2.786682605743408, 2.789905309677124, 2.7799689769744873, 2.781377077102661, 2.7752914428710938, 2.778745651245117, 2.7835004329681396, 2.785738945007324, 2.791393518447876, 2.785902500152588, 2.780165433883667, 2.788686752319336, 2.7824814319610596, 2.7850940227508545, 2.784682273864746, 2.7893588542938232, 2.7745213508605957, 2.789311170578003, 2.7732887268066406, 2.789031982421875, 2.7702457904815674, 2.79718279838562, 2.7824904918670654, 2.7872891426086426, 2.7859981060028076, 2.7762038707733154, 2.7752768993377686, 2.776240825653076, 2.7842745780944824, 2.7896294593811035, 2.7773146629333496, 2.782376289367676, 2.7847812175750732, 2.779564619064331, 2.776684522628784, 2.7906174659729004, 2.775031328201294, 2.7812399864196777, 2.7826876640319824, 2.787903308868408, 2.7846157550811768, 2.7816882133483887, 2.784203290939331, 2.7819128036499023, 2.776550054550171, 2.7723989486694336, 2.7826907634735107, 2.7809548377990723, 2.7914016246795654, 2.771672487258911, 2.7846903800964355, 2.787837266921997, 2.7699637413024902, 2.7740726470947266, 2.7890982627868652, 2.7818193435668945, 2.7729735374450684, 2.784796714782715, 2.776822328567505, 2.784390687942505, 2.783005714416504, 2.7865352630615234, 2.7816357612609863, 2.7763354778289795, 2.77899432182312, 2.774522304534912, 2.7786102294921875, 2.778776168823242, 2.7748465538024902, 2.7741904258728027, 2.769824266433716], "time_taken": 786.5239908695221, "bit_accuracy": 0.05437499999999999}