{"n_front_dense_FE": 2, "n_front_dense_PE": 2, "n_front_dense_RxDec": 2, "state_width": 0, "n_epochs": 100, "n_additional_epochs": 10, "CFO_coef": 0, "SNR": 6, "J_list": [2.772247076034546, 2.7818758487701416, 2.7924888134002686, 2.786888599395752, 2.7817585468292236, 2.77868914604187, 2.779514789581299, 2.7809243202209473, 2.784116744995117, 2.7744083404541016, 2.7773375511169434, 2.7877144813537598, 2.788125514984131, 2.7839553356170654, 2.7784838676452637, 2.7882094383239746, 2.783552408218384, 2.782188892364502, 2.791386842727661, 2.7817885875701904, 2.7821075916290283, 2.7845964431762695, 2.7755343914031982, 2.7857158184051514, 2.7824459075927734, 2.78816556930542, 2.77644419670105, 2.7906789779663086, 2.7888948917388916, 2.7808480262756348, 2.7681000232696533, 2.791929244995117, 2.7766001224517822, 2.7894790172576904, 2.764624834060669, 2.787921905517578, 2.7875750064849854, 2.7733216285705566, 2.7930233478546143, 2.7743189334869385, 2.7781364917755127, 2.784350872039795, 2.7893834114074707, 2.7894091606140137, 2.7772440910339355, 2.7816269397735596, 2.784161329269409, 2.7847518920898438, 2.7797226905822754, 2.7821125984191895, 2.7820985317230225, 2.778104782104492, 2.7884063720703125, 2.784571647644043, 2.782015323638916, 2.7721962928771973, 2.7869110107421875, 2.7773189544677734, 2.781294822692871, 2.7798898220062256, 2.783798933029175, 2.763930559158325, 2.7775321006774902, 2.777783155441284, 2.7885820865631104, 2.7796027660369873, 2.785994529724121, 2.783144235610962, 2.7757627964019775, 2.781503677368164, 2.782595157623291, 2.7806758880615234, 2.7940704822540283, 2.7879676818847656, 2.783210039138794, 2.782163619995117, 2.776817798614502, 2.7892966270446777, 2.7832419872283936, 2.7853713035583496, 2.784005641937256, 2.7794861793518066, 2.788388729095459, 2.785851001739502, 2.7808194160461426, 2.790003538131714, 2.777900218963623, 2.77778959274292, 2.777371883392334, 2.7794151306152344, 2.7871596813201904, 2.7841646671295166, 2.783439874649048, 2.7860841751098633, 2.7828707695007324, 2.780635118484497, 2.7781546115875244, 2.7837820053100586, 2.7857236862182617, 2.7840449810028076, 2.7744598388671875, 2.786038398742676, 2.777951717376709, 2.7760884761810303, 2.7851128578186035, 2.7847371101379395, 2.781705617904663, 2.7756876945495605, 2.7667551040649414, 2.777820110321045], "time_taken": 690.1408507823944, "bit_accuracy": 0.06375}