{"n_front_dense_FE": 2, "n_front_dense_PE": 2, "n_front_dense_RxDec": 2, "state_width": 16, "n_epochs": 100, "n_additional_epochs": 40, "CFO_coef": 1, "SNR": 3, "J_list": [2.77250599861145, 2.7728824615478516, 2.770454168319702, 2.7707316875457764, 2.7732958793640137, 2.772581100463867, 2.7759928703308105, 2.7686192989349365, 2.775303602218628, 2.7752766609191895, 2.7712574005126953, 2.7744765281677246, 2.7730679512023926, 2.772529125213623, 2.7728443145751953, 2.770887851715088, 2.769963502883911, 2.768542528152466, 2.7700212001800537, 2.7664923667907715, 2.771324634552002, 2.7657742500305176, 2.770684003829956, 2.764547348022461, 2.764772891998291, 2.7582156658172607, 2.763390064239502, 2.7658982276916504, 2.7615184783935547, 2.7477736473083496, 2.741654634475708, 2.7547543048858643, 2.742767333984375, 2.7302088737487793, 2.7524161338806152, 2.744426727294922, 2.736917018890381, 2.7249484062194824, 2.7335894107818604, 2.7037155628204346, 2.701338291168213, 2.667325973510742, 2.657741069793701, 2.6715850830078125, 2.6425395011901855, 2.669081449508667, 2.632728099822998, 2.5996487140655518, 2.6776175498962402, 2.6807122230529785, 2.5482356548309326, 2.489034652709961, 2.494542360305786, 2.6413352489471436, 2.5298099517822266, 2.5998129844665527, 2.4034295082092285, 2.4105756282806396, 2.4492459297180176, 2.3937716484069824, 2.3847763538360596, 2.358376979827881, 2.311544418334961, 2.3523082733154297, 2.349372625350952, 2.3927009105682373, 2.5149917602539062, 2.2736825942993164, 2.1543326377868652, 2.257521390914917, 2.4287710189819336, 2.1639463901519775, 2.293116807937622, 2.3349525928497314, 2.4293181896209717, 2.2560946941375732, 2.1532018184661865, 2.418856143951416, 2.1307859420776367, 2.338463306427002, 2.1406381130218506, 2.164869785308838, 2.2347254753112793, 2.187253952026367, 2.1953494548797607, 2.1672065258026123, 2.2142727375030518, 2.1493849754333496, 2.1019389629364014, 1.9172439575195312, 1.9713268280029297, 2.3443422317504883, 2.3623321056365967, 1.9147087335586548, 1.964751958847046, 2.2349841594696045, 1.8611955642700195, 2.0751283168792725, 1.9593309164047241, 2.055044651031494, 1.8877105712890625, 2.0914433002471924, 1.969800591468811, 1.8355156183242798, 1.8117954730987549, 1.817779541015625, 2.045318126678467, 1.728445053100586, 1.870139718055725, 1.6708968877792358, 1.9110218286514282, 1.810451865196228, 2.078490734100342, 1.9072301387786865, 1.7060444355010986, 1.7865873575210571, 1.8578993082046509, 1.7245895862579346, 1.8826777935028076, 1.7184406518936157], "time_taken": 718.8263642787933, "bit_accuracy": 0.36375}